史记次序,史記侯第,漢書次序,漢書位次,封國,謚號,姓名,總表號,受封年,去世年,封戶,歷世,二世,末世,爵除年,史記侯功,漢書始封文本,漢書侯狀戶數文本,備注
1,2,1,2,平陽,懿侯,曹參,1256,-201,-190,10600,11,曹窋,曹曠,,以中涓从起沛，至霸上，侯。以将军入汉，以左丞相出征齐、魏，以右丞相为平阳侯，万六百户。,六年十二月甲申封，十二年薨。,以中涓从起沛，至霸上，侯。以将军入汉，以假左丞相定魏、齐，以右丞相，侯，万六百户。,11世截止到東漢班固時，未除爵
2,11,2,11,信武,肅侯,靳歙,,-201,-183,5300,2,靳亭,靳亭,-161,以中涓从起宛、朐，入汉，以骑都尉定三秦，击项羽，别定江陵，侯，五千三百户。以车骑将军攻黥布、陈豨。,十二月甲申封，九年薨。,以中涓从起宛朐，入汉，以骑都尉定三秦，击项籍，别定江汉，侯，五千三百户。以将军攻豨、布。,
3,14,4,14,清陽,定侯,王吸,1619,-201,-179,3100,4,王疆,王不害,-133,以中涓从起丰，至霸上，为骑郎将，入汉，以将军击项羽功，侯，三千一百户。,十二月甲申封，二十三年薨。,以中涓从起丰，至霸上，为骑郎将，入汉，以将军击项籍，侯，二千二百户。,漢書封國做清河，2200戶
4,8,3,8,汝陰,文侯,夏侯嬰,1604,-201,-172,6900,4,夏侯竈,夏侯頗,-115,以令史从降沛，为太仆，常奉车，为滕公，竟定天下，入汉中，全孝惠、鲁元，侯，六千九百户。常为太仆。,十二月甲申封，三十年薨。,以令史从降沛，为太仆，常奉车，竟定天下，及全皇太子、鲁元公主，侯，六千九百户。,
5,10,5,10,陽陵,景侯,傅寬,,-201,-190,2600,4,傅清,傅偃,-122,以舍人从起横阳，至霸上，为骑将，入汉，定三秦，属淮阴，定齐，为齐丞相，侯，二千六百户。,十二月甲申封，十二年薨。,以舍人从起横阳，至霸上，为骑将，入汉，定三秦，属淮阴，定齐，为齐丞相，侯，二千六百户。,
6,28,6,28,廣嚴,壯侯,召歐,,-201,-179,2200,3,召勝,召嘉,-156,以中涓从起沛，至霸上，为连敖，入汉，以骑将定燕、赵，得将军，侯，二千二百户。,十二月甲申封，二十三年薨。,以中涓从起沛，至霸上，为连敖，入汉，以骑将定燕、赵，得燕将军，侯，二千二百户。,
7,15,7,15,廣平,敬侯,薛歐,1618,-201,-188,4500,4,薛山,薛穰,-122,以舍人从起丰，至霸上，为郎中，入汉，以将军击项羽、钟离昩功，侯，四千五百户。,十二月甲申封，十四年薨。,以舍人从起丰，至霸上，为郎，入汉，以将军击项籍将钟离眛，侯，四千五百户。,另3世封平棘侯
8,19,8,19,博陽,壯侯,陳濞,2449,-201,-172,,2,陳始,陳始,-143,以舍人从起碭，以刺客将，入汉，以都尉击项羽荥阳，绝甬道，击杀卒，追功，侯。,十二月甲申封，三十年薨。,以舍人从碭，以刺客将入汉，以都尉击项羽荥阳，绝甬道，杀追士卒，侯。,漢書做嚴侯；另2世封塞侯
9,47,10,47,曲逆,獻侯,陳平,1626,-201,-178,5000,4,陳買,陳何,-130,以故楚都尉，汉王二年初从修武，为都尉，迁为护军中尉；出六奇计，定天下，侯，五千户。,十二月甲申封，二十四年薨。,以故楚都尉，汉王二年初起修武，为都尉，以护军中尉出奇计，定天下，侯，五千户。,
10,86,9,86,堂邑,安侯,陳嬰,1431,-201,-184,1800,4,陳祿,陳季須,-116,以自定东阳为将，属项梁，为楚柱国。四岁，项羽死，属汉，定豫章、折江，都折江自立为王。壮思，侯，千八百户。复相楚元王十一年。,十二月甲申封，十八年薨。,以自定东阳为将，属楚项梁，为楚柱国。四岁，项羽死，属汉，定豫章、浙江，都渐，定自为王壮息，侯，六百户。复相楚元王十二年。,食邑作楚元王丞相後增至1800；另4世陳蟜封隆慮侯
11,,,,周呂,令武侯,呂澤,1633,-201,,,2,呂臺,呂臺,,以吕后兄初起，以客从，入汉为侯。还定三秦，将兵先入碭。汉王之解彭城，往从之，复发兵佐高祖定天下，功侯。,,,呂后父；六年正月丙戌，令武侯吕泽元年；2世改封酈侯
12,,,,建成,康侯,呂釋之,2230,-201,,,2,呂則,呂則,,以吕后兄初起以客从，击三秦。汉王入汉，而释之还丰沛，奉卫吕宣王、太上皇。天下已平，封释之为建成侯。,,,六年正月丙戌，康侯释之元年；3世改封胡陵侯
13,62,11,62,留,文成侯,張良,1216,-201,-186,10000,2,張不疑,張不疑,-175,以厩将从起下邳，以韩申徒下韩国，言上张旗志，秦王恐，降，解上与项羽之郄，为汉王请汉中地，常计谋，平天下，侯，万户。,正月丙午封，十六年薨。,以厩将从起下邳，以韩申都下韩，入武关，设策降秦王婴，解上与项羽隟，请汉中地，常为计谋，侯，万户。,
14,,12,,射陽,,劉纏,1602,-201,-192,,1,,劉纏,-192,兵初起，与诸侯共击秦，为楚左令尹，汉王与项羽有郄于鸿门，项伯缠解难，以破羽缠尝有功，封射阳侯。,正月丙午封，九年，孝惠三年薨。嗣子睢有罪，不得代。,兵初起，与诸侯共击秦，为楚左令尹。汉王与项有隙于鸿门，缠解难，以破羽降汉，侯。,即項伯
15,1,13,1,酇,文終侯,蕭何,1255,-201,-193,8000,14,蕭祿,蕭禹,9,以客初起从入汉，为丞相，备守蜀及关中，给军食，佐上定诸侯，为法令，立宗庙，侯，八千户。,正月丙午封，九年薨。,以客初从入汉，为丞相，守蜀及关中，给军食，佐定诸侯，为法令宗庙，侯，八千户。,蕭延封築陽侯，蕭則封武陽侯
16,6,16,6,曲周,景侯,酈商,1463,-201,-180,4800,2,酈寄,酈寄,-148,以将军从起岐，攻长社以南，别定汉中及蜀，定三秦，击项羽，侯，四千八百户。,正月丙午封，二十二年薨。,以将军从起岐，攻长社以南，别定汉及蜀，定三秦，击项籍，侯，四千八百户。,另2世封繆侯
17,4,14,4,絳,武侯,周勃,1610,-201,-169,8100,2,周勝,周勝,-112,以中涓从起沛，至霸上，为侯。定三秦，食邑，为将军。入汉，定陇西，击项羽，守峣关，定泗水、东海。八千一百户。,正月丙午封，三十三年薨。,以中涓从起沛，至霸上，侯。定三秦，食邑，为将军，入汉，定陇西，击项籍，守峣关，定泗水、东海，侯，八千一百户。,另2世封條侯，另2世封平曲侯
18,5,15,5,舞陽,武侯,樊噲,1257,-201,-189,5000,4,樊伉,樊它廣,-144,以舍人起沛，从至霸上，为侯。入汉，定三秦，为将军，击项籍，再益封。从破燕，执韩信，侯，五千户。,正月丙午封，十三年薨。,以舍人起沛，从至霸上，为侯。以郎入汉，定三秦，为将军，击项籍，再益封。从破燕，执韩信，侯，五千户。,
19,9,17,9,穎陰,懿侯,灌嬰,1611,-201,-176,5000,3,灌何,灌彊,-135,以中涓从起碭，至霸上，为昌文君。入汉，定三秦，食邑。以车骑将军属淮阴，定济、淮南及下邑，杀项籍，侯，五千户。,正月丙午封，二十六年薨。,以中涓从起碭，至霸上，为昌文君，入汉，定三秦，食邑。以将军属韩信，定齐、淮南及八邑，杀项籍，侯，五千户。,另3世封臨汝侯
20,16,18,16,汾陰,悼侯,周昌,1828,-201,-192,2800,3,周開方,周意,-162,初起以职志击破秦，入汉，出关，以内史坚守敖仓，以御史大夫定诸侯，比清阳侯，二千八百户。,正月丙午封，十年薨。,初起，以职志击秦，入汉，出关，以内史坚守敖仓，以御史大夫侯，比清阳侯。,另3世封安陽侯
21,20,19,20,梁鄒,孝侯,武儒,,-201,-191,2800,4,武最,武山柎,-112,兵初起，以谒者从击破秦，入汉，以将军击定诸侯功，比博阳侯，二千八百户。,正月丙午封，十一年薨。,兵初起，以谒者从击破秦，入汉，定三秦，出关，以将军击定诸侯，比博阳侯，二千八百户。,漢書做武虎
22,25,20,25,成,敬侯,董渫,,-201,-195,2800,4,董赤,董朝,-120,兵初起，以舍人从击秦，为都尉；入汉，定三秦。出关，以将军定诸侯功，比厌次侯，二千八百户。,正月丙午封，七年薨。,初起以舍人从击秦，为都尉，入汉，定三秦，出关，以将军定诸侯，比厌次侯，二千八百户。,改封節氏
23,30,21,30,蓼,夷侯,孔藂,,-201,-172,,2,孔臧,孔臧,-126,以执盾前元年从起碭，以左司马入汉，为将军，三以都尉击项羽，属韩信，功侯。,正月丙午封，三十年薨。,以执盾前元年从起碭，以左司马入汉，为将军，三以都尉击项籍，属韩信，侯。,漢書做孔聚
24,,22,31,費,圉侯,陳賀,,-201,-180,,3,陳常,陳偃,-147,以舍人前元年从起碭，以左司马入汉，用都尉属韩信，击项羽有功，为将军，定会稽、浙江、湖阳，侯。,正月丙午封，二十二年薨。,以舍人前元年从起碭，以左司马入汉，用都尉属韩信，击项籍，为将军，定会稽、浙江、湖陵，侯。,另2世封巢侯
25,,23,,陽夏,,陳豨,2207,-201,-192,,1,,陳豨,-192,以特将将卒五百人，前元年从起宛、朐，至霸上，为侯，以游击将军别定代，已破臧荼，封豨为阳夏侯。,正月丙午封，十年，以赵相国反，自为王，十二年，诛。,以特将将卒五百人前元年从起宛朐，至霸上，为游击将军，别定代，破臧荼，侯。,
26,34,24,34,隆慮,哀侯,周竈,2422,-201,-163,,2,周通,周通,-149,以卒从起碭，以连敖入汉，以长铍都尉击项羽，有功，侯。,正月丁未封，三十九年薨。,以卒从起碭，以连敖入汉，以长鉟都尉击项籍，侯。,漢書做克侯
27,17,25,17,陽都,敬侯,丁復,,-201,-182,7800,3,丁甯,丁安城,-155,以赵将从起邺，至霸上，为楼烦将，入汉，定三秦，别降翟王，属悼武王，杀龙且彭城，为大司马；破羽军叶，拜为将军，忠臣，侯，七千八百户。,正月戊申封，十九年薨。,以越将从起薛，至霸上，以楼烦将入汉，定三秦，属周吕侯，破龙且彭城，为大司马，破项籍叶，为将军，忠臣，侯，七千八百户。,
28,81,26,87,新陽,胡侯,呂青,1450,-201,-192,1000,6,呂臣,呂談,-112,以汉五年用左令尹初从，功比堂邑侯，千户。,正月壬子封，十年薨。,以汉五年用令尹初从，功比堂邑侯，千户。,漢書封國做陽信，史記做呂清；幫陳勝復國的呂臣他爸
29,41,27,41,東武,貞侯,郭蒙,2210,-201,-183,2000,2,郭它,郭它,-151,以户卫起薛，属悼武王，破秦军槓里，杨熊军曲遇，入汉，为越将军，定三秦，以都尉坚守敖仓，为将军，破籍军，功侯，二千户。,正月戊午封，十九年薨。,以户卫起薛，属周吕侯，破秦军杠里，陷杨熊军曲遇，入汉，为城将，定三秦，以都尉坚守敖仓，为将军破项籍，侯，三千户。,漢書做3000戶
30,57,28,57,什方,肅侯,雍齒,1402,-201,-192,2500,4,雍鉅鹿,雍桓,-112,以赵将前三年从定诸侯，侯，二千五百户，功比平定侯。齿故沛豪，有力，与上有郤，故晚从。,三月戊子封，九年薨。,以赵将前三年从定诸侯，二千五百户，功比平定侯。齿故沛豪，有力，与上有隙，故晚从。,漢書做汁防侯，史記做汁方侯
31,13,29,13,棘蒲,剛侯,陳武,1453,-201,-163,,1,,陳武,-163,以将军前元年率将二千五百人起薛，别救东阿，至霸上，二岁十月入汉，击齐历下军田旣，功侯。,三月丙申封，三十八年，孝文后元年薨。子奇反，诛，不代。,以将军前元年将卒二千五百人起薛，别救东阿，至霸上，二岁十月入汉，击齐历下军临菑侯。,通稱柴武
32,23,30,23,都昌,莊侯,朱軫,,-201,-188,,5,朱率,朱辟彊,-149,以舍人前元年从起沛，以骑队率先降翟王，虏章邯，功侯。,三月庚子封，十四年薨。,以舍人前元年从起沛，以队帅先降翟王，虏章邯，侯。,漢書避諱做嚴侯
33,33,31,33,武彊,莊侯,莊不識,,-201,-182,,3,莊嬰,莊青翟,-115,以舍人从至霸上，以骑将入汉。还击项羽，属丞相宁，功侯，用将军击黥布，侯。,三月庚子封，二十年薨。,以舍人从起沛，至霸上，以骑将入汉，还击项籍，属丞相宁，功侯。用将军击黥布，侯。,漢書避諱做嚴侯嚴不識
34,36,32,36,貰,齊侯,呂,,-201,-200,1600,5,方山,倩,-116,以越户将从破秦，入汉，定三秦，以都尉击项羽，千六百户，功比台侯。,三月庚子封，二年薨。,以越户将从破秦，入汉，定三秦，以都尉击项籍，侯，六百户，功比台侯。,漢書做齊合侯傅胡害，600戶，末世名猜
35,37,33,37,海陽,齊信侯,搖毋餘,,-201,-193,1800,4,搖昭襄,搖省,-143,以越队将从破秦，入汉定三秦，以都尉击頨羽，侯，千八百户。,三月庚子封，九月薨。,以越队将从破秦，入汉，定三秦，以都尉击项籍，侯，千七百户。,漢書做搖母餘，1700戶
36,63,34,63,南安,莊侯,宣虎,,-201,-172,900,3,宣戎,宣千秋,-149,以河南将军汉王三年降晋阳，以亚将破臧荼，侯，九百户。,三月庚子封，三十年薨。,以河南将军汉王三年降晋阳，以重将破臧荼，侯，九百户。,漢書避諱做嚴侯
37,66,35,66,肥如,敬侯,蔡寅,,-201,-178,1000,3,蔡戎,蔡奴,-156,以魏太仆三年初从，以车骑都尉破龙且及彭城，侯，千户。,三月庚子封，二十四年薨。,以魏太仆汉王三年初从，以车骑将军破龙且及彭城，侯，千户。,
38,18,36,18,曲成,圉侯,蟲達,,-201,-180,4000,3,蟲捷,蟲皇柔,-115,以曲城户将卒三十七人初从起碭，至霸上，为执珪，为二队将，属悼武王，入汉，定三秦，以都尉破项羽军陈下，功侯，四千户。为将军，击燕、代，拔之。,三月庚子封，二十二年薨。,以西城户将三十七人从起碭，至霸上，为执金吾，五年，为二队将，属周吕侯，入汉，定三秦，以都尉破项籍陈下，侯，四千户。以将军击燕、代。,史記做蠱逢；2世兩度免復封
39,29,37,29,河陽,莊侯,陳涓,,-201,-180,,2,陳信,陳信,-176,以卒前元年起碭从，以二队将入汉，击项羽，身得郎将处，功侯。以丞相定齐地。,三月庚子封，二十二年薨。,以卒前元年起碭从，以二队将入汉，击项籍，得梁郎将处，侯。以丞相定齐。,漢書避諱做嚴侯
40,,38,,淮陰,,韓信,1615,-201,-196,,1,,韓信,-194,兵初起，以卒从项梁，梁死属项羽为郎中，至咸阳，亡从入汉，为连敖典客，萧何言为大将军，别定魏、齐，为王，徙楚，坐擅发兵，废为淮阴侯。,六年封，五年，十一年，坐谋反诛。,初以卒从项梁，梁死，属项羽为郎中，至咸阳，亡从入汉，为连敖票客。萧何言信为大将军，别定魏、赵，为齐王，徙楚，擅发兵，废为侯。,
41,,39,,芒,,耏昭,,-201,-199,,1,,耏昭,-199,以门尉前元年初起碭，至霸上，为武定君，入汉，还定三秦，以都尉击项羽，侯。,六年封，三年薨，亡后。,以门尉前元年初起碭，至霸上，为定武君，入汉，还定三秦，为都尉击项羽，功侯。,漢書做耏跖，史記無姓；另2世封張侯
42,55,40,55,故市,,閻澤赤,,-201,-199,1000,4,閻無害,閻谷,-112,以执盾初起，入汉，为河上守，迁为假相，击项羽，侯，千户，功比平定侯。,四月癸未封，三年薨。,以执盾初起从入汉，为河上守，迁为殷相，击项籍，侯，千户，功比平定侯。,漢書做敬市侯
43,26,41,39,柳丘,齊侯,戎賜,,-201,-184,1000,4,戎安國,戎角,0,以连敖从起薛，以二队将入汉，定三秦，以都尉破项籍军，为将军。侯，千户。,六月丁亥封，十八年薨。,以连敖从起薛，以三队将入汉，定三秦，以都尉破项籍军，为将军，侯，八千户。,漢書做8000戶
44,44,42,44,魏其,莊侯,周定,,-201,-184,1000,2,周簡,周簡,-154,以舍人从沛，以郎中入汉，为周信侯，定三秦，迁为郎中骑将，破籍东城，侯，千户。,六月丁亥封，十八年薨。,以舍人从起沛，以郎中入汉，为周信侯，定三秦，以为骑郎将，破项籍东城，侯，千户。,漢書做嚴侯周止
45,51,43,51,祁,谷侯,繒賀,2605,-201,-169,1400,3,繒胡,繒它,-133,以执盾汉王三年初起从晋阳，以连敖击项籍，汉王败走，贺方将军击楚，追骑以故不得进。汉王顾谓贺：“子留彭城，用执圭东击羽，急绝其近壁。”侯，千四百户。,六月丁亥封，三十三年薨。,以执盾汉王三年初起从晋阳，以连敖击项籍。汉王败走，贺击楚迫骑，以故不得进。汉王顾谓贺祈王。战彭城，斩项籍，争恶，绝延璧，侯，千四户。,
46,32,44,32,平,悼侯,沛嘉,,-201,-196,1300,3,沛奴,沛執,-145,兵初起，以舍人从击秦，以郎中入汉，以将军定诸侯，守洛阳，功侯，比费侯贺，千三百户。,六月丁亥封，六年薨。,初以舍人从击破秦，以郎中入汉，以将军定诸侯，守雒阳，侯，比费侯贺，千三百户。,漢書做工師喜，姓工
47,7,45,7,魯,,奚涓,,-201,0,4800,1,,母侯疵,-183,以舍人从起沛，至咸阳为郎中，入汉，以将军从定诸侯，侯，四千八百户，功比舞阳侯。死事，母代侯。,六年，侯涓亡子，封母底为侯，十九年薨。,以舍人从起沛，至咸阳为郎，入汉，以将军定诸侯，四千八百户，功比舞阳侯，死军事。,漢書做母底，改封重平侯
48,26,46,26,故城,莊侯,尹恢,,-201,-193,2000,2,尹開方,尹開方,-185,兵初起，以谒者从，入汉，以将军击诸侯，以右丞相备守淮阳功，比厌次侯，二千户。,六年封，九年薨。,初以谒者从入汉，以将军击定诸侯，以右丞相备守淮阳，功比厌次侯，二千户。,漢書做城父嚴侯
49,,47,,任,,張越,,-201,-185,750,1,,張越,-185,以骑都尉汉五年从起东垣，击燕、代，属雍齿，有功，侯。为车骑将军。,六年封，十六年，高后三年，坐匿死罪，免。户七百五十。,以骑都尉汉五年从起东垣，击燕、代，属雍齿，有功，为车骑将军。,
50,,48,,棘丘,,襄,,-201,-187,970,1,,襄,-187,以执盾队史前元年从起碭，破秦，以治粟内史入汉，以上郡守击定西魏地，功侯。,六年封，十四年，高后元年，有罪，免。户九百七十。,以执盾队史前元年从起碭，破秦，治粟内史入汉，以上郡守击定西魏地，功侯。,
51,27,49,27,阿陵,頃侯,郭亭,,-201,-178,,3,郭歐,郭客,-147,以连敖前元年从起单父，以塞疏入汉。,七月庚寅封，二十四年薨。,以连敖前元年从起单父，以塞路入汉，还定三秦，属周吕侯，以都尉击项籍，功侯。,漢書封國做河陵；另3世封南侯
52,45,50,45,昌武,靖信侯,單甯,,-201,-189,980,4,單如意,單德,-126,初起以舍人从，以郎中入汉，定三秦，以郎中将击诸侯，侯，九百八十户，比魏其侯。,七月庚寅封，十三年薨。,初以舍人从，以郎入汉，定三秦，以郎骑将军击诸侯，侯，九百户，功比魏其侯。,漢書做單究，900戶
53,40,51,41,高苑,制侯,丙倩,,-201,-195,1600,4,丙得,丙信,-137,初起以舍人从，入汉，定三秦，以中尉破籍，侯，千六百户，比斥丘侯。,七月戊戌封，七年薨。,初以客从入汉，定三秦，以中尉破项籍，侯，千六百五户，比斥丘侯。,漢書做丙猜，1650戶
54,43,52,43,宣曲,齊侯,丁義,,-201,-170,670,1,,丁義,-170,以卒从起留，以骑将入汉，定三秦，破籍军荥阳，为郎骑将，破钟离昧军固陵，侯，六百七十户。,七月戊戌封，三十二年薨。,以卒从起留，以骑将入汉，定三秦，破籍军荥阳，为郎骑将，破钟离眛军固陵，侯，六百七十户。,另2世封發婁侯
55,46,53,46,絳陽,齊侯,華無害,,-201,-177,740,3,華勃,華祿,-153,以越将从起留，入汉，定三秦，击臧荼，侯，七百四十户。从攻马邑及布。,七月戊戌封，三十五年薨。,以越将从起留，入汉，定三秦，击臧荼，侯，七百四十户。从攻马邑及布。,漢書封國做終陵
56,48,54,48,東茅,敬侯,劉釗,,-201,-178,1000,2,劉告,劉告,-164,以舍人从起碭，至霸上，以二队入汉，定三秦，以都尉击项羽，破臧荼，侯。捕韩信，为将军，益邑千户。,八年丙辰封，二十四年薨。,以舍人从起碭，至霸上，以二队入汉，定三秦，以都尉击项籍，破臧荼，侯，捕韩王信，为将军。益邑千户。,漢書做劉到
57,40,55,40,斥丘,懿侯,唐厲,,-201,-172,1000,4,唐朝,唐尊,-113,以舍人从起丰，以左司马入汉，以亚将攻籍，剋敌，为东郡都尉，击破籍武城，侯，为汉中尉，击布，为斥丘侯。千户。,八月丙辰封，二十年薨。,以舍人初从起丰，以左司马入汉，以亚将攻籍，却敌，为东部都尉，破籍，侯成武，为汉中尉，击布，为斥丘侯，千户。,
58,35,56,35,臺,定侯,戴野,,-201,-177,,2,戴午,戴午,-154,以舍人从起碭，用队率入汉，以都尉击籍，籍死，转击临江，属将军贾，功侯。以将军击燕。,八月甲子封，二十五年薨。,以舍人从起碭，用队率入汉，以都尉击籍，籍死，击临江，属将军贾，功侯。以将军击燕、代。,
59,12,57,12,安國,武侯,王陵,1469,-201,-180,5000,5,王忌,王定,-112,以客从起丰，以厩将别定东郡、南阳，从至霸上。入汉，守丰。上东，因从战不利，奉孝惠、鲁元出睢水中，及坚守丰，封雍侯，五千户。,八月甲子封，二十一年薨。,以自聚党定南阳，汉王还击项籍，以兵属，从定天下，侯，五千户。,
60,42,58,42,樂成,節侯,丁禮,,-201,-176,1000,4,丁馬從,丁義,-113,以中涓骑从起碭中，为骑将，入汉，定三秦，侯。以都尉击籍，属灌婴，杀龙且，更为乐成侯，千户。,八月甲子封，二十六年薨。,以中涓骑从起碭，为骑将入汉，定三秦，为正奉侯，以都尉击籍，属灌婴，杀龙且，更为乐成侯，千户。,
61,59,59,59,辟陽,幽侯,審食其,1632,-201,-177,,2,審平,審平,-155,以舍人初起，侍吕后、孝惠沛三岁十月，吕后入楚，食其从一岁，侯。,八月甲子封，二十五年，为淮南王长所杀。,以舍人初起，侍吕后、孝惠。二岁十月，吕后入楚，食其侍从一岁，侯。,
62,61,61,61,安平,敬侯,鄂千秋,2029,-201,-190,2000,5,鄂嘉,鄂但,-122,以谒者汉王三年初从，定诸侯，有功秩，举萧何，功侯，二千户。,八月甲子封，十二年薨。,以谒者汉王三年初从，定诸侯，有功秩，举萧何功，因故侯，二千户。,漢書做鄂秋，史記做諤千秋
63,21,60,22,蒯成,尊侯,周緤,,-201,-175,3300,2,周昌,周昌,0,以舍人从起沛，至霸上，侯。入汉，定三秦，食邑池阳。击项羽军荥阳，绝甬道，从出，度平阴，遇淮阴侯军襄国。楚汉约分鸿沟，以緤为信，战不利，不敢离上，侯，三千三百户。,八月甲子封，二十七年薨。 ,以舍人从起沛，至霸上，入汉，定三秦，食邑池阳，击项籍荥阳，绝甬道，从度平阴，遇韩信军襄国。楚、汉分鸿沟，以緤为信，战不利，不敢离上，侯，二千二百户。,漢書做制侯，2200戶；另2世封鄲侯；周昌非期期艾艾者
64,65,62,65,北平,文侯,張蒼,2245,-201,-152,1300,3,張奉,張類,-136,以客从起阳武，至霸上，为常山守，得陈余，为代相，徙赵相，侯。为计相四岁，淮南相十四岁。千三百户。,八月丁丑封，五十年薨。,以客从起武阳，至霸上，为常山守，得陈余，为代相，徙赵相，以代相侯，为计相四岁，淮南相十四岁。千二百户。,漢書做1200戶，史記做張倉
65,82,63,82,高胡,,陳夫乞,,-201,-177,1000,2,陳程,陳程,0,以卒从起槓里，入汉，以都尉击籍，以都尉定燕，侯，千户。,六年封，二十五年薨。,以卒从起杠里，入汉，以都尉击籍，将军定燕，千户。,
66,24,64,24,厭次,,元頃,,-201,-180,,2,元賀,元賀,-174,以慎将前元年从起留，入汉，以都尉守广武，功侯。,六年封，二十二年薨。,以慎将元年从起留，入汉，以都尉守广武，功侯。,漢書做爰類，姓爰
67,121,65,121,平皋,煬侯,劉它,1439,-201,-191,580,4,劉遠,劉勝,-112,项它，汉六年以碭郡长初从，赐姓为刘氏；功比戴侯彭祖，五百八十户。,七年十月癸亥封，十年薨。,汉六年以碭郡长初从，功比轪侯，侯，五百八十户。实项氏，赐姓。,即項它
68,49,66,49,復陽,剛侯,陳胥,,-201,-170,1000,4,陳嘉,陳彊,-121,以卒从起薛，以将军入汉，以右司马击项籍，侯，千户。,七年十月甲子封，三十一年薨。,以卒从起薛，以将军入汉，以右司马击项籍，侯，千户。,
69,83,66,83,陽河,齊哀侯,,,-201,-198,500,3,安國,午,-114,以中谒者从入汉，以郎中骑从定诸侯，侯五百户，功比高胡侯。,十一月甲子封，三年薨。,以中谒者从入汉，以郎中骑从定诸侯，侯，五百户，功比高湖侯。,漢書做齊侯其石，史記無姓名，疑姓亓；4世改封埤山侯
70,69,72,69,朝陽,齊侯,華寄,,-200,-189,1000,3,華要,華當,-127,以舍人从起薛，以连敖入汉，以都尉击项羽，后攻韩王信，侯，千户。,三月壬寅封，十二年薨。,以舍人从起薛，以连敖入汉，以都尉击项羽，复攻韩王信，侯，千户。,
71,81,73,81,棘陽,莊侯,杜得臣,,-200,-175,1000,3,杜但,杜武,-124,以卒从起胡陵，入汉，以郎将迎左丞相军以击项籍，侯，千户。,七月丙申封，二十六年薨。,以卒从起湖陵，入汉，以郎将迎左丞相军击项籍，侯，二千户。,漢書避諱做嚴侯，2000戶
72,104,74,104,涅陽,莊侯,呂勝,2006,-200,-175,1500,1,,呂勝,-175,以骑士汉王二年从出关，以郎将击斩项羽，侯，千五百户，比杜衍侯。,七年封，二十五年，孝文五年薨。子成实非子，不得代。,以骑士汉三年从出关，以郎中共击斩项羽，侯，千五百户，比杜衍侯。,漢書避諱做嚴侯，做呂騰
73,64,75,64,平棘,懿侯,執,,-200,-177,1000,2,辟彊,辟彊,0,以客从起亢父，斩章邯所署蜀守，用燕相侯，千户。,七年封，二十四年薨。,以客从起亢父，斩章邯所置蜀守，用燕相侯，千户。,漢書做林摯，姓林
74,,,,羹頡,,劉信,,-200,,,1,,劉信,,以高祖兄子从军，击反韩王信，为郎中将。信母尝有罪高祖微时，太上怜之，故封为羹颉侯。,,,七年中，侯刘信元年。
75,98,76,98,深澤,齊侯,趙將夜,,-200,-187,700,3,趙頭,趙脩,-147,以赵将汉王三年降，属淮阴侯，定赵、齐、楚，以击平城，侯，七百户。,八年十月癸丑封，十二年，高后元年，有罪，免，二年，复封，二年薨。,以赵将汉王三年降，属淮阴侯，定赵、齐、楚，以击平城功侯，七百户。,漢書做趙將夕；另3世封臾侯
76,58,68,58,柏至,靖侯,許溫,,-201,-187,1000,5,許祿,許福,-115,以骈怜从起昌邑，以说卫入汉，以中尉击籍，侯，千户。,十月戊辰封，十四年，高后元年，有罪，免，三年，复封，六年薨。,以骈邻从起昌邑，以说卫入汉，以中尉击籍，侯，千户。,漢書做許盎
77,101,69,101,中水,莊侯,呂馬童,2004,-200,-170,1500,5,呂瑕,呂冝城,-112,以郎中骑将汉王元年从起好畤，以司马击龙且，复共斩项羽，侯，千五百户。,正月己酉封，三十年薨。,以郎骑将汉元年从好畤，以司马击龙且，复共斩项籍，侯，千五百户。,漢書避諱做嚴侯
78,102,70,102,杜衍,莊侯,王翳,2005,-200,-183,1700,6,王福,王定國,-119,以郎中骑汉王三年从起下邳，属淮阴，从灌婴共斩项羽，侯，千七百户。,正月己酉封，十八年薨。,以中郎骑汉王二年从起下邳，属淮阴侯，从灌婴共斩项羽，侯，千七百户。,漢書做王翥
79,103,71,103,赤泉,莊侯,楊喜,2002,-200,-169,1900,3,楊敷,楊毋害,-147,以郎中骑汉王二年从起杜，属淮阴，后从灌婴共斩项羽，侯，千九百户。,正月己酉封，十三年，高后元年，有罪，免，二年，复封，十八年薨。,以郎中骑汉王二年从起杜，属淮阴，后从灌婴共斩项籍，侯，千九百户。,3世改封臨汝侯
80,91,77,91,栒,頃侯,溫疥,,-200,-175,1900,3,溫仁,溫何,-153,以燕将军汉王四年从曹咎军，为燕相，告燕王荼反，侯，以燕相国定卢奴，千九百户。,十月丙辰封，二十五年薨。,以燕将军汉王四年从破曹咎军，为燕相告燕王荼反，侯。以燕相国定卢绾。千九百户。,
81,93,79,93,武原,靖侯,衛胠,,-199,-192,2800,3,衛寄,衛不害,-142,汉七年，以梁将军初从击韩信、陈豨、黥布功，侯，二千八百户，功比高陵。,十二月丁未封，八年薨。,汉七年以梁将军从初起，击韩信、陈豨、黥布军，功侯，二千八百户，功比高陵侯。,
82,92,78,92,歷,簡侯,程黑,,-200,-185,1000,3,程牦,程竈,-149,以赵卫将军汉王三年从起卢奴，击项羽敖仓下，为将军，攻臧荼有功，侯，千户。,十月癸酉封。十四年薨。,以赵卫将军汉王三年从起卢奴，击项羽敖仓下，为将军攻臧荼有功，封千户。,史記封國做磨
83,124,80,124,稾,祗侯,陳錯,,-199,-193,600,5,陳嬰,陳千秋,-112,高帝七年，为将军，从击代陈豨有功，侯，六百户。,十二月丁未封，七年薨。,高帝七年为将从击代陈豨有功，侯，六百户。,漢書做祖侯陳鍇
84,99,81,99,宋子,惠侯,許瘛,,-199,-196,540,3,許留,許九,-148,以汉三年以赵羽林将初从，击定诸侯，功比磨侯，五百四十户。,二月丁卯封，四年薨。,以汉三年用赵右林将初击定诸侯，五百三十六户，功比历侯。,漢書做536戶
85,50,82,50,猗氏,敬侯,陳遫,,-199,-189,2400,3,陳支,陳羌,-154,以舍人从起丰，入汉，以都尉击项羽，侯，二千四百户。,三月丙戌封，十一年薨。,以舍人从起丰，入汉，以都尉击项羽，侯，千一百户。,漢書做1100戶
86,71,83,71,清,簡侯,空中,,-199,-195,1000,5,空聖,空生,-112,以弩将初起，从入汉，以都尉击项羽、代，侯，比彭侯，千户。,三月丙戌封，五年薨。,以弩将初起，从入汉，以都尉击项羽、代，侯，比彭侯，户千。,漢書做室中同，姓室中
87,72,84,72,彊,簡侯,留勝,,-199,-197,1000,3,留章,留復,-175,以客吏初起，从入汉，以都尉击项羽、代，侯，比彭侯千户。,三月丙戌封，三年薨。,以客吏初起，从入汉，以都尉击项籍、代，侯，比彭侯，千户。,漢書做圉侯留肸
88,70,85,70,彭,簡侯,秦同,,-199,-178,1000,3,秦執,秦武,-143,以卒从起薛，以弩将入汉，以都尉击项羽、代，侯，千户。,三月丙戌封，二十二年薨。,以卒从起薛，以弩将入汉，以都尉击项羽、代，侯，千户。,
89,94,86,94,吳房,莊侯,楊武,2007,-199,-168,700,2,楊去疾,楊去疾,-141,以郎中骑将汉王元年从起下邽，击阳夏，以都尉斩项羽，有功，侯，七百户。,三月辛卯封，三十二年薨。,以郎中骑将汉元年从起下邽，击阳夏，以骑都尉斩项籍，侯，七百户。,漢書避諱做嚴侯
90,78,87,78,甯,莊侯,魏選,2809,-199,-165,1000,3,魏連,魏指,-160,以舍人从起碭，入汉，以都尉击臧荼功，侯，千户。,四月辛卯封，三十五年薨。,以舍人从碭，入汉，以都尉击臧荼功侯，千户。,漢書避諱做嚴侯，做魏遬
91,109,88,109,昌,圉侯,盧卿,2808,-199,-166,1000,2,盧通,盧通,-154,以齐将汉王四年从淮阴侯起无盐，定齐，击籍及韩王信于代，侯，千户。,六月戊申封，三十四年薨。,以齐将汉王四年从韩信起无盐，定齐，击项羽，又击韩王信于代，侯，千户。,漢書姓做旅
92,114,89,114,共,莊侯,盧罷師,,-199,-174,1200,3,盧黨,盧高,-160,以齐将汉王四年从淮阴侯起临淄，击籍及韩王信于平城，有功，侯，千二百户。,六月壬子封，二十六年薨。,以齐将汉王四年从淮阴侯起，击项籍，又攻韩王信于平城，有功，侯，千二百户。,漢書避諱做嚴侯，姓做旅
93,100,90,100,閼氏,節侯,馮解敢,,-199,-196,1000,5,馮它,馮平,-112,以代太尉汉王三年降，为雁门守，以特将平代反寇，侯，千户。,六月壬子封，四年薨。,以代大与汉王三年降，为雁门守，以将军平代反寇，侯，千户。,漢書做馮解散
94,67,91,67,安丘,懿侯,張說,,-199,-168,3000,5,張奴,張拾,-113,以卒从起方与，属魏豹，二岁五月，以执铍入汉，以司马击籍，以将军定代，侯，三千户。,七月癸酉封，三十二年薨。,以卒从起方与，属魏豹，一岁五月，以执盾入汉，以司马击项羽，以将军定代，侯，二千户。,漢書做2000戶
95,,,,合陽,,劉仲,,-199,,,1,,劉仲,,高祖兄。兵初起，侍太公守丰，天下已平，以六年正月立仲为代王。高祖八年，匈奴攻代，王弃国亡，废为合阳侯。,,,八年九月丙子，侯刘仲元年。
96,,92,66,襄平,,紀通,2435,-199,-148,,3,紀相夫,紀夷吾,-110,兵初起，纪成以将军从击破秦，入汉，定三秦，功比平定侯。战好畤，死事。子通袭成功，侯。,九月丙午封，五十二年薨。,父城以将军从击破秦，入汉，定三秦，功比平定侯，战好畤，死事，子侯。,
97,84,93,84,龍,敬侯,陳署,,-199,-182,1000,2,陳堅,陳堅,-163,以卒从，汉王元年起霸上，以谒者击籍，斩曹咎，侯，千户。,九月己未封，十八年薨。,以卒从，汉王元年起霸上，以谒者击项籍，斩曹咎，侯，户千。,漢書封國做龍陽
98,95,94,95,繁,莊侯,彊瞻,,-198,-191,1500,4,彊昫獨,彊安國,-122,以赵骑将从，汉三年，从击诸侯，侯，比吴房侯，千五百户,九年十二月壬寅封，八年薨。,以赵骑将汉王五年从击诸侯，比吴房侯，千五百户。,漢書做平嚴侯張瞻師，姓張
99,137,95,137,陸梁,,須毋,,-198,-196,,4,須桑,須冉,-122,诏以为列侯，自置吏，受令长沙王。,三月丙戌封，三年薨。,诏以为列诸侯，自置吏令长，受令长沙王。,漢書做陸量侯須無
100,60,96,60,高京,,周成,,-198,-159,,1,,周成,-159,周苛起兵，以内史从，击破秦，为御史大夫，入汉，围取诸侯，坚守荥阳，功比辟阳。苛以御史大夫死事。子成为后，袭侯。,四月戊寅封，三十五年，孝文后五年，谋反，下狱死。,父苛以内史从击破秦，为御史大夫，入汉，围取诸侯，守荥阳，功比辟阳侯，骂项籍死事，子侯。,漢書做高景侯；3世封繩侯
101,,97,,離,,鄧弱,,-198,,,,,,,失此侯始所起及所绝。,,四月戊寅封。楚汉春秋亦阙。成帝时，光禄大夫滑湛日旁占验曰：“邓弱以长沙将兵侯。”,資料亡佚
102,134,98,134,義陵,,吳程,,-198,-192,1500,2,吳重,吳重,-181,以长沙柱国侯，千五百户。,九月丙子封，七年薨。,以长沙柱国侯，千五百户。,漢書做吳郢
103,3,99,3,宣平,武侯,張敖,1245,-198,-182,,4,張偃,張坐,-132,兵初起，张耳诛秦，为相，合诸侯兵鉅鹿，破秦定赵，为常山王。陈余反，袭耳，弃国，与大臣归汉，汉定赵，为王。卒，子敖嗣。其臣贯高不善，废为侯。,九年封，十七年薨。,嗣父耳为赵王，坐相贯高等谋反，废王为侯。,另5世封睢陵侯，另2世封信都侯，另2世封樂昌侯
104,118,100,118,東陽,武侯,張相如,2609,-196,-165,1300,4,張殷,張彊,-140,高祖六年，为中大夫，以河闲守击陈豨力战功，侯，千三百户。,十一年十二月癸巳封，三十二年薨。,高祖六年为中大夫，以河间守击陈豨，力战，功侯，千三百户。,
105,115,102,115,開封,愍侯,陶舍,,-196,-196,2000,4,陶青,陶睢,-112,以右司马汉王五年初从，以中尉击燕，定代，侯，比共侯，二千户。,十二月丙辰封，一年薨。,以右司马汉王五年初从，以中尉击燕、代，侯，比共侯，二千户。,
106,,,,沛,,劉濞,2232,-196,,,1,,劉濞,,高祖兄合阳侯刘仲子，侯。,,,十一年十二月癸巳，侯刘濞元年。
107,131,101,131,慎陽,,欒說,2211,-196,-146,2000,3,欒愿,欒買之,-118,为淮阴舍人，告淮阴侯信反，侯，二千户。,十二月甲寅封，五十一年薨。,淮阴侯韩信舍人，告信反，侯，二千户。,漢書做樂說，姓樂
108,117,103,117,禾成,孝侯,公孫耳,,-196,-177,1900,2,公孫漸,公孫漸,-167,以卒汉五年初从，以郎中击代，斩陈豨，侯，千九百户。,正月己未封，二十年薨。,以卒汉王五年初从，以郎中击代击陈豨，侯，千九百户。,漢書做公孫昔
109,77,104,77,堂陽,哀侯,孫赤,,-196,-188,800,2,孫德,孫德,-144,以中涓从起沛，以郎入汉，以将军击籍，为惠侯。坐守荥阳降楚免。后复来，以郎击籍，为上党守，击豨，侯，八百户。,正月己未封，九年薨。,以中涓从起沛，以郎入汉，以将军击项籍，为惠侯，坐守荥阳降楚，免，复来，以郎击籍，为上党守击陈豨，侯，八百户。,
110,74,105,74,祝阿,孝侯,高邑,,-196,-176,800,2,高成,高成,-161,以客从起啮桑，以十队将入汉，以将军定魏太原，破井陉，属淮阴侯，以缻度军击籍及攻豨，侯，八百户。,正月己卯封，二十一年薨。,以客从起啮桑，以上队将入汉，以将军击魏太原、井陉，属淮阴侯，罂度军破项籍及豨，侯，千八百户。,漢書做高色，1800戶
111,108,106,108,長修,平侯,杜恬,,-196,-193,1900,3,杜中,杜意,-148,以汉二年用御史初从出关，以内史击诸侯，功比须昌侯，以廷尉死事，千九百户。,三月丙戌封，四年薨。,以汉王二年用御史初从出关，以内史击诸侯，攻项昌，以廷尉死事，侯，千九百户。,漢書封國做長脩
112,,107,,江邑,,趙堯,2206,-196,-187,600,1,,趙堯,-187,以汉五年为御史，用奇计徙御史大夫周昌为赵相而代之，从击陈豨，功侯，六百户。,十一月封，高后元年，有罪，免。,以汉五年为御史，用奇计徙御史大夫周昌为赵相，代昌为御史大夫，从击陈豨，功侯，六百户。,
113,88,108,88,營陵,,劉澤,2419,-196,-178,12000,1,,劉澤,-181,以汉三年为郎中，击项羽，以将军击陈豨，得王黄，为侯。与高祖疏属刘氏，世为卫尉。万二千户。,十一月封，十五年，高后七年，为瑯邪王。,汉三年为郎中击项羽，以将军击陈豨，得王黄，侯。帝从昆弟，万一千户。,改封瑯琊王；漢書做11000戶
114,112,109,120,土軍,武侯,宣義,,-196,-190,1200,4,宣莫如,宣生,-127,高祖六年为中地守，以廷尉击陈豨，侯，千二百户。就国，后为燕相。,二月丁亥封，七年薨。,高祖六年为中地守，以廷尉击陈豨，侯，一千一百户，就国后为燕相。,漢書做式侯，1100戶
115,89,110,89,廣阿,懿侯,任敖,2401,-196,-178,1800,4,任敬,任越人,-115,以客从起沛，为御史，守丰二岁，击籍，为上党守，陈豨反，坚守，侯，千八百户。后迁御史大夫。,二月丁亥封，十九年薨。,以客从起沛，为御史，守丰二岁，击项籍，为上党守，陈豨反，坚守，侯，千八百户。后迁为御史大夫。,
116,107,111,107,須昌,貞侯,趙衍,,-196,-165,1400,3,趙福,趙不害,-152,以谒者汉王元年初起汉中，雍军塞陈，谒上，上计欲还，衍言从他道，道通，后为河闲守，陈豨反，诛都尉相如，功侯，千四百户。,二月己丑封，三十二年薨。,以谒者汉王元年初从起汉中。雍军塞渭上，上计欲还，衍言从它道，道通，后为河间守，豨反，诛都尉相如，功侯，千四百户。,
117,116,112,116,臨轅,堅侯,戚鰓,1468,-196,-191,500,4,戚觸龍,戚賢,-112,初起从为郎，以都尉守蕲城，以中尉侯，五百户。,二月乙酉封，六年薨。,初从为郎，以都尉守蕲城，以中尉侯，五百户。,
118,123,113,123,汲,終侯,公上不害,,-196,-194,1200,4,公上武,公上廣德,-130,高祖六年为太仆，击代豨，有功，侯，千二百户。为赵太傅。,二月乙酉封，三年薨。,高祖六年为太仆，击代豨有功，侯，千三百户。为赵太仆。,漢書做紹侯，1300戶
119,73,114,73,甯陵,夷侯,呂臣,,-196,-170,1000,3,呂謝,呂始,-136,以舍人从陈留，以郎入汉，破曹咎成皋，为上解随马，以都尉击陈豨，功侯，千户。,二月辛亥封，二十七年薨。,以舍人从起留，以郎入汉，破曹咎成皋，为都尉击豨，功侯，千户。,與陳勝呂臣重名
120,96,115,96,汾陽,,靳彊,1605,-196,-186,,3,靳解,靳胡,-140,以郎中骑千人前二年从起阳夏，击项羽，以中尉破钟离眛，功侯。,三月辛亥封，十一年薨。,以郎中骑千人前三年从起栎阳，击项羽，以中尉破钟离眛军，功侯。,漢書稱謚嚴侯；4世封江鄒侯
121,116,116,116,戴,敬侯,祕彭祖,,-196,-186,1200,5,祕憚,祕蒙,-88,以卒从起沛，以卒开沛城门，为太公仆；以中厩令击豨，侯，千二百户,三月癸酉封，十一年薨。,以卒从起沛，以卒开沛城门，为太公仆，以中厩令击陈豨，功侯，千一百户。,漢書做1100戶，史記未提祕姓
122,130,117,130,衍,簡侯,翟盱,,-196,-185,900,4,翟山,翟不疑,-128,以汉二年为燕令，以都尉下楚九城，坚守燕，侯，九百户。,七月己丑封，十二年薨。,以汉王二年为燕令，以都尉下楚九城，坚守燕，侯，九百户。,
123,111,118,111,平州,共侯,昭涉掉尾,,-196,-179,1000,5,昭涉種,昭涉昩,-118,汉王四年，以燕相从击籍，还击荼，以故二千石将为列侯，千户。,八月甲辰封，十八年薨。,汉四年以燕相从击项籍，还击臧荼，侯，千户。,
124,125,119,125,中牟,共侯,單父聖,,-196,-173,2300,4,單繒,單舜,-112,以卒从起沛，入汉以郎中击布，功侯，二千三百户。始高祖微时，有急，给高祖一马，故得侯。,十二年十月乙未封，二十三年薨。,以卒从沛，入汉，以郎击布，功侯，二千二百户。始高祖微时有急，给高祖马，故得侯。,漢書做單右車，2200戶
125,113,120,113,邔,莊侯,黃極中,,-196,-169,1000,4,黃榮成,黃遂,-116,以故群盗长为临江将，已而为汉击临江王及诸侯，破布，功侯，千户。,十月戊戌封，二十七年薨。,以群盗长为临江将，已而为汉击临江王及诸侯，破布，封千户。,漢書避諱做嚴侯，做黃極忠
126,53,121,53,博陽,節侯,周聚,,-196,-172,1400,2,周遬,周遬,-156,以卒从起丰，以队卒入汉，击籍成皋，有功，为将，布反，定吴郡，侯，千四百户。,十月辛丑封，二十四年薨。,以卒从丰，以队率入汉，击项籍成皋有功，为将军，布反，定吴郡，侯。,
127,119,122,119,陽義,定侯,靈常,,-196,-182,2000,3,靈賀,靈勝,-167,以荆令尹汉王五年初从，击钟离眛及陈公利几，破之，徙为汉大夫，从至陈，取韩信，还为中尉，从击布，功侯，二千户。,十月壬寅封，十四年薨。,以荆令尹汉五年初从，击钟离及陈公利几，徙为汉中大夫，从至陈，取韩信，迁中尉，以击布，侯，二千户。,漢書封國做陽羨
128,85,123,85,下相,莊侯,冷耳,,-196,-178,2000,2,冷順,冷順,-154,以客从起沛，用兵从击破齐田解军，以楚丞相坚守彭城，距布军，功侯，二千户。,十月己酉封，十八年薨。,以客从起沛，入汉，用兵击破齐田解军，以楚丞相坚守彭城距布军，功侯，二千户。,漢書避諱做嚴侯，做泠耳，姓泠
129,127,,,德,哀侯,劉廣,,-196,,,4,劉通,劉何,-112,以代顷王子侯。顷王，吴王濞父也；广，濞之弟也。,,,十二年十一月庚辰，哀侯刘广元年。
130,92,124,92,高陵,圉侯,王周,,-195,-186,900,3,王弄弓,王行,-154,以骑司马汉王元年从起废丘，以都尉破田横、龙且，追籍至东城，以将军击布，九百户。,十二月丁亥封，十年薨。,以骑司马汉王元年从起废丘，以都尉破田横、龙且，追籍至东城，以将军击布，侯，九百户。,漢書做王虞人
131,132,125,132,期思,康侯,賁赫,2223,-195,-166,2000,1,,賁赫,-166,淮南王布中大夫，有端，上书告布反，侯，二千户。布尽杀其宗族。,十二月癸卯封，二十九年，孝文十四年薨，亡后。,淮南王英布中大夫，告反，侯，一千户。,漢書做1000戶
132,105,127,105,谷陵,定侯,馮谿,,-195,-174,,5,馮熊,馮偃,0,以卒从，前二年起柘，击籍，定代，为将军，功侯。,正月乙丑封，二十二年薨。,以卒前二年起柘，击籍，定代，为将军，功侯。,漢書封國做穀陽，史記做馮溪
133,90,126,90,戚,圉侯,季必,,-195,-180,1000,4,季長,季信成,-118,以都尉汉二年初起栎阳，攻废丘，破之，因击项籍，别属韩信破齐军，攻臧荼，迁为将军，击信，侯，千户。,十二月癸卯封，十六年薨。,以骑都尉汉二年初起栎阳，攻破废丘，因击项籍，属韩信，破齐，攻臧荼，为将军，击韩信，侯，千五百户。,漢書做1500戶
134,112,128,112,壯,敬侯,許倩,,-195,-156,600,5,許恢,許廣宗,-112,以楚将汉王三年降，起临济，以郎中击籍、陈豨，功侯，六百户。,正月乙丑封，四十年薨。,以楚将汉二年降，从起临济，以郎中击项羽、陈豨，侯，六百户。,漢書做嚴敬侯許猜
135,110,129,110,成陽,定侯,意,,-195,-170,600,2,信,信,-140,以魏郎汉王二年从起阳武，击籍，属魏豹，豹反，属相国彭越，以太原尉定代，侯，六百户。,正月乙酉封，二十六年薨。 ,以魏郎汉王二年从起阳武，击项籍，属魏王豹，豹反，徙属相国彭越，以太原尉定代，侯，六百户。,漢書做奚意，姓奚
136,135,130,135,桃,安侯,劉襄,,-195,-171,1000,4,劉舍,劉自為,-112,以客从汉王二年从起定陶，以大谒者击布，侯，千户。为淮阴守。项氏亲也，赐姓。,三月丁巳封，七年，孝惠七年，有罪，免，二年，复封，十六年薨。,以客从，汉王二年起定陶，以大谒者击布，侯，千户。为淮南太守。项氏亲。,即項襄
137,66,131,66,高梁,共侯,酈疥,,-195,-133,900,3,酈勃,酈平,-122,食其，兵起以客从击破秦，以列侯入汉，还定诸侯，常使约和诸侯列卒兵聚，侯，功比平侯嘉；以死事，子疥袭食其功侯，九百户。,二月丙寅封，六十三年薨。,父食其以客从破秦，以列侯入汉，还定诸侯，常使使约和诸侯，说齐王死事，子侯。,漢書未言封戶
138,80,132,80,紀信,匡侯,陳倉,,-195,-186,700,3,陳開,陳煬,-155,以中涓从起丰，以骑将入汉，以将军击籍，后攻卢绾，侯，七百户。,六月壬辰封，十年薨。,以中涓从起丰，以骑将入汉，以将军击项籍，后攻庐绾，侯，七百户。,
139,106,133,106,甘泉,,王竟,,-195,-188,,3,王莫搖,王嫖,-147,以车司马汉王元年初从起高陵，属刘贾，以都尉从军，侯。,六月壬辰封，七年薨。,以车司马汉元年初从起高陵，属刘贾，以都尉从军，侯，五百户。,漢書做景嚴侯，500戶，王莫搖做王真粘
140,75,135,75,煮棗,靖侯,赤,,-195,-188,900,3,式,昌,-146,以越连敖从起丰，别以郎将入汉，击诸侯，以都尉侯，九百户。,六月壬辰封，七年，孝惠七年薨。嗣子有罪，不得代。,以越连敖从起薛，别以越将入汉，击诸侯，以都尉侯，九百户。,漢書姓做革，謚號做端侯
141,79,134,79,張,節侯,毛澤,,-195,-170,700,3,毛鹿,毛舜,-144,以中涓骑从起丰，以郎将入汉，从击诸侯，七百户。,六月壬辰封，二十六年薨。,以中涓从起丰，以郎骑入汉，还从击诸侯，侯，七百户。,漢書做毛釋之
142,52,136,52,鄢陵,莊侯,朱濞,,-195,-185,700,2,朱慶,朱慶,-173,以卒从起丰，入汉，以都尉击籍、荼，侯，七百户。,十二月封，十一年薨。,以卒从起丰，入汉，以都尉击项籍、臧荼，侯，二千七百户。,漢書避諱做嚴侯，封國做傿陵，2700戶
143,48,137,48,菌,莊侯,張平,,-195,-184,2700,2,張勝,張勝,-176,以中涓前元年从起单父，不入关，以击籍、布、燕王绾，得南阳，侯，二千七百户。,十二月封，十二年薨。,以中尉前元年从起单父，不入关，以击黥布、卢绾，得南阳，侯，二千七百户。,漢書避諱做嚴侯，封國做鹵
