索引號,慣用名,通鑑名,通鑑目錄,出處,女性,別稱,姓,名,字,號,氏,謚,生年,卒年,出生月日,去世月日,得位年,失位年,統治政權,從屬政權,生僻度,簡述,記載年,記載年備註,備注
1,周威烈王,威烈王,10101,,,,姬,午,,,,威烈,0,-402,,,-425,-402,東周,,,東周第20代君主，在位期間三家分晉,,,
2,魏文侯,魏斯|魏文侯|文侯,10101,,,魏斯,,斯,,,魏,文,0,-396,,,-445,-396,魏國,,,魏國開國君主，李悝變法，滅中山,,,
3,趙烈侯,趙籍|烈侯,10101,,,趙籍,,籍,,,趙,烈,0,-400,,,-408,-400,趙國,,,趙國開國君主,,,
4,韓景侯,韓虔,10101,,,韓虔,,虔,,,韓,景,0,-400,,,-408,-400,韓國,,,韓國開國君主,,,
5,司馬光,光,10101,1,,涑水先生|司馬溫公,司馬,光,君實,迂叟,,文正,1019,1086,11.17,10.11,,,,北宋,,宋仁宗至哲宗大臣，資治通鑑主編,,,
6,周文王,文王|文|周文王,10101,1,,,姬,昌,,,,文,-1125,-1051,,,,,,商朝,,紂王三公，推演周易，為武王伐紂奠定基礎,,,
7,孔子,孔子,10101,1,,,子,丘,仲尼,,孔,至聖先師,-551,-479,9.28,4.11,,,,魯國,,開創儒家學派,,,
8,桀,桀|夏桀,10101,1,,,姒,履癸,,,夏后,桀,0,0,,,,,夏朝,,,夏朝末代君主,,,
9,帝辛,紂|商紂|殷紂,10101,1,,紂王,子,受|受德,,,,紂,0,-1046,,,-1075,-1047,商朝,,,商朝末代君主,,,
10,商湯,湯|成湯,10101,1,,湯|成湯,子,履,,,,,0,0,,,,,商朝,,,商朝開國君主,,,16??-15??
11,周武王,武|武王,10101,1,,,姬,發,,,,武,-1110,-1043,,,-1046,-1043,西周,,,西周開國君主，滅商,,,
12,微子,微子|微子開,10101,1,,微子啟,子,啟,,,,,0,0,,,,,,商朝|西周,,宋國開國君主，紂長兄，棄商從周,,,
13,季札,季札,10101,1,,延陵季子,姬,札,,,,,0,0,,,,,,吳國,,吳國王室，死活不上位,,,
14,泰伯,太伯,10101,1,,吳太伯,姬,泰伯,,,吳,,0,0,,,,,吳國,,,吳國首任君主,,,
15,仲叔于奚,仲叔于奚,10101,1,,,仲叔,于奚,,,,,0,0,,,,,,衛國,1,拒絕封地要當官,,,
16,衛出公,衛君,10101,1,,,姬,輒,,,,出,0,-456,,,-493,-481,衛國,,,衛國第29代君主,,,-477至-470復位
17,周幽王,幽,10101,1,,,姬,宮涅,,,,幽,0,-771,,,-782,-771,西周,,,西周末代君主,,,
18,周厲王,厲,10101,1,,,姬,胡,,,,厲,-890,-828,,,-877,-828,西周,,,西周第10代君主,,,
19,晉文公,晉文公|文,10101,1,,,姬,重耳,,,晉,文,-697,-628,,10.27,-636,-628,晉國,,,春秋五霸之二,,,
20,周襄王,襄王,10101,1,,,姬,鄭,,,,襄,0,-619,,,-652,-619,東周,,,東周第6代君主,,,
21,季成子,季氏,10101,1,,季友,姬,友,,,,成,0,-644,,,,,,魯國,,三桓之一,,,
22,田成子,田常|陳成子,10101,1,,陳恆|田常|田恆,媯,恆,,,田,成,0,0,,,,,,齊國,,田氏代齊奠基者，色魔兼綠帽王,,,
23,白公勝,白公|白公勝,10101,1,,,羋,勝,,,熊,,0,-479,,,,,,楚國,,發動白公勝之亂,,,
24,齊桓公,桓|齊桓公|桓公,10101,1,,,姜,小白,,,齊,桓,0,-643,,10.7,-685,-643,齊國,,,春秋五霸之一,,,
25,荀申,智宣子,10102,3,,智宣子,,申,,,智,宣,0,0,,,,,,晉國,,智氏第六代家主,,,
26,荀瑤,智伯|瑤|智襄子|智伯瑤,10102,3,,智伯|智瑤|智襄子,,瑤,,,智,襄,0,-453,,,,,,晉國,,智氏末代家主,,,
27,知果,智果|輔果,10102,3,,智果|輔果,,果,,,智,,0,0,,,,,,晉國,,智伯軍師，開創輔氏,,,
28,知宵,宵,10102,3,,智宵,,宵,,,智,,0,0,,,,,,晉國,,智伯哥,,,
29,趙簡子,趙簡子,10102,3,,趙鞅,,鞅,,,趙,簡,0,-476,,,,,,晉國,,簡襄之烈，春秋趙氏領袖,,,
30,趙伯魯,伯魯,10102,3,,,,伯魯,,,趙,,0,0,,,,,,晉國,,趙襄子哥，資質平庸,,,
31,趙襄子,無恤|趙襄子|襄子,10102,3,,趙無恤,,無恤|毋恤,,,趙,襄,0,-444,,,,,,晉國,,簡襄之烈，春秋趙氏領袖，滅智氏,,,
32,尹鐸,尹鐸,10102,3,,,,鐸,,,尹,,0,0,,,,,,晉國,1,趙簡子家臣，治晉陽留退路,,,
33,韓康子,韓康子|康子,10102,3,,韓虎,,虎,,,韓,康,0,0,,,,,,晉國,,春秋韓氏領袖，滅智氏,,,
34,魏桓子,魏桓子|桓子,10102,3,,,,駒,,,魏,桓,0,-446,,,,,,晉國,,春秋魏氏領袖，滅智氏,,,
35,段規,段規,10102,3,,,姬,規,,,段,,0,0,,,,,,晉國,,韓康子策士,,,
36,智國,智國,10102,3,,,,國,,,智,,0,0,,,,,,晉國,,勸諫智伯,,,
37,任章,任章,10102,3,,趙葭,,章,,,任,,0,0,,,,,,晉國,,魏桓子家臣,,,
38,絺疵,絺疵,10102,3,,,,疵,,,絺,,0,0,,,,,,晉國,1,智伯謀士，不為用,,,
39,張孟談,張孟談,10102,3,,,姬,孟談,,,張,,0,0,,,,,,晉國,,趙襄子家臣,,,
40,豫讓,豫讓,10103,3,,,,,,,,,0,-445,,,,,,晉國,,智伯家臣，刺趙襄子,,,
41,趙周,代成君,10104,,,代成君,,周,子起,,趙,,0,0,,,,,,晉國,,趙伯魯子,,,
42,趙獻子,浣|獻子,10104,,,趙浣|趙獻侯,,浣,,,趙,獻,0,-409,,,-423,-409,趙國,,,戰國趙氏領袖，第7代,,,
43,趙桓子,桓子,10104,,,,,嘉,,,趙,桓,0,-424,,,-442,-424,趙國,,,戰國趙氏領袖，第8代,,,在位時間有爭議
44,子夏,卜子夏,10105,,,卜商,,商,子夏,,卜,,-507,0,,,,,,魏國,,孔門十哲，學而優則仕，李悝吳起老師,,,
45,田子方,田子方|子方,10105,,,,,子方,,,田,,0,0,,,,,,魏國,,儒家，子貢學生,-403,,
46,段干木,段干木,10105,,,,,木,,,段干,,0,0,,,,,,魏國,,儒家，子夏學生,-403,,
47,樂羊,樂羊,10105,,,,,羊,,,樂,,0,0,,,,,,魏國,,魏名將，滅中山，食子,-403,,東漢樂羊子妻為重名人物，此樂羊食子
48,魏武侯,繫|子繫|太子繫|武侯|魏武侯,10105,,,魏武侯,,繫,,,魏,武,0,-370,,,-395,-370,魏國,,,魏國第2代君主,,,
49,任座,任座,10105,,,,,座,,,任,,0,0,,,,,,魏國,1,魏文侯謀士，耿直,-403,,
50,翟璜,翟璜|璜,10105,,,,,璜,,,翟,,0,0,,,,,,魏國,,魏國國相，人力大牛,-403,,
51,李悝,李克,10105,,,李克,,悝,,,李,,-455,-395,,,,,,魏國,,李悝變法,,,
52,魏成,成|魏成,10105,,,季成|魏成子,,成,,,魏,,0,0,,,,,,魏國,,魏文侯弟,-403,,
53,吳起,吳起|起|吳公|吳,10105,,,,,起,,,吳,,-440,-381,,,,,,衛國|魯國|魏國|楚國,,在魏創魏武卒制，奪秦河西之地；在楚發動吳起變法,,,
54,西門豹,西門豹,10105,,,,,豹,,,西門,,0,0,,,,,,魏國,,治鄴，開十二渠,-403,,
55,屈侯鮒,屈侯鮒,10105,,,,,鮒,,,屈侯,,0,0,,,,,,魏國,2,魏文侯太子傅,-403,,
56,魯穆公,魯侯|魯穆公,10106,,,,姬,顯,,,,,0,-377,,,-415,-377,魯國,,,魯國第29代君主，禮賢下士,,,
57,曾申,曾參,10106,,,,,申,,,曾,,0,0,,,,,,魯國,1,曾參二子,-403,,通鑒記錄錯誤，吳起應師從曾申
58,司馬穰苴,司馬穰苴,10106,3,,田穰苴,媯,穰苴,,,田,,0,0,,,,,,齊國,,軍事家，著司馬法,,,
59,卒母,卒母,10106,,,,,,,,,,0,0,,,,,,魏國,4,吳起軍中被吮疽卒之母,-403,,
60,燕閔公,燕湣公,10107,,,,姬,,,,燕,閔,0,-415,,,-438,-415,燕國,,,燕國第33代君主,,,通鑒年代不對應
61,燕後簡公,僖公|燕僖公,10107,,,燕僖公|燕簡公,姬,載|款,,,燕,簡,0,-370,,,-414,-370,燕國,,,燕國第34代君主,,,通鑒年代不對應
62,周安王,安王驕,10107,,,,姬,驕,,,,安,0,-376,,,-402,-376,東周,,,東周第21代君主，在位期間田氏代齊,,,
63,楚聲王,楚聲王,10107,,,,羋,當,,,熊,聲桓,0,-402,,,-407,-402,楚國,,,楚國第35代君主，被盜殺,,,
64,楚悼王,悼王|楚悼王|楚王,10107,,,,羋,疑,,,熊,悼,0,-381,,,-401,-381,楚國,,,楚國第36代君主，任用吳起變法,,,
65,韓烈侯,烈侯取,10107,,,,,取,,,韓,烈,0,-387,,,-399,-387,韓國,,,韓國第2代君主,,,
66,趙武侯,武侯,10107,,,趙武公,,,,,趙,武,0,-387,,,-399,-387,趙國,,,趙國第2代君主,,,
67,秦簡公,秦簡公|簡公,10107,,,,嬴,悼子,,,,簡,-428,-400,,,-415,-400,秦國,,,秦國第26代君主,,,
68,秦惠公,惠公,10107,,,,嬴,,,,,惠,0,-387,,,-399,-387,秦國,,,秦國第20代君主,,,
69,王子定,王子定,10107,,,,羋,定,,,,,0,0,,,,,,楚國,2,奔晉，與楚悼王爭位,-399,,
70,駟子陽,駟子陽,10107,,,,姬,,子陽,,駟,,0,-398,,,,,,鄭國,,鄭繻公相邦，被其殺,,,
71,俠累,俠累|韓廆|廆,10108,,,韓傀,,傀,俠累,,韓,,0,-397,,,,,,韓國,,韓相國，被聶政刺殺,,,
72,嚴遂,嚴仲子|仲子|嚴遂,10108,,,,,遂,仲子,,嚴,,0,0,,,,,,韓國,,韓大臣，使聶政刺俠累,-397,,
73,聶政,聶政|政,10108,,,,,政,,,聶,,0,-397,,,,,,韓國,,刺殺韓相俠累,,,
74,聶嫈,嫈,10108,,1,聶榮,,嫈,,,聶,,0,-397,,,,,,韓國,,聶政姐,,,
75,鄭繻公,繻公,10109,,,,姬,駘,,,鄭,繻,0,-396,,,-422,-396,鄭國,,,鄭國第23代君主,,,
76,鄭康公,乙|康公,10109,,,,姬,乙,,,鄭,康,0,-375,,,-395,-375,鄭國,,,鄭國末代君主,,,
77,宋悼公,宋悼公,10109,,,,子,購由,,,宋,悼,0,-396,,,-403,-396,宋國,,,宋國第30代君主,,,
78,宋休公,休公田|宋休公,10109,,,,子,田,,,宋,休,0,-373,,,-395,-373,宋國,,,宋國第31代君主,,,
79,晉烈公,晉烈公,10109,,,,,止,,,,烈,0,-389,,,-415,-389,晉國,,,晉國國君,,,
80,晉孝公,孝公|晉孝公,10109,,,,,頎,,,,孝,0,-357,,,-388,-357,晉國,,,晉國國君,,,
81,田襄子,襄子盤|盤,10109,,,田盤,媯,盤,,,田,襄,0,0,,,,,,齊國,,齊相，田氏第9代宗主,,,
82,田莊子,莊子白|白,10109,,,田白,媯,白,,,田,莊,0,-411,,,,,,齊國,,田氏第10代宗主,,,
83,田和,太公和|田和,10109,,,齊太公,媯,和,,,田,太公,0,-384,,,-386,-384,齊國,,,田齊開國君主，放齊康公於海島,,,-404掌權
84,齊康公,齊康公,10109,,,,姜,貸,,,,康,0,-379,,,-405,-386,齊國,,,姜齊末代君主,,,
85,禹,禹|大禹,10110,3,,大禹|夏禹,姒,文命,,,夏后,,0,0,,,,,夏朝,上古,,夏朝開國君王,,,
86,商文,田文,10110,,,田文,,文,,,田,,0,0,,,,,,魏國,,與吳起競爭魏國國相勝出,-387,,與孟嘗君同名，百度無此詞條
87,公叔痤,公叔|公孫痤|公叔痤|痤,10110,,,公叔座,,痤,,,公叔,,0,-360,,,,,,魏國,,魏國國相，排擠吳起，死前薦舉商鞅,,,
88,秦出公,出公|出子,10111,,,秦少主|秦小主,,,,,,,-389,-385,,,-386,-385,秦國,,,秦國第27代君主，4歲被菌改弒,,,出不是諡
89,趙敬侯,太子章|敬侯|趙敬侯,10111,,,,,章,,,趙,敬,-410,-375,,,-386,-375,趙國,,,趙國第3代君主，遷都邯鄲,,,
90,韓文侯,文侯|韓文侯,10111,,,,,猷,,,韓,文,0,-377,,,-386,-377,韓國,,,韓國第3代君主,,,
91,公子朝 (趙國),公子朝,10111,,,,,朝,,,趙,,0,0,,,,,,趙國,,與趙敬侯爭位不成,-386,,
92,菌改,庶長改,10111,,,,,改,,,,,0,0,,,,,,秦國,,殺秦出公，迎立秦獻公,-385,,
93,秦獻公,獻公|秦獻公,10111,,,師隰,,師隰,,,,獻,-424,-362,,,-384,-362,秦國,,,秦國第28代君主，收復河西，遷都櫟陽,,,
94,田午,桓公午,10111,,,齊桓公午|田齊桓公,媯,午,,,田,桓,-400,-357,,,-374,-357,齊國,,,田齊第3代君主，創立稷下學宮,,,完整諡號：田齊孝武桓公
95,楚肅王,肅王|楚肅王,10111,,,,羋,臧,,,熊,肅,0,-370,,,-381,-370,楚國,,,楚國第37代君主,,,
96,齊威王,威王因齊|齊威王|威王|齊王|威,10111,,,,媯,因齊,,,田,威,-378,-320,,,-356,-320,齊國,,,田齊第4代君主，齊國崛起,,,
97,晉靜公,靖公俱酒|晉靖公,10111,,,晉靖公,姬,俱酒,,,,,0,-349,,,-356,-349,晉國,,,晉國末代君主,,,
98,孔伋,子思,10112,,,述聖|子思,子,伋,子思,,孔,,-483,-402,,,,,,魯國,,儒家，上承曾參，下啟孟子,,,
99,苟變,苟變|變,10112,,,,,變,,,苟,,0,0,,,,,,衛國,1,衛國名將，白吃了老百姓倆雞蛋,-377,,
100,衛慎公,衛侯|公|衛慎公,10112,,,,姬,頹,,,,慎,0,-373,,,-415,-373,衛國,,,衛國第37代君主,,,
101,公丘懿子,公丘懿子,10112,,,,,,,,公丘,懿,0,0,,,,,,衛國,2,衛國大臣,-377,,
102,魯穆公,魯穆公,10113,,,,姬,顯,,,魯,穆,0,-377,,,-415,-377,魯國,,,魯國第29代君主,,,
103,魯共公,共公奮|魯共公,10113,,,,姬,奮,,,魯,共,0,-353,,,-382,-353,魯國,,,魯國第30代君主,,,
104,韓哀侯,哀侯,10113,,,,,,,,,哀,0,-374,,,-376,-374,韓國,,,韓國第4代君主，滅亡鄭國，被嚴遂弒,,,
105,周烈王,烈王喜,10113,,,,姬,喜,,,,烈,0,-369,,,-375,-369,東周,,,東周第22代君主,,,
106,趙成侯,成侯種|趙成侯|成侯,10113,,,,嬴,種,,,趙,成,0,-350,,,-374,-350,趙國,,,趙國第4代君主,,,
107,燕後桓公,桓公|燕桓公,10113,,,,,,,,桓,,0,-368,,,-372,-362,燕國,,,燕國第35代君主,,,
108,宋桓公,辟公,10113,,,宋後桓公|辟兵,,辟兵|辟,,,,桓,0,-370,,,-372,-370,宋國,,,宋國第32代君主，戴氏取宋,,,
109,衛聲公,聲公訓|衛聲公,10113,,,,姬,訓,,,,聲,0,-362,,,-373,-362,衛國,,,衛國第38代君主,,,
110,韓共侯,懿侯|韓懿侯,10113,,,韓懿侯,,若山|若,,,韓,共|懿|莊,0,-363,,,-374,-363,韓國,,,韓國第5代君主,,,
111,魏惠王,罃|惠王|魏惠王|梁王|魏王,10113,,,梁惠王|文惠君|魏文惠王,,罃|嬰,,,魏,惠|文惠|惠成,-400,-319,,,-369,-319,魏國,,,魏國第3代君主，徐州相王，在位52年魏國先盛後衰,,,
112,魏緩,公中緩,10113,,,公子緩,,緩,,,魏,,0,0,,,,,,魏國,,與魏惠王爭位失敗,-371,,
113,田種首,即墨大夫|種首,10114,,,,,,,,,,0,0,,,,,,齊國,1,齊威王時期即墨大夫,-370,,
114,楚宣王,良夫|宣王|楚王|楚宣王,10114,,,,羋,良夫,,,熊,宣,0,-340,,,-369,-340,楚國,,,楚國第38代君主，宣威盛世,,,
115,宋剔成君,剔成|宋公剔成,10114,,,戴喜,,喜,子罕,,戴,,0,0,,,-369,-329,宋國,,,宋國第33代君主，廢宋桓公自立,,,
116,周顯王,扁|顯王,10114,,,,姬,扁,,,,顯,0,-321,,,-368,-321,東周,,,東周第23代君主,,,
117,王錯,王錯,10115,,,,,,,,,,0,0,,,,,,魏國,1,魏國大臣，曾譖毀吳起，傳為鬼谷子父,-369,,
118,公孫頎,公孫頎,10115,,,,,頎,,,公孫,,0,0,,,,,,韓國,3,遊說韓懿侯,-369,,
201,衛成侯,成侯速|衛成侯,10201,,,,姬,遫,,,衛,成,0,-343,,,-371,-343,衛國,,,衛國第39代君主，自貶為侯，被魏惠王廢,,,
202,燕後文公,文公|燕文公,10201,,,燕文侯,,,,,,文,0,-333,,,-361,-333,燕國,,,燕國第36代君主,,,
203,秦孝公,孝公|秦孝公|秦王,10202,,,秦平王,嬴,渠梁,,,,孝,-381,-338,,,-361,-338,秦國,,,秦國第29代君主，重用商鞅變法，遷都咸陽,,,
204,秦穆公,穆公,10202,3,,,嬴,任好,,,,穆,-683,-621,,,-659,-621,秦國,,,秦國第9代君主，春秋五霸之一，用百裏奚，平西戎,,,
205,秦厲共公,厲,10202,3,,秦剌龔公|秦利龔公|秦厲公,嬴,,,,,,0,-443,,,-476,-443,秦國,,,秦國第22代君主,,,
206,秦躁公,躁,10202,3,,,嬴,,,,,躁,0,-429,,,-442,-429,秦國,,,秦國第23代君主,,,
207,商鞅,公孫鞅|衛鞅|鞅|商君|商鞅,10202,,,,姬,鞅,,,公孫|衛|商,,-390,-338,,,,,,衛國|魏國|秦國,,商鞅變法,,,
208,景監,景監,10202,,,,,,,,景,,0,0,,,,,,秦國,,秦孝公嬖臣，多次推薦商鞅,-361,,
209,甘龍,甘龍,10202,,,,,龍,,,甘,,0,0,,,,,,秦國,,秦國大臣，商鞅變法反對派,-360,,
210,秦惠文王,太子|惠文王|秦王|秦惠王|王|惠王,10202,,,,嬴,駰|駟,,,,惠文,-356,-311,,,-338,-311,秦國,,,秦國第26代君主，稱王，得商於，平巴蜀,,,
211,公子虔,公子虔,10202,,,,嬴,虔,,,,,0,0,,,,,,秦國,,秦惠文王傅，商鞅變法受劓刑,-360,,
212,公孫賈,公孫賈,10202,,,,,,,,,,0,0,,,,,,秦國,,秦惠文王師，商鞅變法受黥刑,-360,,
213,曹沫,曹沫,10202,1,,,,,,,,,0,0,,,,,,魯國,,魯國將軍，挾持齊桓公，疑即曹劌,,,
214,韓昭僖侯,昭侯|韓昭侯,10202,,,韓昭侯|韓釐侯,,武,,,韓,昭僖|昭釐,0,-333,,,-362,-333,韓國,,,韓國第6代君主，重用申不害變法,,,
215,檀子,檀子,10203,,,,,,,,檀,,0,0,,,,,,齊國,2,齊威王大臣,-355,,
216,田盼,盼子|田盼,10203,,,田盼,媯,盼,,,田,,0,0,,,,,,齊國,,齊威王大臣，將領,-355,,
217,黔夫,黔夫,10203,,,,,,,,黔,,0,0,,,,,,齊國,2,齊威王大臣,-355,,
218,魯康公,康公毛|魯康公,10203,,,,姬,屯,,,,康,0,-344,,,-352,-344,魯國,,,魯國第31代君主,,,
219,景舍,景舍,10203,,,,羋,舍,,,景,,0,0,,,,,,楚國,,楚宣王大司馬,-354,,
220,田忌,田忌,10204,,,陈忌|田臣思|田期思,媯,忌,期,,田,,0,0,,,,,,齊國,,齊國名將，參與桂陵之戰、馬陵之戰,-353,,
221,孫臏,孫臏|孫子,10204,,,孫伯靈,媯,,,,孫,,-382,-316,,,,,,魏國|齊國,,齊國軍事家，取勝桂陵之戰、馬陵之戰，著孙膑兵法,,,
222,龐涓,龐涓,10204,,,,,涓,,,龐,,-385,-342,,,,,,魏國,,魏國名將，孫臏同窗兼仇敵,,,
223,昭奚恤,昭奚恤,10205,,,,,奚恤,,,昭,,0,0,,,,,,楚國,,楚宣王令尹,-353,,
224,江乙,江乙,10205,,,,嬴,,,,江,,0,0,,,,,,魏國|楚國,1,楚國官員,-353,,
225,申不害,申不害|申子|申,10206,,,,,,,,,,-420,-337,,,,,,鄭國|韓國,,韓昭侯丞相，申不害變法,,,
226,公子緤,公子緤|緤,10207,,,,嬴,緤,,,赵,,0,0,,,,,,趙國,,與趙肅侯爭位敗,-350,,百度無
227,趙肅侯,太子|趙肅侯|趙王,10207,,,太子語,嬴,語,,,趙,肅,0,-326,,,-349,-326,趙國,,,趙國第5代君主,,,
228,趙范,公子范,10207,,,,,,,,,,0,0,,,,,,趙國,1,趙肅侯弟，圖謀篡位未遂,-347,,
229,大夫牟辛,大夫牟,10207,,,,,,,,,,0,0,,,,,,齊國,3,齊威王大夫，被殺,-346,,
230,魯景公,景公偃|魯景公,10207,,,,姬,匽,,,魯,景,0,-323,,,-343,-323,魯國,,,魯國第32代君主,,,
231,公子少官,公子少官,10207,,,,嬴,,,,,,0,0,,,,,,秦國,,秦孝公子，參與逢澤之會,-343,,百度無
232,鄒忌,成侯|鄒忌,10208,,,成侯,,忌,,,鄒,,0,0,,,,,,齊國,,齊威王相國，與田忌為敵,-341,,
233,田嬰,田嬰|靖郭君,10208,,,,媯,嬰,,靖郭君,田,,0,0,,,,,,齊國,,齊國丞相，孟嘗君之父,-341,,
234,太子申,太子申,10208,,,,姬,申,,,魏,,0,-342,,,,,,魏國,,魏惠王太子，馬陵之戰被俘,,,
235,公子卬,公子卬|公子,10209,,,,姬,卬,,,魏,,0,0,,,,,,魏國,,魏惠王弟，河西之戰被俘,-341,,
236,楚威王,威王商|楚威王,10209,,,,羋,商,,,熊,威,0,-329,,,-339,-329,楚國,,,楚國第39代君主，滅越國,,,
237,趙良,趙良,10209,,,,,,,,,,0,0,,,,,,秦國,1,秦孝公時人，勸商鞅隱退,-338,,
238,百里奚,五羖大夫|百里,10209,3,,,姜,奚,,,百里,,0,0,,,,,,虞國|楚國|秦國,,秦穆公國相，輔佐其霸業,,,
239,祝歡,祝歡,10209,,,,,,,,,,0,0,,,,,,秦國,3,秦國大臣，商鞅變法反對派,-338,,
240,孟子,孟軻|孟子,10210,,,亞聖,,軻,,,孟,,-372,-289,4.2,,,,,鄒國,,儒家代表，亞聖,,,
241,屈宜臼,屈宜臼,10211,,,,,,,,屈,,0,0,,,,,,楚國,,楚悼王大臣，吳起變法反對派,-334,,
242,無彊,越王無彊|無彊,10211,,,,,,,,,,0,-306,,,-342,-306,越國,,,越國末代君主，招貓遞狗而死,,,
243,韓宣惠王,宣惠王|韓宣惠王|韓王,10211,,,韓威王|韓威侯,,康,,,,宣惠,0,-312,,,-332,-312,韓國,,,韓國第7代君主，稱王,,,
244,蘇秦,蘇秦|蘇君|秦,10212,,,,己,秦,季子,,蘇,,0,-284,,,,,,東周|燕國|趙國|韓國|魏國|齊國|楚國,,縱橫家，合縱代表,,,
245,公孫衍,犀首|公孫衍|衍,10212,,,犀首,,,,,,,-360,-300,,,,,,秦國|魏國,,在秦收復河西，在魏合縱攻秦,,,
246,龍賈,龍賈,10212,,,,,,,,,,0,0,,,,,,魏國,,魏惠王大將，雕陰之戰被俘,-333,,
247,張儀,張儀|儀,10212,,,,姬,儀,,武信君,張,,-373,-310,,,,,,魏國|秦國,,縱橫家，連橫代表,,,
248,鬼谷子,鬼谷先生,10212,,,王詡,,,,,,,0,0,,,,,,,,縱橫家鼻祖,-333,,
249,齊宣王,宣王辟彊|齊王|齊宣王|宣|宣王,10213,,,,,辟彊,,,田,宣,-350,-301,,,-319,-301,齊國,,,田齊第5代君主，光大稷下學宮,,,
250,燕易王,易王|燕易王,10213,,,,,,,,,易,0,-321,,,-332,-321,燕國,,,燕國第37代君主，稱王，重用私通其母的蘇秦,,,
251,衛平侯,平侯|衛平侯,10213,,,,姬,勁,,,子南,平,0,-335,,,-342,-335,衛國,,,衛國第40代君主,,,
252,楚懷王,懷王槐|楚王|王|楚懷王|懷王,10213,,,,羋,槐,,,熊,懷,-355,-296,,,-328,-299,楚國,,,楚國第40代君主，合縱伐秦，被俘客死秦國,,,
253,宋康王,偃|宋康王|桀宋|宋王|宋獻,10213,,,宋王偃|宋獻王|桀宋,,偃,,,戴,,0,-286,,,-328,-286,宋國,,,宋國末代君主，稱王，射天笞地，招貓遞狗而死,,,
254,公子華,公子華,10213,,,公子桑|公子革,嬴,,,,,,0,0,,,,,,秦國,,秦惠文王弟，大將,-328,,
255,公子繇,公子繇,10213,,,,嬴,,,,,,0,0,,,,,,秦國,,秦惠文王弟,-328,,
256,趙武靈王,武靈王|趙武靈王|趙王|王|主父|趙主父,10213,,,,嬴,雍,,主父,趙,武靈,-356,-295,,,-326,-299,趙國,,,趙國第6代君主，胡服騎射，滅中山，餓死,,,
257,肥義,肥義,10213,,,,,義,,,肥,,0,-295,,,,,,趙國,,趙國大臣，老忠臣，保護趙惠文王而死，白狄族,,,
258,衛嗣君,嗣君|衛君|衛嗣君,10213,,,衛成襄侯,姬,,,,子南,,0,-293,,,-334,-293,衛國,,,衛國第41代君主，自貶為君，供在逃齊湣王宮殿,,,
259,周慎靚王,慎靚王定|慎靚王,10213,,,,姬,定|順,,,,慎靚,0,-315,,,-320,-315,東周,,,東周第24代君主,,,
260,燕王噲,噲|燕王噲|燕王,10213,,,,,噲,,,,,0,-318,,,-320,-318,燕國,,,燕國第38代君主，禪讓國相子之,,,
261,孟嘗君,文|薛公|孟嘗君|孟嘗,10214,,,,媯,文,,孟嘗君,田,,0,-279,,,,,,齊國,,戰國四公子，食客數千，雞鳴狗盜,,,
262,登徒直,登徒直,10214,,,,,直,,,登徒,,0,0,,,,,,楚國,3,楚國人，護送孟嘗君象床,-321,,
263,公孫戌,公孫戌,10214,,,,,,,,,,0,0,,,,,,齊國,1,孟嘗君門客,-321,,
264,韓侈,公仲|公仲侈,10214,,,公仲侈,,,,,,,0,0,,,,,,韓國,,韓宣惠王重臣，連橫派,-321,,
265,公叔,公叔,10214,,,,,,,,,,0,0,,,,,,韓國,3,韓宣惠王大臣,-321,,
266,繆留,繆留,10214,,,,,,,,,,0,0,,,,,,韓國,3,韓宣惠王臣,-321,,
267,齊簡公,齊簡公|簡公,10214,2,,,姜,壬,,,,簡,0,-481,,,-485,-481,齊國,,,齊國第29代君主，被田常弒,,,
268,闞止,闞止,10214,2,,監止,,止,子我,,闞,,0,-481,,,,,,齊國,,齊簡公左相,,,
401,魏襄王,襄王|魏襄王|魏王|梁王,10301,,,,姬,嗣,,,魏,襄,0,-296,,,-318,-296,魏國,,,魏國第4代君主,,,
402,韓䱸,䱸,10301,,,,,,,,,,0,0,,,,,,韓國,3,韓國將領，濁澤之戰被俘,-317,,
403,申差,申差,10301,,,,,,,,,,0,0,,,,,,韓國,1,韓國將領，濁澤之戰被俘,-317,,
404,魯平公,平公旅|魯平公,10301,,,,姬,旅|叔,,,,平,0,-303,,,-322,-303,魯國,,,魯國第33代君主,,,
405,司馬錯,司馬錯|錯|客卿錯,10302,,,,,,,,司馬,,0,0,,,,,,秦國,,秦國名將，滅亡蜀國，司馬遷先祖,-316,,
406,蘆子霸王,蜀王,10302,,,杜蘆|開明十二世,,,,,開明,,0,-316,,,0,-316,古蜀國,,,古蜀國末代君主,,,
407,陳莊,陳莊|蜀相|蜀相莊,10302,,,,,,,,,,0,-310,,,,,,秦國,1,秦惠文王大臣，蜀國相國,,,
408,蘇代,代|蘇代,10302,,,,,,,,,,0,0,,,,,,東周|燕國,,蘇秦弟，縱橫家,-316,,
409,蘇厲,厲|蘇厲,10302,,,,,,,,,,0,0,,,,,,東周|燕國,,蘇秦弟，縱橫家,-316,,
410,子之,子之,10302,,,燕王子之,,,,,,,0,-314,,,-316,-314,燕國,燕國,,燕王噲相國，子之之亂,,,
411,鹿毛夀,鹿毛壽,10302,,,,,,,,,,0,0,,,,,,燕國,1,勸燕王噲禪讓,-316,,
412,堯,堯,10302,3,,唐堯,伊祁,放勛,,,陶唐,,0,0,,,,,上古,,,上古五帝之一,,,有時寫作尭
413,伯益,益,10302,3,,,嬴,益,,,,,0,0,,,,,,上古,,上古人物，未被禹禪讓,,,
414,啟,啟,10302,3,,,姒,啟,,,夏后,,0,0,,,,,夏朝,,,夏朝第2代君主,,,
415,周赧王,赧王延|王|赧王,10302,,,王赧,姬,延|赧,,,,,-323,-256,,,-314,-256,東周,,,東周末代君主,,,
416,韓襄王,太子倉|太子|襄王倉|韓王|韓襄王,10303,,,,,倉,,,,襄,-321,-296,,,-311,-296,韓國,韓國,,韓國第8代君主,,,
417,市被,市被,10303,,,,,,,,,,0,-314,,,,,,燕國,,燕國將領，子之之亂先攻子之後攻太子平,,,
418,太子平,太子平,10303,,,,姬,平,,,,,0,-314,,,,,,燕國,,燕昭王哥，死於子之之亂,,,
419,匡章,章子,10303,,,匡子|田章,,,,,,,0,0,,,,,,齊國,,齊國名將，參與垂沙之戰，攻破函谷關,-314,,
420,陳賈,陳賈,10303,,,,,,,,,,0,0,,,,,,齊國,3,齊國大夫,-314,,
421,周公旦,周公,10303,3,,周公|周文公,姬,旦,,,周,文,0,0,,,,,,西周,,周文王四子，攝政並還政，魯國開國君主,,,
422,管叔鮮,管叔,10303,3,,管叔|關叔,姬,鮮,,,,,0,-1113,,,-1122,-1113,管國,,,周文王三子，管國唯一君主，發動三監之亂,,,
423,齊湣王,湣王地|齊王|齊湣王|湣王|齊湣,10303,,,,媯,地|遂,,,田,湣,-323,-284,,,-300,-284,齊國,,,田齊第6代君主，東帝，吞宋，被燕破，被抽筋吊死。脊獸仙人騎雞原型,,,
424,樗里子,右更疾|樗里疾|樗里子,10303,,,樗里疾|太子疾|嚴君疾|智囊,嬴,疾,,,,,0,-300,,,,,,秦國,,秦惠文王弟，丞相及將領，堪輿界稱青烏子,,,
425,莊豹,莊豹,10303,,,,,,,,,,0,0,,,,,,趙國,,趙國將軍，秦惠文王時期被俘,-313,,百度無
426,陳軫,陳軫|陳子|軫,10304,,,,,,,,,,0,0,,,,,,齊國|秦國|楚國,,齊國縱橫家及謀士,-313,,
427,宋遺,宋遺,10304,,,,,,,,,,0,0,,,,,,楚國,1,楚懷王勇士，被派去罵齊王,-313,,
428,屈匄,屈匄,10304,,,,羋,匄,,,屈,,0,-312,,,,,,楚國,,楚懷王將領，丹陽之戰亡,,,
429,魏章,庶長章,10304,,,,,章,,,魏,,0,0,,,,,,秦國,,秦惠文王將領，參與丹陽之戰,-313,,
430,燕昭王,昭王|燕王|燕昭王,10305,,,,姬,職,,,,昭,0,-279,,,-313,-279,燕國,,,燕國第39代君主，黃金臺招募英才，破東胡、朝鮮，幾乎滅齊,,,通鑒與太子平一人，不取。
431,郭隗,郭隗|隗,10305,,,,,隗,,,郭,,0,0,,,,,,燕國,,燕昭王大臣，提議築黃金臺,-312,,
432,樂毅,樂毅|昌國君|樂君,10305,,,,,毅,,望諸君,樂,,0,0,,,,,,燕國,,燕昭王將領，幾乎滅齊,-312,,
433,劇辛,劇辛,10305,,,,,,,,,,0,-242,,,,,,趙國|燕國,,燕昭王將領、謀士，變法，被龐煖殺,,,
434,靳尚,靳尚,10306,,,上官大夫,,尚,,,靳,,0,-311,,,,,,楚國,,楚懷王大臣，貪賄,,,
435,鄭袖,鄭袖|袖,10306,,1,南后,,,,,,,0,0,,,,,,楚國,,楚懷王寵妃,-311,,
436,孟賁,孟賁|孟說,10306,,,,,,,,孟,,0,-307,,,,,,衛國|秦國,,秦武王大力士,-311,,一說即孟說，孟說為齊國人
437,烏獲,烏獲,10306,,,,,,,,烏,,0,0,,,,,,秦國,,秦武王大力士,-311,,
438,秦武王,武王|秦王|秦武王,10307,,,,嬴,蕩,,,,武,-329,-307,,,-310,-307,秦國,,,秦國第27代君主，舉鼎而死,,,
439,周最,周最,10307,,,,,,,,周,,0,0,,,,,,西周國,,西周國公子，縱橫家，主張合縱,-310,,
440,樓緩,樓緩|樓子,10307,,,,,,,,樓,,0,0,,,,,,趙國|秦國,,縱橫家，秦趙聯盟策動者，秦昭襄王丞相,-310,,
441,揚雄,揚子,10307,2,,楊雄,揚,雄,子云,,,,-53,18,,,,,,西漢,,西漢文學家，太玄經,,,
442,子貢,子貢,10307,3,,端木賜,端木,賜,子貢,,,,-520,-446,,,,,,衛國,,孔門十哲，以言語聞名,,,
443,甘茂,甘茂|茂,10308,,,,,茂,,,甘,,0,0,,,,,,楚國|秦國|魏國,,秦國名將,-310,,
444,吳廣,吳廣,10308,,,,,,,,,,0,0,,,,,,趙國,1,趙惠后吳娃之父,-310,,
445,趙惠后,孟姚|惠后|吳娃,10308,,1,吳娃|吳孟姚,姚,娃,,,吳,,0,-301,,,,,,趙國,,趙武靈王第二任王后,,,
446,趙惠文王,何|王|惠文王|趙王|趙惠文王,10308,,,趙何,,,,,,惠文,-310,-266,,,-298,-266,趙國,,,趙國第7代君主，任用廉藺、李牧、趙奢,,,
447,向壽,向壽|公孫奭,10308,,,,,,,,,,0,0,,,,,,秦國,,宣太后外戚，敵對甘茂,-308,,向壽、公孫奭、公孫郝為一人
448,曾參,曾參,10308,3,,曾子|宗聖,,參,子與,,,,-505,-432,,,,,,魯國,,儒家，孔子弟子，宗聖,,,
449,庶長封,庶長封,10308,,,,,,,,,,0,0,,,,,,秦國,,秦國將領，參與宜陽之戰,-308,,
450,任鄙,任鄙,10308,,,,,,,,,,0,0,,,,,,秦國,,秦武王大力士,-307,,
451,秦昭襄王,稷|昭襄王|秦昭王|昭王|王|秦王,10308,,,,嬴,稷,,,,昭襄,-325,-251,,,-306,-251,秦國,,,秦國第28代君主，長平之戰破趙，滅東周,,,
452,宣太后,羋八子|宣太后|太后,10308,,1,,羋,月,,,,宣,-337,-265,,,,,,秦國,,秦惠文王妃，歷史首位太后，滅義渠,,,
453,趙成 (安平君),公子成|公叔|安平君|成,10309,,,安平君,嬴,成,,,趙,,0,0,,,,,,趙國,,趙惠文王國相，趙成侯子，四朝元老，經沙丘之亂為相,-307,,
454,林胡王,林胡王,10310,,,,,,,,,,0,0,,,,,林胡,,3,獻馬給趙武靈王,-306,,
455,仇液,仇液,10310,,,,,,,,,,0,0,,,,,,趙國,,趙武靈王時出使韓國,-306,,
456,王賁(趙國),王賁,10310,,,,,,,,,,0,0,,,,,,趙國,3,趙武靈王時出使楚國,-306,,與秦國將領王賁同名
457,富丁,富丁,10310,,,,,,,,,,0,0,,,,,,趙國,3,趙武靈王時出使魏國,-306,,
458,趙爵,趙爵,10310,,,,,,,,,,0,0,,,,,,趙國,3,趙武靈王時出使齊國,-306,,
459,趙固,趙固,10310,,,,,,,,,,0,0,,,,,,趙國,2,趙武靈王代相，主管胡事,-306,,
460,魏冉,穰侯|魏冉|冉,10310,,,穰侯,羋,冉,,,魏,,-335,-266,,,,,,秦國,,宣太后異父弟，四貴之一。秦武王後把持朝政，被范雎驅逐,,,
461,羋戎,華陽君|羋戎|華陽,10310,,,,羋,戎,,,,,-332,-262,,,,,,秦國,,宣太后異父弟，四貴之一,,,
462,公子市,高陵君|高陵,10310,,,,嬴,市,,,,,0,0,,,,,,秦國,,宣太后子，四貴之一，封於宛,-305,,
463,公子悝,涇陽君|涇陽,10310,,,鄧侯,嬴,悝,,,,,0,0,,,,,,秦國,,宣太后子，四貴之一，封於鄧,-305,,
464,公子壯,庶長壯,10310,,,,嬴,,,,,,0,-305,,,,,,秦國,,秦惠文王子，秦昭襄王即位時被除,,,
465,惠文后,惠文后,10310,,1,,,,,,,,0,-305,,,,,,秦國,,秦武王母，秦昭襄王即位時被除,,,
466,悼武王后,悼武王后,10310,,1,,姬,,,,魏,,0,-305,,,,,,秦國|魏國,,秦武王后，秦昭襄王即位時被驅逐,,,
467,楚頃襄王,太子橫|太子|楚襄王|楚王|楚頃襄王|頃襄王,10310,,,,羋,橫,,,熊,頃襄,-329,-263,,,-298,-263,楚國,楚國,,楚國第41代君主，在逃殺人犯出身，荒淫誤國，屈原投河,,,
468,客卿通,通,10310,,,,,,,,,,0,0,,,,,,秦國,3,秦昭襄王時期客卿，將兵救楚,-303,,
469,太子嬰,太子嬰,10310,,,韓嬰,,,伯嬰,,,,0,-300,,,,,,韓國,,韓襄王太子,,,
470,蜀守煇,蜀守煇,10310,,,,,,,,,,0,0,,,,,,秦國,3,秦國王子，蜀侯，叛秦被司馬錯誅,-301,,
471,庶長奐,庶長奐,10310,,,,,,,,,,0,0,,,,,,秦國,,秦昭襄王將領，垂沙之戰伐楚殺唐眜,-301,,
472,唐眜,唐眜,10310,,,,,,,,,,0,-301,,,,,,楚國,,楚懷王將領，死於垂沙之戰,,,另有占星家唐眜，可能是同一人
473,中山王,中山君,10310,,,,姬,,,,,,0,-299,,,-309,-299,中山國,,,中山國第6代君主，被趙武靈王驅趕至齊國而死,,,中山王厝子，名無法輸入，大致音姿，https://baike.tw.lvfukeji.com/baike-%E4%B8%AD%E5%B1%B1%E7%8E%8B%F0%AB%B2%A8%F0%A7%8A%92?wprov=srpw1_0
474,景缺,景缺,10310,,,,,,,,,,0,-300,,,,,,楚國,1,楚懷王將領，戰死羋戎之手,,,
475,昭雎,昭雎|昭子,10311,,,,羋,雎,,,昭,,0,0,,,,,,楚國,,楚懷王大臣，勸阻懷王入秦，迎立頃襄王,-299,,
476,子蘭,蘭,10311,,,,羋,,,,熊,,0,0,,,,,,楚國,,楚懷王子，勸懷王入秦，楚國令尹，屈原敵對,-299,,子蘭是誤稱，原文：懷王之子蘭
477,平原君,勝|平原君|平原,10313,,,,嬴,勝,,,趙,,0,-251,,,,,,趙國,,戰國四公子，食客毛遂、公孫龍,,,
478,公孫龍,公孫龍|龍|公孫,10313,,,,,,,,,,-320,-250,,,,,,趙國,,名家代表人物，白馬非馬，離堅白,,,
479,孔穿,孔穿|子高|孔子高,10313,,,,,,子高,,,,0,0,,,,,,魯國,,孔子7代孫，辯論敗於公孫龍,-298,,
480,鄒衍,鄒衍|鄒子|衍,10313,,,談天衍,,衍,,,鄒,,-305,-240,,,,,,齊國,,陰陽家創始人，稷下學宮學者，五德終始，大九州,,,
601,魯後文公,緡公賈|魯緡公,10401,,,魯愍公,姬,賈,,,,文,0,-280,,,-302,-280,魯國,,,魯國第34代君主,,,
602,魏昭王,昭王|魏昭王,10401,,,,,遬,,,,昭,0,-277,,,-295,-277,魏國,,,魏國第5代君主,,,
603,韓釐王,釐王咎|韓釐王,10401,,,韓僖王,,咎,,,,釐,0,-273,,,-295,-273,韓國,,,韓國第9代君主,,,
604,中山王尚,王,10401,,,,姬,尚,,,,,0,0,,,-298,-296,中山國,,,中山國末代君主,,,
605,公子章,章|公子章|太子章,10402,,,安陽君,姬,章,,,趙,,0,-295,,,,,,趙國,,趙武靈王長子，被廢，發動沙丘之亂,,,
606,田不禮,田不禮|不禮,10402,,,,,,,,,,0,-295,,,,,,宋國|趙國,,公子章相，一起發動沙丘之亂,,,
607,李兌,李兌|兌,10402,,,奉陽君,,,,,,,0,0,,,,,,趙國,,經沙丘之亂，成趙惠文王司寇,-295,,
608,高信,信期|高信,10402,,,,,,,,,,0,0,,,,,,趙國,3,趙惠文王將領,-295,,前後文姓名不一致，取高信之名
609,公孫喜,公孫喜,10403,,,犀武,姬,喜,,,公孫,,0,-293,,,,,,魏國,,魏國大將，伊闕之戰敗於白起,,,
610,白起,白起|武安君,10403,,,公孫起,嬴,起,,,白,,-332,-257,,,,,,秦國,,秦國名將，戰國四名將,,,11月卒
611,荀子,荀卿|荀子,10403,,,孫卿,,況,,,,,-316,-235,,,,,,趙國|齊國|楚國,,另類儒家，性惡論，弟子韓非、李斯,,,卒年為-237至-235
612,燭壽,燭壽,10404,,,,,,,,,,0,0,,,,,,秦國,3,秦國客卿，短暫代魏冉丞相,-292,,
613,芒卯,芒卯,10404,,,,,,,,,,0,0,,,,,,魏國,,魏昭王將領，以詐任用，華陽之戰敗走,-290,,
614,呂禮,呂禮,10404,,,,,,,,,,0,0,,,,,,秦國|魏國|齊國,,躲避魏冉追殺出秦入齊，主張齊秦聯盟,-288,,
615,蒙武,蒙武,10405,,,,,武,,,蒙,,0,0,,,,,,秦國,,秦始皇名將，蒙恬父,,,蒙武爲蒙驁子，然而首先出現在赧王三十年：秦蒙武擊齊，拔九城。此處為記載錯誤，不可能是蒙武。
616,狐咺,狐咺,10405,,,,,咺,,,狐,,0,-285,,,,,,齊國,1,勸諫齊湣王被殺,,,
617,陳舉,陳舉,10405,,,,,,,,,,0,-285,,,,,,齊國,3,勸諫齊湣王被殺,,,
618,斯離,斯離,10405,,,,斯,離,,,,,0,0,,,,,,秦國,3,秦昭襄王將領，參與樂毅伐齊，蜀西南夷,-284,,
619,淖齒,淖齒,10405,,,,,齒,,,淖,,0,-283,,,,,,楚國|齊國,,楚頃襄王將領，救齊被封國相，後將齊湣王抽筋吊死,,,
620,王蠋,王蠋,10406,,,,,蠋,,,王,,0,-284,,,,,,齊國,,齊國退隱官員，拒絕樂毅封賞而上吊,,,
621,管仲,管仲|管夷吾|仲父,10406,3,,,姬,夷吾,仲,,管,敬,-723,-645,,,,,,齊國,,輔佐齊桓公,,,
622,齊襄王,法章|齊王|王|襄王|齊襄王,10406,,,,,法章,,,田,襄,0,-265,,,,,,齊國,,田齊第7代君主,,,
623,太史敫,太史敫,10406,,,,,,,,,,0,0,,,,,,齊國,,齊襄王逃難在其家打工，與其女君王后私通,-283,,
624,君王后,太史敫女|君王后,10406,,1,,后,,,,,,0,-249,,,,,,齊國,,齊襄王后，微時私通，繼位後與其父斷絕關系,,,
625,王孫賈,王孫賈,10406,,,,,,,,,,0,0,,,,,,齊國,1,齊湣王侍臣，殺淖齒,-283,,與春秋衛國大夫同名
626,王孫氏母,其母,10406,,1,,,,,,,,0,0,,,,,,齊國,4,王孫賈母，勸報國,-283,,
627,藺相如,藺相如|相如|藺,10407,,,,,相如,,,藺,,0,0,,,,,,趙國,,秦昭襄王上卿，完璧歸趙、澠池之會、負荊請罪,-283,,
628,衛懷君,懷君|衛懷君,10408,,,,姬,,,,子南,懷,0,-252,,,-292,-252,衛國,,,衛國第42代君主,,,
629,泄姬,泄姬,10408,,1,世姬,,,,,,,0,0,,,,,,衛國,3,衛嗣君寵妃,-283,,
630,如耳,如耳,10408,,,,,,,,如,,0,0,,,,,,衛國,2,衛嗣君大夫,-283,,
631,薄疑,薄疑,10408,,,,,,,,薄,,0,0,,,,,,衛國,1,衛嗣君時期賢人,-283,,
632,魏妃,魏妃,10408,,1,,,,,,,,0,0,,,,,,衛國,3,衛嗣君寵妃，用來平衡泄姬,-283,,
633,子產,子產,10408,3,,公孫僑|公孫成子|國子|國僑|鄭僑,姬,僑,子產|子美,,國,成,0,-522,,,,,,鄭國,,鄭國為政，改革家,,,
634,東周武公,東周武公|武公,10408,,,,姬,,,,,武,0,0,,,,,東周國,,,東周國第2代君主，勸退楚國滅周,-281,,
635,廉頗,廉頗|廉將軍|廉|頗,10409,,,信平君,嬴,頗,,,廉,,-327,-243,,,,,,趙國|魏國|楚國,,戰國四大名將,,,
636,燕惠王,惠王|燕王,10410,,,,姬,,,,,惠,0,-271,,,-278,-271,燕國,,,燕國第40代君主,,,
637,田單,田單|單|安平君,10410,,,安平君,,單,,,田,,0,0,,,,,,齊國|趙國,,齊國名將，火牛陣敗燕,-279,,
638,騎劫,騎劫,10410,,,,,,,,,,0,-279,,,,,,齊國,,燕惠王將領，替代樂毅被田單殺,,,
639,齊王建,太子建|建|齊王|齊王建|王建|王,10410,,,齊廢王|齊敬王|新世祖,,,,,田,敬,-280,-221,,,-264,-221,齊國,,,齊國末代君主,,,
640,伍子胥,伍子胥|子胥,10411,3,,申胥,羋,員,子胥,,伍,,0,-484,,,,,,楚國|吳國,,吳王闔閭上將軍，被夫差賜死。伐楚鞭屍楚平王,,,
641,闔閭,闔閭,10411,3,,,姬,光,,闔閭|闔盧,,,-537,-496,,,-514,-496,吳國,,,吳國第24代君主，春秋五霸之一,,,
642,夫差,夫差|吳王,10411,3,,,姬,,,,,,0,-473,,,-495,-473,吳國,,,吳國末代君主，被勾踐滅國,,,
643,樂閒,閒|昌國君|樂閒,10411,,,,,,,,,,0,0,,,,,,趙國|燕國,,樂毅子，襲封昌國君,-279,,wiki作樂間，取中華書局版
644,貫珠者,貫珠者,10411,,,,,,,,,,0,0,,,,,,齊國,4,齊襄王宮裏穿珠子的，勸王以田單善為己功,-279,,人名不可考
645,貂勃,貂勃,10411,,,,,,,,,,0,0,,,,,,齊國,,齊襄王大夫，受田單舉薦而力保之,-279,,
646,姜子牙,呂尚|太公|呂望|呂,10411,3,,太公望|師尚父|姜太公,姜,尚,子牙,,呂,,-1128,-1015,,,,,,商朝|西周,,輔佐周滅商，封齊國,,,wiki作太公望
647,魯仲連,魯仲連|連|魯連|仲連,10411,,,,,仲連,,,魯,,-305,-245,,,,,,齊國,,齊國遊說名士，義不帝秦，一信下一城，避祿海上,,,
648,魏安釐王,安釐王|魏王|梁王|魏安釐王,10412,,,魏安僖王,姬,圉,,,魏,安釐,0,-243,,,-276,-243,魏國,,,魏國第6代君主，龍陽之好,,,
649,信陵君,無忌|信陵君|公子|公子無忌|信陵,10412,,,,姬,無忌,,信陵君,魏,,0,-243,,,,,,魏國,,戰國四公子，魏安釐王弟，竊符救趙,,,
650,暴鳶,暴鳶,10412,,,,,,,,,,0,0,,,,,,韓國,,韓襄王大將，參與垂沙之戰,-275,,
651,魯頃公,頃公讎|魯頃公,10412,,,,姬,讎,,,,頃,0,-249,,,-279,-256,魯國,,,魯國末代君主,,,
652,陳筮,陳筮,10413,,,田苓,,,,,,,0,0,,,,,,韓國,2,韓釐王謀士，使魏冉發兵救韓,-273,,
653,胡陽,胡陽|胡傷,10413,,,,,,,,,,0,0,,,,,,秦國,,秦昭襄王客卿，華陽之戰勝，閼與之戰敗,-273,,
654,賈偃,賈偃,10413,,,,,,,,,,0,0,,,,,,趙國,1,趙惠文王將領，華陽之戰敗,-273,,
655,段干崇,段干子,10413,,,,,,,,,,0,0,,,,,,魏國,1,魏安釐王將領，華陽之戰敗後提議割讓南陽,-273,,
656,韓桓惠王,桓惠王|韓王|韓君|韓桓惠王,10413,,,,,,,,,桓惠,0,-239,,,-272,-239,韓國,,,韓國第10代君主，送鄭國去修渠,,,
657,春申君,黃歇|歇|春申君|春申,10414,,,,,,,,,,0,-238,,,,,,楚國,,戰國四公子，楚頃襄王弟，楚考烈王時期令尹,,,
658,成蟜,盛橋,10414,,,,嬴,成蟜,,長安君,,,-256,-239,,,,,,秦國|趙國,,嬴政弟，叛秦降趙被殺,,,
801,楚考烈王,太子完|太子|考烈王|楚王|楚考烈王,10501,,,,羋,完,,,熊,考烈,-278,-238,,,-262,-238,楚國,,,楚國第42代君主，重用春申君,,,
802,燕武成王,武成王|燕武成王,10501,,,,,,,,,武成,0,-258,,,-271,-258,燕國,,,燕國第41代君主,,,
803,趙奢,趙奢|馬服君|奢,10501,,,,嬴,奢,,,趙,,0,0,,,,,,趙國,,趙惠文王將領，平原君啟用，閼與之戰破秦,-271,,
804,樂乘,樂乘|武襄君,10501,,,,,,,,,,0,0,,,,,,燕國|趙國,,趙惠文王將領，樂毅族人，替代廉頗被打跑,-270,,
805,許歷,許歷,10501,,,,,,,,,,0,0,,,,,,趙國,1,趙國軍士出身，閼與之戰獻策,-270,,
806,客卿竈,客卿竈,10502,,,,,,,,,,0,0,,,,,,秦國,3,秦昭襄王客卿,-270,,
807,范雎,范雎|雎|張祿|應侯|范叔|張君,10502,,,范睢,姬,,叔,,范,,0,-255,,,,,,魏國|秦國,,秦昭襄王相國，廢宣太后四貴勢力,,,
808,須賈,須賈,10502,,,,,,,,,,0,0,,,,,,魏國,,魏昭王中大夫，范雎初為其門客，污衊范雎,-270,,
809,魏齊,魏齊|齊,10502,,,,,,,,,,0,-265,,,,,,魏國,,魏昭王相國，辱打范雎,,,
810,鄭安平,鄭安平,10502,,,,,,,,,,0,-255,,,,,,魏國|秦國|趙國,,助范雎奔秦，拜秦將，邯鄲之戰降趙,,,
811,王稽,王稽|稽,10502,,,,,,,,,,0,-255,,,,,,秦國,,向秦昭襄王推薦范雎,,,
812,王綰,五大夫綰|丞相綰,10503,,,,,,,,,,0,0,,,,,,秦國|秦朝,,秦始皇首任丞相，與李斯政見對立,-268,,基本可確定五大夫綰就是王綰
813,悼太子 (秦國),秦悼太子,10503,,,,嬴,,,,,悼,0,-267,,,,,,秦國,,秦昭襄王長子，早死於魏,,,
814,趙孝成王,孝成王丹|趙王|趙孝成王|王|孝成王,10503,,,,,丹,,,趙,孝成,0,-245,,,-265,-245,趙國,,,趙國第8代君主，在位期間長平之戰敗,,,
815,秦孝文王,安國君|太子|孝文王,10504,,,,嬴,柱|式,,,,孝文,-302,-250,,11.14,-250,-250,秦國,,,秦國第29代君主，在位3天,,,
816,趙威后,太后,10504,,1,趙威太后|孝威太后,,,,,,,-300,-265,,,,,,趙國,,趙惠文王后,,,
817,长安君 (赵国),長安君,10504,,,,嬴,,,,,,0,0,,,,,,趙國,,趙惠文王、趙威后少子,-265,,
818,觸龍,觸龍|左師公|左師,10504,,,觸讋,,,,,,,0,0,,,,,,趙國,,趙孝成王左師,-265,,
819,舒祺,舒祺,10504,,,,,,,,,,0,0,,,,,,趙國,3,觸龍少子,-265,,
820,燕武成后,燕后,10504,,1,,嬴,,,,,,0,0,,,,,,趙國|燕國,,燕武成王夫人，趙威后女,-265,,
821,陽文君,陽文君,10505,,,,羋,,,,熊,,0,0,,,,,,楚國,,楚懷王子，其子與楚考烈王爭位失敗,-263,,
822,馮亭,馮亭,10506,,,華陽君,,,,,,,0,-260,,,,,,韓國|趙國,,韓國上黨郡守，長平之戰降趙,,,羋戎也封爲華陽君
823,趙豹,平陽君豹,10506,,,,嬴,豹,,,趙,,0,0,,,,,,趙國,,趙惠文王子，主張拒絕接受韓國上黨獻地,-262,,
824,王齕,王齕|齕,10506,,,,,齕,,,王,,0,-244,,,,,,秦國,,秦昭襄王將軍，長平之戰副將,,,
825,樓昌,樓昌,10506,,,,,,,,,,0,0,,,,,,趙國,1,趙孝成王大臣，長平之戰主張和秦,-260,,
826,虞卿,虞卿,10506,,,,,信,,,虞,,0,0,,,,,,趙國,,趙孝成王相國，長平之戰主張出和楚魏，未被採納，戰後拒絕割地。卿爲官職，著虞氏春秋,-260,,
827,鄭朱,鄭朱,10506,,,,,,,,,,0,0,,,,,,趙國,1,趙孝成王使臣,-260,,
828,趙括,趙括|括|馬服,10506,,,馬服子,,括,,,趙,,-290,-260,,,,,,趙國,,趙奢子，紙上談兵，長平之戰敗,,,
829,趙將括母,括母|母,10506,,1,,,,,,,,0,0,,,,,,趙國,4,趙括之母,-260,,
830,周子,周子,10506,,,,,,,,,,0,0,,,,,,齊國,3,齊王建臣，長平之戰主張救趙,-260,,
831,司馬靳,司馬梗,10507,,,,,,,,,,0,0,,,,,,秦國,,秦昭襄王將領，司馬錯孫,-259,,司馬梗即司馬靳
832,趙郝,趙郝,10508,,,,,,,,,,0,0,,,,,,趙國,3,趙孝成王使臣，割地事秦,-259,,
833,孔謙,孔斌|子順,10509,,,,,謙|斌,子順,,孔,,0,0,,,,,,魏國,,魏安釐王相，孔子八世孫,-259,,
834,文咨,文咨,10509,,,,,,,,,,0,0,,,,,,魏國,3,孔謙友人,-259,,
835,新垣固,新垣固,10509,,,,,,,,新垣,,0,0,,,,,,魏國,3,孔謙友人,-259,,
836,伊尹,伊摯|伊,10509,3,,阿衡,姒,摯,,,伊,,-1649,-1550,,,,,,夏朝|商朝,,輔佐商湯滅夏建商，流放太甲，輔佐商朝五代。中華廚祖,,,
837,王陵 (秦國),王陵|陵,10510,,,,,,,,,,0,0,,,,,,秦國,,秦昭襄王五大夫，邯鄲之戰敗,-258,,
838,毛遂,毛遂|遂,10512,,,,,遂,,,毛,,-285,-228,,,,,,趙國,,平原君門客，毛遂自薦，聯合楚國合縱,,,
839,晉鄙,晉鄙,10512,,,,,鄙,,,晉,,0,-257,,,,,,魏國,,魏安釐王將軍，奉命救趙又按兵不動,,,
840,新垣衍,新垣衍,10513,,,,,衍,,,新垣,,0,0,,,,,,魏國,,魏安釐王將軍，被魯仲連遊說不帝秦,-258,,
841,九侯,九侯,10513,3,,鬼侯,,,,,,,0,0,,,,,,商朝,1,紂王三公，獻女不淫被醢,,,
842,鄂侯,鄂侯,10513,3,,,姞,,,,,,0,0,,,,,,商朝,1,紂王三公，替九侯說話被脯,,,
843,燕孝王,孝王|燕孝王,10514,,,,,,,,,,0,-255,,,-257,-255,燕國,,,燕國第42代君主,,,
844,侯嬴,侯嬴|侯生,10514,,,,,,,,,,0,-257,,,,,,魏國,,助信陵君竊符救趙，事後自殺,,,
845,朱亥,朱亥,10514,,,,,,,,,,0,0,,,,,,魏國,,助信陵君竊符救趙，擊殺晉鄙,-258,,
846,平原君夫人,平原君之夫人,10514,,1,,,,,,,,0,0,,,,,,魏國|趙國,4,平原君夫人，信陵君姐,-258,,
847,如姬,如姬,10514,,1,,,,,,,,0,0,,,,,,魏國,,魏安釐王寵妃，助信陵君竊符救趙,-258,,
848,毛公,毛公,10514,,,,,,,,,,0,0,,,,,,趙國,2,隱於博徒間的處士，勸信陵君歸魏,-258,,
849,薛公,薛公,10514,,,,,,,,,,0,0,,,,,,趙國,2,隱於賣漿家的處士，勸信陵君歸魏,-258,,
850,華陽太后,華陽夫人|華陽太后,10515,,1,華陽后,羋,,,華陽,,,-296,-230,,,,,,秦國,,秦孝文王扶正夫人，羋戎孫女，秦始皇養祖母,,,
851,夏姬 (秦孝文王),夏姬|夏太后,10515,,1,夏太后,,,,,夏,,-300,-240,,,,,,秦國,,秦孝文王妃，秦莊襄王母,,,
852,秦莊襄王,異人|子異人|子楚|莊襄王,10515,,,,嬴,異人|子異|子楚,,,,,-281,-247,,7.6,-250,-247,秦國,,,秦國第30代君主，秦始皇理論父,,,
853,呂不韋,呂不韋|不韋|文信侯|仲父,10515,,,,,,,,,,-292,-235,,,,,,衛國|秦國,,秦莊襄王、始皇相邦，雜家代表人物,,,
854,子傒,子傒,10515,,,,嬴,,,,,,0,0,,,,,,秦國,,秦孝文王子,-257,,
855,士倉,士倉,10515,,,,,,,,,,0,0,,,,,,秦國,3,子傒的輔佐者,-257,,
856,華陽夫人之姊,華陽夫人之姊,10515,,1,,,,,,,,0,0,,,,,,秦國,4,受呂不韋遊說，勸華陽夫人立異人爲太子,-257,,
857,趙姬,邯鄲諸姬絕美者|太后,10515,,1,,,,,,,,-280,-228,,,,,,趙國|秦國,,秦始皇生母,,,
858,秦始皇,政|始皇帝|王|秦王|始皇,10515,,,,嬴,政,,,趙,,-259,-210,,7.11,-246,-210,秦國|秦朝,,,秦朝開國國君,,,
859,將軍摎,將軍摎|摎,10516,,,,,,,,,,0,0,,,,,,秦國,3,秦昭襄王將領,-256,,摎音揪
1001,蔡澤,蔡澤|澤,20101,,,,,,,綱成君,,,0,0,,,,,,燕國|秦國,,秦昭襄王相國，勸范雎退隱,-255,,
1002,文種,大夫種,20101,3,,文仲|文會,,種,子禽,,文,,0,-472,,,,,,楚國|越國,,輔佐勾踐滅夫差，後被賜死,,,
1003,閎夭,閎夭,20101,3,,,,,,,,,0,0,,,,,,商朝|西周,,輔佐周文王，助周武王滅商,,,
1004,勾踐,越王,20101,3,,句踐|鳩淺|菼執,,,,,,,0,-464,,,-496,-464,越國,,,越王，滅吳,,,
1005,臨武君,臨武君,20102,,,,,,,,,,0,0,,,,,,楚國,1,楚考烈王封君，與荀子論兵,-255,,
1006,羿,羿,20102,3,,,,,,,,,0,0,,,,,,上古,,堯時期射日英雄,,,wiki作羿 (唐堯)
1007,造父,造父,20102,3,,,嬴,,,,,,0,0,,,,,,西周,,周穆王車御，破徐偃王，開創趙氏,,,wiki作造父 (赵氏先祖)
1008,孫武,孫,20102,3,,孫子|兵聖,姬|媯,武,長卿,,孫,,-544,-470,,,,,,齊國|吳國,,闔閭軍師，孫子兵法，兵家代表,,,
1009,盜跖,跖,20102,3,,,,跖|蹠,,,展,,0,0,,,,,,魯國,,魯國大盜，柳下惠弟,,,
1010,陳囂,陳囂,20102,,,,,,,,,,0,0,,,,,,,2,荀子弟子,-255,,
1011,燕王喜,喜|燕王喜|燕王|王,20103,,,,姬,,,,,,0,0,,,-254,-222,燕國,,,燕國末代君主，殺太子丹獻秦王,,,
1012,西周文公,西周公,20103,,,,姬,,,,,文,0,0,,,0,-256,西周國,,,西周國末代君主,,,
1013,衛元君,元君|衛元君,20103,,,,姬,,,,子南,元,0,-230,,,-252,-230,衛國,,,衛國第43代君主，魏安釐王女婿,,,
1014,唐太后,唐八子|唐太后,20103,,1,,,,,,,,0,0,,,,,,秦國,,秦孝文王母,-251,,
1015,栗腹,栗腹,20104,,,,,腹,,,栗,,-311,-251,,,,,,燕國,,燕王喜國相，鄗代之戰兵敗被殺,,,
1016,卿秦,卿秦,20104,,,,,,,,,,0,0,,,,,,燕國,1,燕王喜將領，鄗代之戰兵敗被俘,-251,,
1017,將渠,將渠,20104,,,,,,,,,,0,0,,,,,,燕國,,燕王喜大夫，反對與解圍鄗代之戰,-251,,
1018,燕將,燕將,20105,,,,,,,,,,0,-250,,,,,,燕國,4,燕王喜將領，被魯仲連一封信勸自殺,,,
1019,東周君,東周君,20106,,,,姬,,,,,,0,0,,,0,-249,東周國,,,東周國末代君主,,,
1020,蒙驁,蒙驁,20106,,,,,驁,,,蒙,,0,-240,,,,,,齊國|秦國,,秦莊襄王名將，開創蒙氏家族,,,
1021,縮高,縮高|高,20108,,,,,,,,,,0,-247,,,,,,安陵國,1,安陵國人，為安陵君捨生取義,,,
1022,安陵君,安陵君,20108,,,,,,,,,,0,0,,,0,0,安陵國,,,安陵國君主，魏成侯繼任,-247,,
1023,魏成侯,成侯,20108,,,,,,,,,,0,0,,,0,0,安陵國,,3,安陵國開國君主，魏襄王弟，始封國,-247,,
1024,鄭國,鄭國,20110,,,,,,,,,,0,0,,,,,,韓國,,為秦修建鄭國渠,-246,,wiki作鄭國 (水工)
1025,麃公,麃公,20111,,,,,,,,,,0,0,,,,,,秦國,,秦王政將領,-245,,
1026,趙悼襄王,悼襄王|趙王|趙悼襄王,20111,,,,,偃,,,,悼襄,0,-236,,,-244,-236,趙國,,,趙國第9代君主，驅廉頗,,,
1027,郭開,郭開,20111,,,,,開,,,郭,,0,0,,,,,,趙國|秦朝,,趙悼襄王權臣，驅廉頗李牧,-245,,
1028,李牧,李牧|武安君|牧,20112,,,,嬴,繓,牧,,李,,0,-229,,,,,,趙國,,戰國四大名將,,,
1029,義渠王,義渠王,20112,3,,義渠君,,,,,,,0,-272,,,,,義渠國,秦國,1,義渠國末代君主，被宣太后滅,,,
1030,秦開,秦開,20112,3,,,,,,,,,0,0,,,,,,燕國,,燕昭王將領，破東胡，秦舞陽爺爺,,,
1031,秦質子,秦質子,20113,,,,,,,,,,0,0,,,,,,秦國,3,始皇帝四年自趙歸,-243,,
1032,春平侯,趙太子,20113,,,春平君,,出,,,趙,,0,0,,,,,,趙國,,趙孝成王子，留秦爲質，與趙悼倡后私通,-243,,
1033,魏景湣王,景湣王|魏景湣王,20113,,,,,增,午,,魏,景湣,0,-228,,,-242,-228,魏國,,,魏國第7代君主,,,
1034,龐煖,龐煖,20113,,,龐煥|龐子|龐援,,煖,,,龐,,0,0,,,,,,趙國,,趙武靈王至趙悼襄王時期名將，殺劇辛,-242,,
1035,朱英,朱英|英,20113,,,,,,,,,,0,0,,,,,,魏國|楚國,1,春申君門客，勸遷都壽春,-241,,
1036,韓王安,安|韓王|韓王安|韓安,20113,,,韓廢王,姬,安,,,韓,,0,-226,,,-238,-230,韓國,,,韓國末代君主,,,
1037,楊端和,楊端和|端和,20113,,,,,,,,,,0,0,,,,,,秦國,,秦始皇將領,-238,,
1038,嫪毐,嫪毐|毐|長信侯,20114,,,,,,,,,,0,-238,,,,,,秦國,,呂不韋門客，秦始皇假父,,,
1039,昌平君,昌平君,20114,,,,羋,啓,,,熊,,-271,-223,,,-223,-223,楚國,秦國,,楚國末代君主，在秦平嫪毐之亂，被項燕立爲楚王,,,
1040,昌文君,昌文君,20114,,,,,,,,,,-276,-226,,,,,,楚國|秦國,,在秦平嫪毐之亂,,,
1041,茅焦,茅焦,20114,,,,,,,,,,0,0,,,,,,齊國|秦國,,死諫秦始皇停止禁錮母親，被尊爲上卿,-238,,
1042,李園,李園,20115,,,,,,,,,,0,-228,,,,,,趙國|楚國,,春申君門客，獻孕妹給楚考烈王，殺春申君,,,
1043,李后,其妹|李園妹,20115,,1,李環|李嫣,,,,,,,0,-228,,,,,,趙國|楚國,,李園妹，楚幽王、楚哀王母,,,
1044,楚幽王,幽王|楚幽王,20115,,,,羋,悍,,,熊,幽,0,-228,,,-237,-28,楚國,,,楚國第44代君主,,,
1045,李斯,李斯|廷尉斯|左丞相斯|丞相斯|丞相|斯,20116,,,,,斯,通古,,李,,-284,-208,,,,,,楚國|秦國|秦朝,,秦始皇左丞相，法家代表,,,
1046,由余,由余,20116,3,,,,,,,,,0,0,,,,,,秦國,,秦穆公上卿，源自綿諸國，輔佐滅西戎諸國,,,
1047,蹇叔,蹇叔,20116,3,,,,,,,,,0,0,,,,,,秦國,,秦穆公上大夫，百里奚推薦，蹇叔哭師,,,
1048,丕豹,丕豹,20116,3,,,,,,,,,0,0,,,,,,晉國|秦國,,秦穆公大夫，晉大夫丕鄭子,,,
1049,公孫枝,公孫支,20116,3,,,,,子桑,,,,0,0,,,,,,秦國,,秦穆公次卿,,,
1050,王翦,王翦|王將軍,20117,,,,,翦,,,王,,0,0,,,,,,秦國,,戰國四大名將，滅燕趙楚，平百越,-236,,
1051,桓齮,桓齮,20117,,,,,齮,,,桓,,0,-229,,,,,,秦國,,秦國將領，被李牧滅,,,齮音以。可能就是樊於期
1052,趙幽繆王,幽繆王|遷|趙王|趙王遷,20117,,,,贏,遷,,,趙,,-245,0,,,-235,-228,趙國,,,趙國第10代君主，殺李牧，名義末代君主,,,
1053,趙悼倡后,其母,20117,,1,倡姬|倡后,,,,,,,0,-228,,,,,,趙國,,趙悼襄王扶正妾，害李牧,,,
1054,代王嘉,嘉|趙公子嘉|代王|代王嘉,20117,,,,贏,嘉,,,趙,,-250,0,,,-227,-222,趙國,,,趙國末代君主，原趙悼襄王嫡長子,,,
1055,扈輒,扈輒,20117,,,,,輒,,,扈,,0,-233,,,,,,趙國,,趙幽繆王將領，被桓齮殺,,,
1056,韓非,韓非|非|韓,20118,,,,,,,,,,-280,-233,,,,,,韓國,,韓國宗室，口吃，法家代表，被李斯嫉妒殺,,,
1057,燕太子丹,燕太子丹|丹|太子|太子丹|燕丹,20119,,,燕丹|太子丹,姬,丹,,,,,0,-226,,,,,,燕國,,燕王喜太子，刺秦,,,wiki爲太子丹
1058,內史騰,內史勝,20119,,,,,騰,,,辛,,0,0,,,,,,韓國|秦國,,秦始皇內史，由韓降秦後攻韓俘韓王安,-230,,
1059,衛君角,角|衛君角,20119,,,,姬,角,,,子南,,0,0,,,-241,-209,衛國,,,衛國末代君主,,,
1060,司馬尚(戰國),司馬尚|尚,20119,,,,,,,,,,0,0,,,,,,趙國,1,趙王遷將領，李牧副手,-229,,
1061,趙葱,趙葱,20119,,,,,,,,,,0,-228,,,,,,趙國,1,趙王遷將領，替代李牧，被王翦殺,,,
1062,顏聚,顏聚,20119,,,,,,,,,,0,0,,,,,,齊國|趙國,1,趙王遷將領，替代司馬尚，被王翦俘,-229,,
1063,楚哀王,郝,20119,,,,羋,猶,,,熊,,0,-228,,,-228,-228,楚國,,,楚國第45代君主，李后所生,,,
1064,楚王負芻,負芻|楚王負芻,20119,,,,羋,負芻,,,熊,,0,0,,,-228,-223,楚國,,,楚國第46代君主，名義末代君主,,,
1065,魏王假,假|魏王假,20119,,,,,假,,,魏,,0,-225,,,-227,-225,魏國,,,魏國末代君主,,,
1066,鞠武,鞠武|太傅,20120,,,,,武,,,鞠,,0,0,,,,,,燕國,,燕太子丹太傅，推薦荊軻,-228,,
1067,樊於期,樊於期|樊將軍|於期,20120,,,,,於期,,,樊,,0,-227,,,,,,秦國|燕國,,秦亡將，自刎助荊軻,,,於音烏
1068,荊軻,荊軻|軻|荊卿,20120,,,慶卿|慶軻,,,,,,,0,-227,,,,,,衛國,,刺秦,,,
1069,秦舞陽,秦舞陽,20120,,,,,,,,,,-240,-227,,,,,,燕國,,荊軻副手，秦開孫,,,
1201,蒙嘉,蒙嘉,20201,,,,,,,,,,0,0,,,,,,秦國,1,秦王政寵臣，引見荊軻,-227,,
1202,李信,李信|信,20201,,,,,信,有成,,李,,0,0,,,,,,秦國,,秦王政名將，滅燕副將，滅楚失敗。李廣五世祖,-226,,
1203,王賁,王賁,20202,,,通武侯,,賁,,,王,,0,0,,,,,,秦國,,秦王政將領，滅六國主力，王翦子,,,
1204,蒙恬,蒙恬|將軍恬|內史恬|恬,20202,,,,,恬,,,蒙,,-250,-210,,,,,,秦國|秦朝,,秦始皇將領，北防匈奴，蒙武子,,,
1205,項燕,項燕,20203,,,,羋,燕,,,項,,0,-223,,,,,,楚國,,楚國末期大將，敗李信，被王翦擊破自殺,,,
1206,召公奭,召公,20204,1,,周召公|召康公|召伯|燕召公,姬,奭,,,,,0,0,,,,,,西周,,周文王庶子，燕國與召國始祖,,,召音邵
1207,要離,要離,20204,1,,,,離,,,要,,0,-513,,,,,,吳國,,闔閭刺客，刺殺慶忌,,,
1208,百越之君,百越之君,20204,,,,,,,,,,0,0,,,,,百越,秦國,4,投降王翦,-222,,
1209,后勝,后勝,20205,,,,后,勝,,,,,0,0,,,,,,齊國,,齊王建相國，君王后族弟，賣國,-222,,
1210,雍門司馬,雍門司馬|司馬,20205,,,,,,,,,,0,0,,,,,,齊國,2,力勸齊王建不朝秦,-222,,
1211,即墨大夫,即墨大夫,20205,,,,,,,,,,0,0,,,,,,齊國,4,力勸齊王建不朝秦,-222,,田種首、田單都做過即墨大夫，此即墨大夫姓名不詳
1212,宋毋忌,宋毋忌,20207,,,,,,,,,,0,0,,,,,,燕國|秦朝,,秦始皇時期方士，被稱為月中仙人或火仙,-219,,
1213,羨門高,羨門子高|羨門,20207,,,,,,,,,,0,0,,,,,,燕國|秦朝,2,秦始皇時期方士,-219,,
1214,徐福,徐巿,20207,,,,,,君房,,,,0,0,,,,,,秦朝,,秦始皇時期方士，東渡,-219,,巿音福，不是市
1215,舜,舜|虞舜,20207,3,,虞舜,姬|姚,重華,,,有虞,,0,0,,,,,上古,,,上古五帝之一,,,
1216,張良,張良|良|成信侯|子房,20208,,,,張,良,子房,留侯,,,-250,-186,,,,,,韓國|秦朝|西漢,,西漢開國元勛，漢初三杰,,,
1217,力士,力士,20208,,,,,,,,,,0,0,,,,,,秦朝,,張良雇傭刺客，博浪沙刺秦,-218,,
1218,盧敖,盧生,20208,,,,,,,,,,0,0,,,,,,秦朝,,秦始皇時期方士，獻書亡秦者胡，譏秦始皇,-215,,
1219,陳餘,陳餘|餘|陳將軍|成安君|代王,20209,,,,,,,,,,0,-205,,,-206,-205,代國,秦朝|張楚|秦末趙國|楚漢趙國,,與張耳相愛相殺，敗於韓信,,,
1220,孔鮒,孔鮒|子魚,20209,,,,,,子魚,,,,-264,-208,,,,,,秦朝|張楚,,孔子九世孫，藏書壁中避焚書，陳勝博士被章邯殺,,,
1221,侯生,侯生,20210,,,侯公,,,,,,,0,0,,,,,,秦朝,,秦始皇時期方士，譏秦始皇,-212,,
1222,扶蘇,扶蘇|公子扶蘇,20210,,,,,,,,,,0,-210,,,,,,秦朝,,秦始皇太子，沙丘之變被賜死,,,
1223,馮去疾,右丞相去疾|馮去疾|去疾,20211,,,,,,,,,,0,-208,,,,,,秦朝,,秦始皇右丞相，馮亭孫，勸二世停修阿房宮獲罪自殺,,,
1224,秦二世,胡亥|二世|上|陛下,20211,,,,贏,胡亥,,,,,-230,-207,,10.1,-210,-207,秦朝,,,秦朝第2代君主，秦始皇十八子,,,
1225,趙高,趙高|高|趙君|中丞相|丞相|丞相高,20212,,,,,高,,,趙,,-258,-207,,,,,,秦朝,,秦二世丞相，未必是太監,,,
1226,蒙毅,蒙毅|毅,20212,,,,,毅,,,蒙,,-245,-210,,,,,,秦朝,,秦始皇上卿，蒙恬弟,,,
1227,王離,王離,20212,,,,,離,,,王,,0,0,,,,,,秦朝,,蒙恬副將，被項羽俘,-210,,
1228,子嬰,子嬰|秦王|秦王子嬰,20213,,,秦王子嬰|秦三世,嬴,,,,,,0,-206,,1,-207,-207,秦朝,,,秦朝末代君主，誅滅趙高，大概率秦始皇弟,,,
1229,公子將閭,公子將閭|將閭|公子,20214,,,,嬴,,,,,,0,-209,,,,,,秦朝,,胡亥兄，被殺,,,
1230,公子高 (秦國),公子高,20214,,,,嬴,,,,,,0,-209,,,,,,秦朝,,胡亥兄，申請為秦始皇殉葬，保全家族,,,
1231,陳勝,陳勝|陳涉|涉|將軍|陳王|王|隱王,20215,,,陳王|楚隱王,,勝,涉,,陳,隱,0,-208,,,-209,-208,張楚,秦朝,,秦末起義領袖，建立張楚,,,
1232,吳廣,吳廣|吳叔|叔|假王,20215,,,,,廣,叔,,吳,,0,-208,,,,,,秦朝|張楚,,秦末起義領袖，張楚假王,,,
1233,葛嬰,葛嬰,20215,,,,,,,,,,0,-209,,,,,,張楚,,張楚將軍，立錯王被殺,,,
1234,張耳,張耳|耳|張君|常山王,20215,,,,,,,,,,0,-202,,,-206,-205,常山國,秦朝|張楚|秦末趙國|西漢,,西漢功臣，封趙王，與陳餘相愛相殺,,,
1235,武臣,武臣|武信君|趙王|王,20216,,,,武,臣,,,,,0,-208,,,-209,-208,秦末趙國,張楚,,張楚將領，自立為趙王，被李良殺,,,
1236,邵騷,邵騷,20216,,,,,,,,,,0,-208,,,,,,張楚|秦末趙國,,張楚將領，趙王武臣左丞相，被李良殺,,,
1237,鄧宗,鄧宗,20216,,,,,,,,,,0,0,,,,,,張楚,1,張楚將領，攻九江,-209,,
1238,襄彊,襄彊,20216,,,,,,,,,,0,-209,,,,,,秦朝,,被葛嬰立為楚王，旋即被殺,,,
1239,周巿,周巿|巿,20216,,,,,,,,,,0,-208,,,,,,張楚|秦末魏國,,張楚將領，攻魏地,,,
1240,蔡賜,房君|蔡賜,20216,,,,,,,,,,0,-208,,,,,,張楚,,張楚上柱國,,,
1241,周文,周文|周章,20216,,,,,文,章,,周,,0,-208,,,,,,張楚,,張楚將領，攻秦被章邯殺,,,
1242,蒯徹,蒯徹|徹,20216,,,,,,,,,,0,0,,,,,,西漢,,勸韓信三分天下,-209,,
1243,徐公,徐公,20216,,,,,,,,,,0,0,,,,,,秦朝|秦末趙國,,秦末范陽縣令，被蒯徹忽悠投靠趙王武臣,-209,,
1244,章邯,章邯|將軍|雍王|章將軍|邯,20217,,,,,,,,,,0,-205,,,-206,-205,雍國,秦朝,,秦末名將，滅各路起義軍,,,
1245,張敖,敖|成都君|張敖,20217,,,宣平侯,,,,,,,0,-182,,,,,,秦朝|張楚|秦末趙國|西漢,,張耳子，娶魯元公主,,,
1246,韓廣,韓廣|廣|將軍|燕王|遼東王|燕王廣,20217,,,,,,,,,,0,-206,,,-209,-207,秦末燕國,張楚|秦末趙國,,張楚將領，趙王武臣將領，自立為燕王。項羽封遼東王，不服被臧荼殺,,,
1247,李良,李良|良,20217,,,,,,,,,,0,0,,,,,,張楚|秦末趙國|秦朝,,趙王武臣將領，殺武臣，後降章邯,-209,,wiki作李良 (秦末將領)
1248,張黶,張黶|黶,20217,,,,,,,,,,0,-207,,,,,,張楚|秦末趙國,2,張楚將領，秦末趙國將領，鉅鹿之戰炮灰,,,陳餘斗氣五千人馬覆滅，主將未必死，以死論之
1249,劉邦,劉邦|季|劉季|沛公|武安侯|漢王|王|劉,20217,,,,,,季,,,高,-256,-195,,6.1,-202,-195,西漢,秦朝|秦末楚國,,西漢開國君主,,,
1250,項梁,項梁|梁|武信君,20217,,,,,,,武信君,,,0,-208,,9,,,,秦朝|秦末楚國,,秦末起義領袖，項羽叔父，敗于章邯,,,
1251,田儋,田儋|儋|齊王|齊王儋,20217,,,,,,,,,,0,-208,,,-209,-208,秦末齊國,秦朝,,秦末自立為齊王，被章邯殺,,,
1252,呂公,呂公,20218,,,,,文,叔平,,,,0,-203,,,,,,秦朝,,呂后父，擅長相面,,,wiki作呂公 (呂后父)
1253,呂雉,女|呂后,20218,,1,,,,娥姁,,,,0,-180,,8.18,,,,秦朝|西漢,,首位皇后、皇太后，-195至-180臨朝稱制,,,
1254,沛令,沛令,20218,,,,,,,,,,0,-209,,,,,,秦朝,4,被劉邦取而代之,,,
1255,蕭何,蕭何|蕭|何|丞相,20218,,,酇侯,,,,,,文終,-257,-193,,,,,,西漢,,西漢開國元勛，漢初三杰,,,
1256,曹參,曹參|曹,20218,,,,,,敬伯,,,,0,-190,,9.24,,,,西漢,,西漢開國元勛，相國，蕭規曹隨,,,
1257,樊噲,樊噲|噲,20218,,,,,,,,,,-242,-189,,,,,,西漢,,西漢開國元勛,,,
1258,項羽,籍|項羽|長安侯|魯公|羽|將軍|西楚霸王|項王|楚王|項|項籍,20219,,,,羋,籍,羽,,項,,-232,-202,,,-206,-202,西楚國,秦朝|秦末楚國,,西楚霸王,,,
1259,殷通,殷通,20219,,,,,,,,,,0,-209,,9,,,,秦朝,,秦會稽太守，被項羽殺,,,
1260,桓楚,桓楚,20219,,,,,,,,,,0,0,,,,,,秦朝|秦末楚國|西楚國,,西楚將領,-209,,wiki作桓楚(西楚)
1261,田榮,田榮|榮|齊王|齊王榮,20220,,,,,,,,,,0,-205,,,-206,-205,楚漢齊國,秦朝,,秦末齊王，敗于項羽,,,
1262,田橫,田橫|橫,20220,,,,,,,,,,0,-202,,,-203,-203,楚漢齊國,秦朝,,秦末齊王，劉邦逼降不從，五百門客群體自殺,,,
1263,趙養卒,廝養卒|趙養卒|養卒,20220,,,,,,,,,,0,0,,,,,,秦末趙國,4,游說燕將放走趙王武臣,-209,,
1264,魏咎,寧陵君|咎|魏咎|魏王|魏王咎,20220,,,,,,,,,,0,-208,,,-209,-208,秦末魏國,秦朝,,魏王假弟，被陳勝立為魏王，為保民自焚而死,,,
1401,泗川監平,泗川監平,20301,,,,,,,,,,0,0,,,,,,秦朝,3,被劉邦所破的秦守軍,-208,,
1402,雍齒,雍齒,20301,,,,,,,,,,0,-192,,,,,,秦朝|秦末魏國|秦末趙國|西楚國|西漢,,坑劉邦得封侯,,,
1403,泗川守壯,泗川守壯,20301,,,,,,,,,,0,-208,,,,,,秦朝,3,被劉邦所殺的秦守軍,,,
1404,曹無傷,左司馬|曹無傷,20301,,,,,,,,,,0,-206,,,,,,秦朝,,告密引發鴻門宴，被劉邦殺,,,通鑑注左司馬名得，不取。此左司馬大概率是曹無傷
1405,李由,李由|由,20301,,,,,,,,,,-261,-208,,,,,,秦朝,,李斯長子，守三川郡，被曹參殺,,,
1406,田臧,田臧,20301,,,,,,,,,,0,-208,,,,,,張楚,,殺吳廣得封令尹，被章邯殺,,,
1407,李歸,李歸,20301,,,,,,,,,,0,-208,,,,,,張楚,,田臧部下，被章邯殺,,,
1408,鄧說,鄧說,20301,,,,,,,,,,0,-208,,,,,,張楚,,滎陽線將領，被章邯敗，陳勝殺,,,
1409,伍徐,伍逢,20301,,,,,,,,,,0,-208,,,,,,張楚,,滎陽線將領，被章邯殺,,,
1410,趙王姊,趙王姊|王姊,20301,,1,,,,,,,,0,-208,,,,,,秦末趙國,4,趙王武臣姐姐，李良誤拜而殺之,,,
1411,秦嘉,秦嘉|嘉,20301,,,,,,,,,,0,-208,,,,,,秦末楚國,,立景駒為楚王，被項梁殺,,,wiki作秦嘉 (將領)
1412,朱雞石,朱雞石,20301,,,,,,,,,,0,-208,,,,,,秦末楚國,,項梁將領，攻伐失利被殺,,,
1413,武平君,武平君|武平君畔,20301,,,,,畔,,,,,0,-209,,,,,,張楚,2,監秦嘉軍被殺,,,
1414,司馬欣,司馬欣|長史欣|欣|塞王|塞王欣,20301,,,,,,,,,,0,-203,,,-206,-206,塞國,秦朝|秦末楚國,,秦長使，有恩項梁，項羽封塞王,,,
1415,董翳,董翳|都尉翳|翳|翟王|翟王翳,20301,,,,,,,,,,0,0,,,-206,-206,翟國,秦朝|秦末楚國,,秦都尉，勸章邯降楚，項羽封翟王,-208,,
1416,張賀,張賀,20301,,,,,,,,,,0,-208,,,,,,張楚,3,張楚將領，被章邯殺,,,
1417,莊賈 (秦朝),莊賈,20301,,,,,,,,,,0,-208,,,,,,張楚,,陳勝司機，殺之，被呂臣殺,,,
1418,陳勝妻父,妻之父,20301,,,,,,,,,,0,0,,,,,,秦朝,4,陳勝老丈人，罵之,-209,,
1419,朱防,朱防,20301,,,,,,,,,,0,0,,,,,,張楚,3,陳勝中正官,-208,,
1420,胡武,胡武,20301,,,,,,,,,,0,0,,,,,,張楚,3,陳勝司過官,-208,,
1421,呂臣,將軍呂臣|呂將軍|呂臣,20302,,,,,,,,,,0,0,,,,,,張楚|秦末楚國|西楚國|西漢,,陳勝涓人，殺莊賈為之報仇,-208,,
1422,宋留,宋留|留,20302,,,,,,,,,,0,-208,,,,,,張楚,,陳勝部將,,,
1423,趙歇,趙歇|歇|趙王|趙王歇|代王,20302,,,,,,,,,,0,-205,,,-208,-207,秦末趙國,秦朝,,秦末趙宗室后裔，被立為趙王、代王（-206至-205）,,,
1424,東陽甯君,東陽甯君,20302,,,,,,,,,,0,0,,,,,,秦朝|秦末楚國,3,與秦嘉共立景駒為楚王,-208,,
1425,景駒,景駒|楚王景駒,20302,,,,羋,,,,景,,0,-208,,,-208,-208,秦末楚國,秦朝,,被秦嘉立為楚王，被項梁殺,,,
1426,公孫慶,公孫慶,20302,,,,,,,,,,0,-208,,,,,,秦末楚國,2,景駒使者，欲連齊被田儋殺,,,
1427,英布,黥布|布|英布|當陽君|九江王|王|大王,20302,,,,布,,,,英,,0,-195,,,-206,-202,九江國,秦朝|張楚|西楚國|西漢,,漢初三大名將,,,
1428,吳芮,吳芮|番君|芮|衡山王,20302,,,,芮,,,,吳,,0,-202,,,-206,-202,衡山國,秦朝|西漢,,歸漢為長沙王，英布老丈人,,,
1429,章邯司馬夷,章邯司馬夷,20302,,,,,,,,,,0,0,,,,,,秦朝,3,章邯別將，攻楚,-208,,夷原文上尸下二
1430,召平,召平,20302,,,邵平|東陵侯,,,,,,,0,0,,,,,,秦朝|張楚|西楚國|西漢,,拜項梁為楚上柱國，西漢齊國相，種瓜能手，東陵瓜,-208,,東陵侯、陳勝部將、西漢齊國相，三人有可能并非一人
1431,陳嬰,陳嬰|嬰,20302,,,,,,,,,安,0,-183,,,,,,秦朝|西楚國|西漢,,不當王，立項梁，後封楚上柱國，降漢為楚元王丞相,,,
1432,陳嬰母,嬰母,20302,,1,,,,,,,,0,0,,,,,,秦朝,4,陳嬰母，勸其不稱王,-208,,
1433,蒲將軍,蒲將軍,20302,,,,,,,,,,0,0,,,,,,西楚國,,項羽將領，參與鉅鹿之戰,,,
1434,餘樊君,餘樊君,20302,,,,,,,,,,0,-208,,,,,,秦末楚國,,項梁將領，被章邯殺,,,
1435,范增,范增|亞父,20302,,,,,,,,,,-278,-204,,,,,,西楚國,,項羽亞父,,,
1436,南公,楚南公,20302,3,,,,,,,,,0,0,,,,,,楚國,1,戰國末楚人，楚雖三戶亡秦必楚,,,
1437,楚義帝,心|楚懷王|懷王|楚王|義帝,20302,,,楚後懷王,羋,心,,,熊,,0,-206,,,-208,-206,秦末楚國,秦朝,,項梁立為楚懷王，項羽殺之,,,
1438,韓成,橫陽君成|韓成|韓王|韓王成|穰侯,20302,,,,,,,,,,0,-206,,,-208,-207,秦末韓國,秦朝|西楚國,,張良復國稱韓王，項羽封之，隨即被殺,,,
1439,項它,項它,20302,,,項佗|項他,,,,,,,0,0,,,,,,西楚國|西魏國|西漢,,西楚國及西魏國將領,-208,,
1440,魏豹,豹|魏豹|魏王|魏王豹|西魏王|西魏王豹,20302,,,,,,,,,,0,-204,,,-208,-207,秦末魏國,秦朝,,魏咎弟，秦末魏王，夫人薄姬，被周苛殺，-206至-204西魏國掌權,,,
1441,田假,假|齊王假|田假|齊王,20302,,,,,,,,,,0,-205,,,-208,-208,秦末齊國,秦朝,,齊王建弟，兩度短期當齊王，-205年楚漢齊國掌權,,,
1442,田角,田角|角,20302,,,,,,,,,,0,0,,,,,,秦朝|秦末齊國,,田假相，敗後逃亡趙國,-208,,
1443,田間,間|田間,20302,,,,,,,,,,0,0,,,,,,秦朝|秦末齊國,,田假將軍，田角弟，敗後逃亡趙國,-208,,
1444,田巿,巿|齊王|田巿|膠東王|齊王巿,20302,,,,,,,,,,0,-206,,,-208,-207,秦末齊國,秦朝,,田儋子，慫，被田榮殺，-206年膠東國掌權,,,
1445,韓玘,韓玘,20303,3,,,,,,,,,0,0,,,,,,韓國,,韓昭侯刺客，殺晉靜公,-349,十年，韩姬弑其君悼公。“韩姬”，《竹书纪年》作“韩玘”。,通鑑記其為韓王安相欲圖不軌，不取
1446,馮劫,馮劫|劫,20303,,,,,,,,,,0,-208,,,,,,秦朝,,馮去疾子，秦始皇御史大夫，勸二世停休阿房宮獲罪自殺,,,
1447,李斯中子,其中子,20303,,,,,,,,,,0,-208,,,,,,秦朝,4,與李斯共同被誅,,,
1448,宋義,宋義|卿子冠軍|義,20304,,,,,,,,,,0,-208,,,,,,秦末楚國,,楚義帝卿子冠軍，預言項梁兵敗，被項羽殺,,,
1449,高陵君顯,高陵君顯,20304,,,,,,,,,,0,0,,,,,,秦末齊國,3,秦末齊國使者，舉薦宋義,-208,,
1450,呂青,呂青,20304,,,,,,,,,,0,-191,,,,,,張楚|秦末楚國|西楚國|西漢,,呂臣父，楚義帝封令尹,,,
1451,田都,田都|都|齊王,20304,,,,,,,,,,0,0,,,-206,-206,楚漢齊國,秦末齊國,,原田儋部將，項羽封為臨淄王，被田榮逐,,,
1452,宋襄,宋襄,20304,,,,,,,,,,0,-208,,,,,,秦末楚國,,宋義子，去齊為相被項羽殺,,,
1453,柴武,剛武侯,20304,,,陳武|棘蒲侯,,,,,,剛,0,-163,,,,,,西漢,,早期劉邦奪其軍四千人,,,
1454,皇欣,皇欣,20304,,,,,,,,,,0,0,,,,,,秦末魏國,,魏豹將領，鉅鹿之戰六國聯軍,-207,,
1455,武滿,武滿,20304,,,,,,,,,,0,0,,,,,,秦末魏國,,魏豹將領，鉅鹿之戰六國聯軍,-207,,
1456,田安,安|田安|濟北王|濟北王安,20304,,,,,,,,,,0,-206,,,-206,-206,濟北國,秦末齊國,,項羽封為濟北王，被田榮殺，王莽六世祖,,,
1457,陳澤,陳澤|澤,20304,,,,,,,,,,0,-207,,,,,,秦末趙國,3,趙王歇將領，鉅鹿之戰炮灰,,,陳餘斗氣五千人馬覆滅，主將未必死，以死論之
1458,蘇角,蘇角,20304,,,,,,,,,,0,-207,,,,,,秦朝,,王離部將，死于鉅鹿之戰,,,
1459,涉閒,涉閒,20304,,,,,,,,,,0,-207,,,,,,秦朝,,王離部將，鉅鹿之戰拒降自焚,,,wiki作涉間，不取
1460,彭越,彭越|越|仲|彭將軍,20305,,,,,,仲,,,,0,-196,,,,,,秦朝|西漢,,漢初三大名將，梁王，被呂后滅族,,,
1461,酈食其,酈食其|食其|酈生|廣野君,20305,,,高陽酒徒,,,,,,,-268,-204,,,,,,秦朝|漢國,,劉邦謀臣，游說田廣因韓信攻擊被烹,,,
1462,沛公騎士,騎士,20305,,,,,,,,,,0,0,,,,,,漢國,4,酈食其引薦者,-207,,
1463,酈商,商,20305,,,,,,,,,,0,-180,,,,,,秦朝|西漢,,酈食其弟，西漢開國功臣,,,
1464,楊熊,楊熊,20305,,,,,,,,,,0,-207,,,,,,秦朝,1,秦朝將領，敗於劉邦，被二世斬,,,
1465,司馬卬,司馬卬|卬|殷王|殷王卬,20305,,,,,,,,,,0,-205,,,-206,-205,殷國,秦末趙國|漢國,,項羽封殷王，原為趙別將，晉司馬氏祖先,,,
1466,呂齮,南陽守齮|南陽守|殷侯,20305,,,,,,,,,,0,0,,,,,,秦朝|秦末楚國,2,秦末南陽守，歸降劉邦,-207,,
1467,陳恢,陳恢,20305,,,,,,,,,,0,0,,,,,,秦朝|秦末楚國,1,秦末南陽守呂齮門客，勸其歸降劉邦,-207,,
1468,戚鰓,高武侯鰓,20305,,,臨轅侯,,,,,,,0,0,,,,,,秦朝|西漢,2,西漢開國功臣，戚夫人父,-196,高祖十一年二月封臨轅侯，置臨轅侯國,
1469,王陵 (西漢),襄侯王陵|王陵|陵,20305,,,,,,,,,,0,-180,,,,,,秦朝|西漢,,西漢開國功臣，劉邦老鄉，漢惠帝右丞相,,,
1470,梅鋗,梅鋗,20305,,,,,,,,,,0,-196,,,,,,秦朝|西漢,,吳芮別將,,,
1471,始成,始成,20305,,,,,,,,,,0,0,,,,,,秦朝,3,章邯軍候，與項羽合約未成,-207,,
1472,申陽,瑕丘申陽|申陽|河南王,20305,,,,,陽,,,申,,0,0,,,-206,-206,河南國,秦末趙國|西漢,,項羽封河南王，原張耳寵臣,,,
1473,閻樂,閻樂|樂,20306,,,,,,,,,,0,-207,,,,,,秦朝,,趙高女婿，殺秦二世,-207,,
1474,趙成,趙成|郎中令,20306,,,,,,,,,,0,-207,,,,,,秦朝,1,趙高弟，共謀殺秦二世,,,
1475,樂母,樂母,20306,,1,,,,,,,,0,0,,,,,,秦朝,4,閻樂母，望夷宮之變假裝被趙高綁架,-207,,
1476,宦者,宦者,20306,,,,,,,,,,0,0,,,,,,秦朝,4,秦二世隨侍宦者，不敢報趙高政變,-207,,
1477,陸賈,陸賈,20307,,,,,,,,,,-240,-170,,,,,,秦朝|西漢,,劉邦辯士，招降趙佗，新語,,,
1601,賈誼,賈誼,30101,2,,賈生|賈太傅|賈長沙,賈,誼,,,,,-200,-168,,,,,,西漢,,漢文帝梁王太傅，文學家,,,
1602,項伯,項伯|伯,30102,,,,劉,纏,,,項,,0,-192,,,,,,秦朝|西楚國|西漢,,項羽叔父，鴻門宴救劉邦,,,
1603,項莊,項莊|莊,30102,,,,,,,,,,0,0,,,,,,西楚國,,項羽弟，鴻門宴刺劉邦,-206,,
1604,夏侯嬰,夏侯嬰|滕公,30102,,,,夏侯,嬰,,,,文,0,-172,,,,,,西漢,,西漢開國功臣，劉邦發小，太仆，專業開車撿孩子,,,
1605,靳彊,靳彊,30102,,,汾陽侯,,,,,,,0,-186,,,,,,西漢,,鴻門宴護送劉邦逃跑,,,
1606,紀信,紀信|信,30102,,,紀成,,,,,,,0,-204,,,,,,漢國,,滎陽之圍替死鬼,,,
1607,韓生,韓生,30103,,,,,,,,,,0,-206,,,,,,秦朝,,罵項羽沐猴而冠被烹,,,
1608,共敖,共敖|敖|臨江王,30103,,,,,,,,,,0,-204,,,-206,-204,臨江國,秦末楚國,,楚義帝柱國，項羽封為臨江王,,,
1609,臧荼,臧荼|荼|燕王,30103,,,,,,,,,,0,-202,,,-206,-202,楚漢燕國,秦朝|西漢,,韓廣部將，項羽封為燕王，滅韓廣，被劉邦滅,,,
1610,周勃,周勃,30104,,,絳侯,,,,,,武,0,-169,,,,,,西漢,,西漢開國功臣，文帝右丞相,,,
1611,灌嬰,灌嬰,30104,,,,,,,,,,0,-176,,,,,,西漢,,西漢開國功臣，太尉、丞相,,,
1612,蕭公角,蕭公角,30104,,,,,,,,,,0,0,,,,,,西楚國,,項羽部將，敗于彭越,-206,,
1613,張同,張同,30104,,,,,,,,,,0,0,,,,,,代國,3,陳餘部下，游說田榮,-206,,
1614,夏說,夏說,30104,,,,,,,,,,0,0,,,,,,代國,,陳餘部下，代國相國，敗于韓信,-206,,
1615,韓信,韓信|信|將軍,30105,,,,,,,,,,0,-196,,,,,,秦朝|秦末楚國|西漢,,漢初三杰，漢初三大名將,,,
1616,漂母,漂母|母,30105,,1,,,,,,,,0,0,,,,,,秦朝,,給韓信送飯,-206,,
1617,屠中少年,屠中少年,30105,,,,,,,,,,0,0,,,,,,秦朝,4,韓信胯下之辱,-206,,
1618,薛歐,薛歐,30106,,,,,,,,,敬,0,-188,,,,,,西漢,,西漢開國功臣，十八列侯之一,,,
1619,王吸,王吸,30106,,,,,,,,,定,0,-179,,,,,,西漢,,西漢開國功臣，十八列侯之一,,,
1620,劉太公,太公,30106,,,,,煓,,,,,0,-197,,,,,,秦朝|西漢,,劉邦父,,,
1621,王陵之母,陵母,30106,,1,,,,,,,,0,-206,,,,,,秦朝,,自殺明志讓王陵歸漢,,,
1622,鄭昌,鄭昌|韓王|韓王昌|昌,30106,,,,,,,,,,0,0,,,-206,-205,楚漢韓國,秦朝|秦末楚國|西漢,,項羽部將，立為韓王對抗劉邦，降於韓王信,,,
1623,周苛,周苛,30106,,,,,,,,,,0,-204,,,,,,漢國,,劉邦御史大夫，滎陽之戰被項羽殺,,,
1624,韓王信,信|韓王|韓王信,30106,,,,姬,信,,,韓,,0,-196,,,,,,西漢|匈奴,,韓襄王孫，蟣蝨子，受劉邦封韓王，降匈奴，被柴武殺,,,
1625,章平,雍王弟平,30106,,,,,,,,,,0,0,,,,,,秦朝,,章邯弟，被劉邦俘,-205,,wiki作章平 (秦國)
1626,陳平,陳平|平|陳孺子,30107,,,,,,,,,獻,0,-178,,,,,,秦末魏國|西楚國|西漢,,西漢開國功臣,,,wiki作陳平 (漢朝)
1627,魏無知,魏無知|無知,30107,,,,,,,,,,0,0,,,,,,秦朝|漢國,,向劉邦引薦陳平,-205,,
1628,董公,董公,30107,,,,,,,,,,0,0,,,,,,秦朝|漢國,2,三老，諫劉邦打殺義帝旗號討伐項羽,-205,,
1629,田廣,廣|齊王,30107,,,,,,,,,,0,-203,,,-205,-203,楚漢齊國,秦末齊國,,田榮子，被田橫立為齊王，被韓信滅,,,
1630,漢惠帝,孝惠|盈|太子,30107,,,,,盈,,,,,-211,-188,,9.26,-195,-188,西漢,,,西漢第2代皇帝,,,
1631,魯元公主,魯元公主,30107,,1,,,,,,,元,0,-187,,,,,,西漢,,劉邦呂后獨女，漢惠帝姐兼丈母娘,,,
1632,審食其,審食其,30107,,,,,,,,,,0,-177,,,,,,西漢,,呂后左丞相，被劉長殺,,,
1633,呂澤,周呂侯,30107,,,,,,,,,,0,-199,,,,,,西漢,,西漢開國功臣，呂后哥,,,
1634,隨何,隨何|何,30108,,,,,,,,,,0,0,,,,,,西漢,,劉邦謁者，勸降英布,-205,,
1635,李必,李必|必,30108,,,,,,,,,,0,0,,,,,,秦朝|漢國,,本秦將，京索之戰訓練騎兵,-205,,
1636,駱甲,駱甲|甲,30108,,,,,,,,,,0,0,,,,,,秦朝|漢國,1,本秦將，京索之戰訓練騎兵,-205,,
1637,微生高,尾生,30109,3,,,,高,,,微生,,0,0,,,,,,魯國,1,春秋魯國人，孔子弟子，莊子盜跖篇提到的人物，尾生抱柱,,,
1638,祖己,孝己,30109,3,,,,,,,,,0,0,,,,,,商朝,,武丁嫡長子，苦孝，被繼母流放餓死,,,
1639,宣曲任氏,宣曲任氏|任氏,30109,,,,,,,,,,0,0,,,,,,秦朝|西漢,1,富商，屯糧致富。也代指家族,-205,,
1640,柏直,柏直,30109,,,,,,,,,,0,0,,,,,,西魏國,1,韓信伐魏時西魏國大將,-205,,
1641,馮敬,馮敬,30109,,,,,,,,,,0,-142,,,,,,西魏國|西漢,,原西魏國騎將，西漢御史大夫，馮無擇子，景帝時戰死匈奴,,,wiki作馮敬 (西漢)
1642,馮毋擇,馮無擇,30109,,,,,,,,,,0,-184,,,,,,秦朝|西漢,,馮亭後代，秦始皇時封武信侯，曹參殺李由戰被俘歸漢，西漢郎中令,,,
1643,周叔,周叔,30109,,,,,,,,,,0,0,,,,,,西魏國,3,西魏國大將，韓信伐魏所忌憚者,-205,,
1801,李左車,廣武君|李左車,30201,,,,,,,,,,0,0,,,,,,楚漢趙國,,李牧孫，陳餘不聽其建議導致井陘之戰敗,-205,,
1802,項聲,項聲,30202,,,,,,,,,,0,0,,,,,,西楚國,,西楚國將領，與龍且配合,-204,,
1803,龍且,龍且,30202,,,,,,,,,,0,-204,,,,,,西楚國,,西楚國將領，與項聲配合，得項羽信任,,,
1804,商容,商容,30203,3,,,,,,,,,-1161,-1086,,,,,,商朝,1,紂王賢者，掌禮樂勸諫被黜,,,
1805,箕子,箕子,30203,3,,,子,胥餘,,,,,0,-1082,,,,,,商朝|箕子朝鮮,,紂王臣，殷三仁,,,
1806,比干,比干,30203,3,,,子,干,,,,,0,0,,,,,,商朝,,紂王宰相及叔父，殷三仁,,,
1807,荀悅,荀悅,30203,2,,,,,仲豫,,,,148,209,,,,,,東漢,,荀子13世孫，史學家，漢紀,,,
1808,卞莊子,卞莊,30203,3,,,,,,,,,0,0,,,,,,魯國,,春秋魯國大夫，卞莊刺虎,,,
1809,鍾離昩,鍾離昩,30204,,,鍾離昧|鍾離眛,鍾離,,,,,,0,-201,,,,,,西楚國,,西楚國將領，得項羽信任，韓信友,,,wiki作鍾離昧
1810,周殷,周殷,30204,,,,,,,,,,0,0,,,,,,西楚國,,西楚國大司馬，得項羽信任,-204,,
1811,樅公,樅公,30204,,,,,,,,,,0,-204,,,,,,漢國,1,滎陽之戰被項羽殺,,,
1812,,,,,,,,,,,,,,,,,,,,,,,,,
1813,,,,,,,,,,,,,,,,,,,,,,,,,
1814,,,,,,,,,,,,,,,,,,,,,,,,,
1815,,,,,,,,,,,,,,,,,,,,,,,,,
1816,,,,,,,,,,,,,,,,,,,,,,,,,
1817,,,,,,,,,,,,,,,,,,,,,,,,,
1818,,,,,,,,,,,,,,,,,,,,,,,,,
1819,,,,,,,,,,,,,,,,,,,,,,,,,
1820,,,,,,,,,,,,,,,,,,,,,,,,,
1821,,,,,,,,,,,,,,,,,,,,,,,,,
1822,,,,,,,,,,,,,,,,,,,,,,,,,
1823,,,,,,,,,,,,,,,,,,,,,,,,,
1824,,,,,,,,,,,,,,,,,,,,,,,,,
1825,,,,,,,,,,,,,,,,,,,,,,,,,
1826,,,,,,,,,,,,,,,,,,,,,,,,,
1827,,,,,,,,,,,,,,,,,,,,,,,,,
1828,,,,,,,,,,,,,,,,,,,,,,,,,
1829,,,,,,,,,,,,,,,,,,,,,,,,,
1830,,,,,,,,,,,,,,,,,,,,,,,,,
