索引號,卷序號,時代名稱,節名,起始,結束,備注
10101,1,戰國,三家分晉,初命晉大夫魏斯,豈不哀哉,
10102,1,戰國,三家滅智,初，智宣子將以瑤為後,又何失人之足患哉,
10103,1,戰國,豫讓復仇,三家分智氏之田,遂殺之,
10104,1,戰國,趙魏韓身世,襄子為伯魯之不立也,是為景侯,
10105,1,戰國,魏文侯,魏文侯以卜子夏,愿卒為弟子,
10106,1,戰國,吳起,吳起者，衛人,是以哭之,
10107,1,戰國,至安王五年,燕湣公薨,日有食之,
10108,1,戰國,聶政,三月，盜殺韓相俠累,遂死于政尸之旁,
10109,1,戰國,至安王十五年,鄭駟子陽之黨弒繻公,取南鄭,
10110,1,戰國,魏武侯及吳起去魏,魏文侯薨,而楚之貴戚大臣多怨吳起者,
10111,1,戰國,至安王二十五年,秦惠公薨,取茲方,
10112,1,戰國,子思仕衛,子思言茍變於衛侯曰,抑亦似君之君臣乎,
10113,1,戰國,至烈王六年,魯穆公薨,魏敗趙師於懷,
10114,1,戰國,齊威王,齊威王召即墨大夫,是為顯王,
10115,1,戰國,韓趙謀魏,魏大夫王錯出奔韓,其國可破也,
10201,2,戰國,至顯王七年,齊伐魏,子文公立,
10202,2,戰國,秦孝公及商鞅變法,秦獻公薨,趙、齊、宋會於平陸,
10203,2,戰國,齊威魏惠論寶,齊威王、魏惠王會田於郊,楚王使景舍救趙,
10204,2,戰國,桂陵之戰,齊威王使田忌救趙,魏師大敗,
10205,2,戰國,至顯王十八年,韓伐東周,與趙盟漳水上,
10206,2,戰國,韓昭侯及申不害變法,韓昭侯以申不害為相,吾必待有功者,
10207,2,戰國,至顯王二十六年,秦商鞅筑冀闕宮庭於咸陽,秦孝公使公子少官率師會諸侯於逢澤以朝王,
10208,2,戰國,馬陵之戰,魏龐涓伐韓,出奔楚,
10209,2,戰國,魏獻河西及商鞅車裂,衛鞅言於秦孝公曰,宋太丘社亡,
10210,2,戰國,孟子見梁惠王,鄒人孟軻見魏惠王,所與言之人異故也,
10211,2,戰國,至顯王三十六年,秦伐韓,子宣惠王立,
10212,2,戰國,蘇秦相六國,初，洛陽人蘇秦說秦王以兼天下之術,車騎輜重擬於王者,
10213,2,戰國,至顯王四十八年,齊威王薨,子噲立,
10214,2,戰國,孟嘗君,齊王封田嬰於薛,君之國危矣,
10301,3,戰國,魏反縱為橫,衛更貶號曰君,子平公旅立,
10302,3,戰國,慎靚王崩,巴、蜀相攻擊,子赧王延立,
10303,3,戰國,子之之亂,秦人侵義渠,擄其將莊豹,
10304,3,戰國,張儀欺楚及丹陽藍田之戰,秦王欲伐齊,割兩城以請平於秦,
10305,3,戰國,燕昭王招賢,燕人共立太子平,蜀相殺蜀侯,
10306,3,戰國,張儀連橫六國,秦惠王使人告楚懷王,燕王請獻常山之尾五城以和,
10307,3,戰國,張儀死及評縱橫家,張儀歸報,非吾徒之才也,
10308,3,戰國,宜陽之戰及舉鼎絕臏,秦王使甘茂誅蜀相莊,實宣太后,
10309,3,戰國,胡服騎射,趙武靈王北略中山之地,而招騎射焉,
10310,3,戰國,宣太后外戚及武靈王傳國,秦昭王使向壽平宜陽,秦人大驚,
10311,3,戰國,楚懷王被囚,齊王、魏王會于韓,楚人立之,
10312,3,戰國,雞鳴狗盜,秦王聞孟嘗君之賢,孟嘗君乃得脫歸,
10313,3,戰國,公孫龍受絀,楚人告於秦曰,公孫龍由是遂絀,
10401,4,戰國,至赧王二十年,楚懷王亡歸,酺五日,
10402,4,戰國,沙丘之亂,趙主父封其長子章於代,故亂起,
10403,4,戰國,論秦欺楚,秦樓緩免相,是其所以危也,
10404,4,戰國,桀宋滅亡,秦魏冉謝病免,死於溫,
10405,4,戰國,樂毅伐齊,秦王會楚王於宛,不善擇者人制之,
10406,4,戰國,殺淖齒立齊襄,樂毅聞畫邑人王蠋賢,王已立在莒矣,
10407,4,戰國,完璧歸趙,趙王得楚和氏璧,趙王以相如為上大夫,
10408,4,戰國,至赧王三十六年,衛嗣君薨,取鄢、鄧、西陵,
10409,4,戰國,澠池之會,秦王使使者告趙王,遂為刎頸之交,
10410,4,戰國,田單復國,初，燕人攻安平,君王后亦不以不見故失人子之禮,
10411,4,戰國,樂毅田單後事,趙王封樂毅於觀津,狄人乃下,
10412,4,戰國,至赧王四十一年,初，齊湣王既滅宋,子頃公讎立,
10413,4,戰國,華陽之戰,趙人、魏人伐韓華陽,子桓惠王立,
10414,4,戰國,春申連秦楚,韓、魏既服於秦,約親於楚,
10501,5,戰國,閼與之戰,楚以左徒黃歇侍太子完為質於秦,以許歷爲國尉,
10502,5,戰國,遠交進攻,穰侯言客卿竈於秦王,與謀兵事,
10503,5,戰國,范雎用事,秦中更胡傷攻趙閼與,雎真傾危之士哉,
10504,5,戰國,觸龍說趙太后,秦王以子安國君為太子,秦師退,
10505,5,戰國,春申歸楚,齊安平君田單將趙師以伐燕,楚人納州於秦以平,
10506,5,戰國,長平之戰,武安君伐韓,趙人大震,
10507,5,戰國,應侯武安構隙,十月，武安君分軍為三,武安君由是與應侯有隙,
10508,5,戰國,虞卿拒事秦,趙王將使趙郝約事於秦,趙王封虞卿以一城,
10509,5,戰國,子順相魏,秦之始伐趙也,天下其盡爲秦乎,
10510,5,戰國,范雎報仇,秦王欲爲應侯必報其仇,不任行,
10511,5,戰國,邯鄲之戰起,正月，王陵攻邯鄲,乃以王齕代王陵,
10512,5,戰國,毛遂自薦,趙王使平原君求救於楚,魏王亦使將軍晉鄙將兵十萬救趙,
10513,5,戰國,義不帝秦,秦王使謂魏王曰,不敢復言帝秦矣,
10514,5,戰國,竊符救趙,燕武成王薨,終身不復見,
10515,5,戰國,呂不韋獻趙姬,秦太子之妃曰華陽夫人,因更其名曰楚,
10516,5,戰國,周赧王崩,秦將軍摎伐韓,赧王崩,
20101,6,秦,蔡澤上任,河東守王稽坐與諸侯通,澤爲相數月，免,
20102,6,秦,荀子議兵,楚春申君以荀卿爲蘭陵令,非爭奪也,
20103,6,秦,至昭襄王五十六年,燕孝王薨,韓王縗絰入弔祠,
20104,6,秦,鄗代之戰,燕王喜使栗腹約歡於趙,趙師乃解去,
20105,6,秦,魯仲連避祿,趙平原君卒,則自然也,
20106,6,秦,至莊襄王三年,呂不韋爲相國,初置太原郡,
20107,6,秦,信陵歸魏,蒙驁帥師伐魏,抑之而還,
20108,6,秦,縮高死國,安陵人縮高之子仕於秦,請再拜辭罪,
20109,6,秦,信陵餘年及始皇初立,王使人行萬金於魏以間信陵君,蒙驁擊定之,
20110,6,秦,鄭國渠,韓欲疲秦人,關中由是益富饒,
20111,6,秦,廉頗老矣,麃公將卒攻卷,取十二城,
20112,6,秦,李牧破匈奴及諸戎狄故事,趙王以李牧爲將,及戰國之末而匈奴始大,
20113,6,秦,至始皇帝九年,春，蒙驁伐魏,取衍氏,
20114,6,秦,嫪毐之亂,初，王即位，年少,復爲母子如初,
20115,6,秦,李園進妹,楚考列王無子,何其益乎,
20116,6,秦,諫逐客書,王以文信侯奉先王功大,卒兼天下,
20117,6,秦,至始皇帝十四年,趙人伐燕,取宜安、平陽、武城,
20118,6,秦,殺韓非,韓王納地效璽,烏足愍哉,
20119,6,秦,至始皇帝十九年,王大興師伐趙,子假立,
20120,6,秦,刺秦上,燕太子丹怨王,使入秦,
20201,7,秦,刺秦下,荊軻至咸陽,王復進兵攻之,
20202,7,秦,秦滅魏,王賁伐楚,王義而許之,
20203,7,秦,秦滅楚,李信攻平輿,以其地置楚郡,
20204,7,秦,滅燕趙定百越,大興兵,天下大酺,
20205,7,秦,秦滅齊,初，齊君王后賢,豈不悖哉,
20206,7,秦,初為皇帝,王初并天下,治馳道於天下,
20207,7,秦,東巡,始皇東行郡、縣,遂自南郡由武關歸,
20208,7,秦,築長城,初，韓人張良,築長城及處南越地,
20209,7,秦,焚書建阿房,丞相李斯上書曰,皆復不事十歲,
20210,7,秦,坑方士,盧生說始皇曰,使扶蘇北監蒙恬軍於上郡,
20211,7,秦,始皇病,有隕石於東郡,至平原津而病,
20212,7,秦,始皇死,始皇惡言死,太子胡亥襲位,
20213,7,秦,始皇後事,九月，葬始皇於驪山,斯亦足稱也,
20214,7,秦,二世屠宗室,冬，十月，戊寅，大赦,咸陽三百里內不得食其谷,
20215,7,秦,陳勝王,秋，七月,號張楚,
20216,7,秦,陳勝驕,當是時,先生無累焉,
20217,7,秦,攻秦敗割據成,周文行收兵至關,狄人田儋起兵於齊,
20218,7,秦,劉邦早年,劉邦，字季,以應諸侯,
20219,7,秦,項羽早年,項梁者,籍是時年二十四,
20220,7,秦,六國復立,田儋者,衛絕嗣,
20301,8,秦,陳勝敗,冬，十月，泗川監平將兵圍沛公於豐,此其所以敗也,
20302,8,秦,群雄并起,陳王故涓人將軍呂臣為蒼頭軍,終不肯出兵,
20303,8,秦,腰斬李斯,郎中令趙高恃恩專恣,事無大小皆決焉,
20304,8,秦,定陶之戰至鉅鹿之戰,項梁已破章邯於東阿,諸侯皆屬焉,
20305,8,秦,章邯降楚,於是趙王歇及張耳乃得出鉅鹿城謝諸侯,引兵從項羽,
20306,8,秦,望夷宮之變,初，中丞相趙高欲專秦權,以黔首葬二世社南宜春苑中,
20307,8,秦,立子嬰,九月，趙高令子嬰齋戒,秦兵大敗,
30101,9,楚漢,秦亡及約法三章,冬，十月，沛公至霸上,於是楚軍夜擊阬秦卒二十餘萬人新安城南,
30102,9,楚漢,鴻門宴,或說沛公曰,立誅殺曹無傷,
30103,9,楚漢,火燒阿房及十八諸侯,居數日,封十萬戶侯,
30104,9,楚漢,諸侯就國,漢王怒,又殺之,
30105,9,楚漢,韓信拜將,初，淮陰人韓信,給軍糧食,
30106,9,楚漢,殺義帝及暗度陳倉,八月，漢王引兵從故道出，襲雍,置河內郡,
30107,9,楚漢,陳平歸漢及彭城之戰,初，陽武人陳平,翟王翳亡降楚,
30108,9,楚漢,漢軍滎陽,田橫進攻田假,以取敖倉粟,
30109,9,楚漢,韓信下魏破代,周勃、灌嬰等言於漢王曰,漢輒使人收其精兵詣滎陽以距楚,
30201,10,楚漢,韓信滅趙,冬，十月，韓信、張耳以兵數萬東擊趙,發兵詣漢,
30202,10,楚漢,收英布,甲戌晦，日有食之,與俱屯成皋,
30203,10,楚漢,罷立六國及立策決勝之術,楚數侵奪漢甬道,設策之機也,
30204,10,楚漢,離間范增及滎陽之圍,漢王謂陳平曰,因殺魏豹,
30205,10,楚漢,楚漢對峙,漢王出滎陽,乃復謀取敖倉,
30206,10,楚漢,烹酈生,食其又說王曰,將軍田既軍於膠東,
30207,10,楚漢,廣武對話,楚大司馬咎守成皋,因馳入成皋,
30208,10,楚漢,漢定三齊,韓信已定臨淄,軍廣武,
30209,10,楚漢,拒三分蒯徹佯狂,韓信使人言漢王曰,佯狂爲巫,
30210,10,楚漢,鴻溝之盟,秋，七月，立黥布爲淮南王,漢王從之,
30301,11,楚漢,垓下之戰,冬，十月，漢王追項羽至固陵,天曷故焉,
30302,11,西漢,劉邦稱帝,漢王還,勿事,
30303,11,西漢,論三杰及韓信還鄉,帝置酒洛陽南宮,故忍而就此,
30304,11,西漢,田橫島,彭越既受漢封,亦皆自殺,
30305,11,西漢,戮丁公,初，楚人季布為項籍將,宜矣,
30306,11,西漢,定都關中及張良隱退,齊人婁敬戍隴西,子房有焉,
30307,11,西漢,擒韓信,六月，壬辰，大赦天下,非人力也,
30308,11,西漢,封功臣,甲申，始剖符封諸功臣為徹侯,尊太公為太上皇,
30309,11,西漢,冒頓興韓王叛,初，匈奴畏秦,至晉陽,
30310,11,西漢,叔孫通制禮,帝悉去秦苛儀,惡肯毀其規矩、準繩以趨一時之功哉,
30311,11,西漢,白登之圍,上自將擊韓王信,輒益封邑焉,
30312,11,西漢,貫高欲反及治未央宮,十二月，上還，過趙,帝行如洛陽,
30401,12,西漢,劉敬和親匈奴,冬，上東擊韓王信餘寇於東垣,上行如洛陽,
30402,12,西漢,貫高下獄,貫高怨家知其謀,上盡拜為郡守、諸侯相,
30403,12,西漢,周昌相趙王如意,夏，六月,而以堯代昌為御史大夫,
30404,12,西漢,敗陳豨,初，上以陽夏侯陳豨為相國,於是陳豨軍遂敗,
30405,12,西漢,誅韓信,淮陰侯信稱病,置之,
30406,12,西漢,誅彭越,立子恒為代王,行自洛陽至,
30407,12,西漢,南越王趙佗,五月，詔立秦南海尉趙佗為南粵王,號其書曰《新語》,
30408,12,西漢,誅英布,帝有疾,番陽人殺布茲鄉民田舍,
30409,12,西漢,治罪蕭何,周勃悉定代郡、雁門、云中地,欲令百姓聞吾過也,
30410,12,西漢,盧綰亡劉邦死,陳豨之反也,遂亡入匈奴,
30411,12,西漢,赦樊噲,五月，丙寅,復爵邑,
30412,12,西漢,人彘,太后令永巷囚戚夫人,可謂篤於小仁而未知大誼也,
30413,12,西漢,蕭規曹隨,徙淮陽王友為趙王,民以寧壹,
30414,12,西漢,呂后和親匈奴及張氏重親,春，發長安六百里內男女十四萬六千人城長安,故以配帝,
30415,12,西漢,惠帝崩,春，正月,太后臨朝稱制,
30501,13,西漢,立諸呂,冬，太后議欲立諸呂為王,太后封女弟嬃為臨光侯,
30502,13,西漢,立後少帝,少帝浸長,略二千餘人,
30503,13,西漢,諸呂為王后,春，正月，太后召趙幽王友,廢其嗣,
30504,13,西漢,朱虛立威及平勃調和,是時，諸呂擅權用事,錢五百萬遺陸生為飲食費,
30505,13,西漢,呂后崩,太后使使告代王,以左丞相審食其為帝太傅,
30506,13,西漢,平定諸呂,諸呂欲為亂,誼存君親可也,
30507,13,西漢,迎立文帝,諸大臣相與陰謀曰,下詔書赦天下,
30508,13,西漢,文帝初治國,冬，十月，庚戌，徙瑯邪王澤為燕王,左丞相平專為丞相,
30509,13,西漢,南越復稱臣,初，隆慮侯竈擊南越,不敢為帝矣,
30510,13,西漢,舉賈誼及賈山進言,齊哀王襄薨,上嘉納其言,
30511,13,西漢,袁盎賈誼進言,上每朝,竊為陛下惜之,
30512,13,西漢,至文帝前元二年,上感誼言,燕敬王澤薨,
30601,14,西漢,劉長殺人及劉興居反,冬，十月，丁酉晦,濟北王興居兵敗，自殺,
30602,14,西漢,張釋之,初，南陽張釋之為騎郎,帝乃白太后許之,
30603,14,西漢,開私鑄,冬，十二月，潁陰侯灌嬰薨,上不聽,
30604,14,西漢,淮南王死,是時，太中大夫鄧通方寵幸,置守冢三十戶,
30605,14,西漢,中行說赴匈奴,匈奴單于遣漢書曰,以騎馳蹂而稼穡耳,
30606,14,西漢,賈誼上疏,梁太傅賈誼上疏曰,不受刑,
30607,14,西漢,薄昭死,冬，十月，令列侯太夫人,將慎之於始乎,
30701,15,西漢,賈誼死,冬，十一月，上行幸代,死時年三十三矣,
30702,15,西漢,晁錯論匈奴,徙城陽王喜為淮南王,太子家號曰“智囊”,
30703,15,西漢,晁錯論務農,冬，十二月，河決酸棗,其賜農民今年租稅之半,
30704,15,西漢,緹縈救父天下刑錯,春，二月，甲寅，詔曰,其除田之租稅,
30705,15,西漢,擊匈奴及馮唐持節,冬，匈奴老上單于十四萬騎入朝那、蕭關,而拜唐為車騎都尉,
30706,15,西漢,改元及誅新垣平,春，詔廣增諸祀壇場、珪幣,不往焉,
30707,15,西漢,申屠嘉辱鄧通,春，三月，孝惠皇后張氏薨,丞相幾殺臣,
30708,15,西漢,細柳營,春，二月，上行幸代,乃拜周亞夫為中尉,
30709,15,西漢,漢文帝崩,夏，四月，大旱，蝗,皇后曰皇太后,
30710,15,西漢,申屠嘉氣死及梁王恃寵,九月，有星孛於西方,與漢宦官無異,
30801,16,西漢,博局斗毆及議削藩,冬，十月，梁王來朝,削其六縣,
30802,16,西漢,七國之亂起,廷臣方議削吳,梁王城守睢陽,
30803,16,西漢,腰斬晁錯,初，文帝且崩,吾亦恨之,
30804,16,西漢,七國之亂平,袁盎、劉通至吳,王遂自殺,
30805,16,西漢,七國之亂後,帝以齊首善,王江北,
30806,16,西漢,改立劉徹,春，正月，作陽陵邑,立膠東王徹為皇太子,
30807,16,西漢,郅都執法及刺殺袁盎,是歲，以太仆劉舍為御史大夫,擢為魯相,
30808,16,西漢,雙標封侯及梁孝王死,冬，十一月，罷諸侯御史大夫官,他物稱是,
30809,16,西漢,李廣斗匈奴,上既減笞法,李廣乃歸其大軍,
30810,16,西漢,周亞夫餓死,秋，七月，辛亥晦,歐血而死,
30811,16,西漢,漢景帝崩,是歲，濟陰哀王不識薨,財力耗矣,
30901,17,西漢,董仲舒罷黜百家,冬，十月，詔舉賢良方正直言極諫之士,民知所從矣,
30902,17,西漢,黃老儒術之爭,天子善其對,申公亦以疾免歸,
30903,17,西漢,萬石君及竇田易勢,初，景帝以太子太傅石奮及四子皆二千石,以太常柏至侯許昌為丞相,
30904,17,西漢,衛子夫衛青得寵,初，堂邑侯陳午尚帝姑館陶公主嫖,青為太中大夫,
30905,17,西漢,閩越擊東甌,夏，四月，有星如日，夜出,日有食之,
30906,17,西漢,武帝微行及起上林苑,上自初即位,上善之,
30907,17,西漢,田蚡囂張及劉安論百越,夏，有風赤如血,臣安竊恐將吏之以十萬之師為一使之任也,
30908,17,西漢,閩越雙王,是時，漢兵遂出,韓安國為御史大夫,
30909,17,西漢,汲黯,東海太守濮陽汲黯為主爵都尉,近之矣,
30910,17,西漢,李廣程不識治軍簡繁論,匈奴來請和親,日有食之,
31001,18,西漢,李少君求仙,冬，十月，上行幸雍,於是天子立其祠長安東南郊,
31002,18,西漢,馬邑之謀,雁門馬邑豪聶壹,漢亦關市不絕以中其意,
31003,18,西漢,竇嬰田蚡駢死,春，河水徙,使武安侯在者，族矣,
31004,18,西漢,韓安國蹇及河間獻王死,夏，四月，隕霜殺草,河間獻王近之矣,
31005,18,西漢,開發夜郎,初，王恢之討東越也,大風拔木,
31006,18,西漢,長門宮及主人翁,女巫楚服等教陳皇后祠祭厭勝,公主、貴人多逾禮制矣,
31007,18,西漢,公孫弘,上以張湯為太中大夫,上益厚遇之,
31008,18,西漢,龍城之戰及飛將軍,冬，初算商車,青斬首虜數千人,
31009,18,西漢,主父偃嚴安徐樂上書,東夷薉君南閭等共二十八萬人降,死即五鼎烹耳,
31010,18,西漢,推恩令及河南之戰,冬，賜淮南王几杖,募民徙朔方十萬口,
31011,18,西漢,誅郭解,主父偃說上曰，茂陵初立,則風俗定而大化成矣,
31012,18,西漢,族主父偃,燕王定國與父康王姬姦,乃遂族主父偃,
31013,18,西漢,張騫初歸,張歐免,殺略數千人,
31101,19,西漢,公孫弘報私仇,冬，十一月，乙丑，薛澤免,春，大旱,
31102,19,西漢,漠南之戰及敬汲黯,匈奴右賢王數侵擾朔方,其見敬禮如此,
31103,19,西漢,淮南衡山反謀,夏，六月，詔曰,上賜書不朝,
31104,19,西漢,霍去病出山及武功爵,春，二月，大將軍青出定襄,官職耗廢矣,
31105,19,西漢,平淮南衡山王,冬，十月，上行幸雍，祠五畤，獲獸,死者數萬人,
31106,19,西漢,張騫首次出使西域歸國,夏，四月，赦天下,廷尉張湯為御史大夫,
31107,19,西漢,河西之戰,霍去病為票騎將軍,殺略數百人,
31108,19,西漢,渾邪王降漢,江都王建與其父易王所幸淖姬等及女弟徵臣姦,故賜日磾姓金氏,
31109,19,西漢,神馬漢樂府及鹽鐵官營,春，有星孛於東方,咸指怨湯,
31110,19,西漢,卜式捐款及漠北之戰,初，河南人卜式,軍吏卒皆無封侯者,
31111,19,西漢,衛霍為人及酷吏橫行,兩軍之出塞,於是誅文成將軍而隱之,
31201,20,西漢,汲黯卒及殺義縱,春，三月，甲午,棄縱市,
31202,20,西漢,霍去病死,郎中令李敢,稍遷至奉車都尉、光祿大夫,
31203,20,西漢,顏異腹誹及張湯死,是歲，大農令顏異誅,丞相青翟下獄，自殺,
31204,20,西漢,三官五銖及張騫復出使,春，起柏梁臺,近者數歲而反,
31205,20,西漢,幸欒大及得鼎,冬，徙函谷關於新安,立常山憲王子商為泗水王,
31206,20,西漢,兒寬緩刑罰,初，條侯周亞夫為丞相,上由此愈奇寬,
31207,20,西漢,南越內屬及祠太一,初，南越文王遣其子嬰齊入宿衛,請三歲天子一郊見，詔從之,
31208,20,西漢,呂嘉之亂及酎金失侯,南越王、王太后飭治行裝,及越降將蒼梧王趙光等四人皆為侯,
31209,20,西漢,西南夷臣屬及東越反,公孫卿候神河南,以擊東越,
31210,20,西漢,預備封禪及平東越,博望侯既以通西域尊貴,遂虛其地,
31211,20,西漢,封禪泰山,春，正月，上行幸緱氏,齊懷王閎薨，無子，國除,
31301,21,西漢,武帝求仙及征朝鮮,冬，十月，上行幸雍，祠五畤,以討朝鮮,
31302,21,西漢,滅滇國及破樓蘭,初，上使王然于以越破及誅南夷兵威喻滇王入朝,初作角抵戲、魚龍曼延之屬,
31303,21,西漢,滅朝鮮,漢兵入朝鮮境,欲居九夷，有以也夫,
31304,21,西漢,匈奴假和親及名臣欲盡,秋，七月，膠西于王端薨,其令州、郡察吏、民有茂才、異等可為將、相及使絕國者、,
31305,21,西漢,和親烏孫及大撒幣,冬，上行幸回中,待之過于漢使焉,
31306,21,西漢,作建章宮及定太初歷,是歲，匈奴烏維單于死,秋，八月，上行幸安定,
31307,21,西漢,懼征大宛,漢使入西域者言,貳師恐，因留敦煌,
31308,21,西漢,趙破奴被擒,上猶以受降城去匈奴遠,罔亦少密焉,
31309,21,西漢,復征大宛,漢既亡浞野之兵,歲獻天馬二匹,
31310,21,西漢,蘇武牧羊,秋，起明光宮,各置他所,
31311,21,西漢,浚稽山之戰,天雨白氂,乃遣使勞賜陵餘軍得脫者,
31312,21,西漢,直指繡衣使者,上以法制御下,漢兵不利，引去,
31401,22,西漢,族李陵家及命堯母門,春，二月，王卿有罪自殺,卒成巫蠱之禍，悲夫,
31402,22,西漢,重江充及巫蠱之禍起,趙人江充為水衡都尉,上行幸甘泉,
31403,22,西漢,戾太子,初，上年二十九乃生戾太子,宜太子之不終也,
31404,22,西漢,李廣利降匈奴,癸亥，地震,宗族遂滅,
31405,22,西漢,輪臺詔及富民侯,秋，蝗,其無三代之臣乎,
31406,22,西漢,金日磾救駕及殺趙婕妤,秋，八月，辛酉晦，日有食之,二月，行幸盩厔，五柞宮,
31407,22,西漢,漢武帝托孤,上病篤，霍光泣涕問曰,此其所以有亡秦之失而免亡秦之禍乎,
31408,22,西漢,漢昭帝即位,戊辰，太子即皇帝位,左將軍桀行北邊,
31501,23,西漢,燕王旦反及托孤臣侯,夏，益州夷二十四邑、三萬餘人皆反,毋令民出今年田租,
31502,23,西漢,匈奴中衰及上官皇后,初，武帝征伐匈奴,無在位者,
31503,23,西漢,成方遂及鹽鐵之議,有男子乘黃犢車詣北闕,於是鹽鐵之議起焉,
31504,23,西漢,蘇武歸國李陵死,初，蘇武既徙北海上,遂死於匈奴,
31505,23,西漢,燕蓋之亂,夏，旱,乃擢義子延壽為諫大夫,
31506,23,西漢,眭弘預言及漢匈張掖之役,大將軍光以朝無舊臣,匈奴不敢入張掖,
31507,23,西漢,侯史吳案及擊烏桓,燕、蓋之亂,不能復出兵,
31508,23,西漢,傅介子刺樓蘭王,春，正月，丁亥，帝加元服,少府河內蔡義為御史大夫,
31601,24,西漢,立劉賀,春，二月，詔減口賦錢十三,葬孝昭皇帝於平陵,
31602,24,西漢,廢劉賀,昌邑王既立,遷勝長信少府，賜爵關內侯,
31603,24,西漢,漢宣帝身世及即位,初，衛太子納魯國史良娣,尊皇太后為太皇太后,
31604,24,西漢,霍氏專權,侍御史嚴延年劾奏“大將軍光擅廢立主,禮下之已甚,
31605,24,西漢,定謚立廟,夏，四月，庚午，地震,系再更冬，講論不怠,
31606,24,西漢,聯烏抗匈及毒殺許后,初，烏孫公主死,而邊境少事矣,
31607,24,西漢,良吏盛,是歲，潁川太守趙廣漢為京兆尹,民自以不冤,
31608,24,西漢,霍光死,春，霍光病篤,皆從其議,
31609,24,西漢,孝宣中興,帝興於閭閻,遂南降漢,
31701,25,西漢,立太子劉奭,春，三月，詔曰,廣由是見器重,
31702,25,西漢,侵削霍氏,京師大雨雹,悉易以所親信許、史子弟代之,
31703,25,西漢,尚德緩刑書,初，孝武之世，征發煩數,則廷平將召權而為亂首矣,
31704,25,西漢,五爭車師,昭帝時，匈奴使四千騎田車師,立廣川惠王孫文為廣川王,
31705,25,西漢,霍禹之亂,霍顯及禹、山、雲自見日侵削,孝宣亦少恩哉,
31706,25,西漢,龔遂治勃海及龜茲來朝,九月，詔減天下鹽賈,夫人號稱公主，賞賜甚厚,
31707,25,西漢,趙廣漢腰斬及尹翁歸升遷,初作杜陵,故尤得名譽於朝廷,
31708,25,西漢,斬莎車王,初，烏孫公主少子萬年有寵於莎車王,以奉世為光祿大夫,
31709,25,西漢,棄車師,春，正月，赦天下,使護鄯善以西南道,
31710,25,西漢,賢臣輩出及海昏侯,魏相好觀漢故事及便宜章奏,春，三月，詔封故昌邑王賀為海昏侯,
31711,25,西漢,漢宣帝報恩及諸羌叛亂,乙未，詔曰：“朕微眇時,榖石五錢,
31801,26,西漢,聖主得賢臣頌,春，正月，上始行幸城甘泉,吉遂謝病歸,
31802,26,西漢,趙充國征西羌,義渠安國至羌中,徼其疲劇，乃擊之,
31803,26,西漢,辛武賢之爭,時上已發內郡兵屯邊者合六萬人矣,從充國計焉,
31804,26,西漢,趙充國屯田,充國乃引兵至先零在所,獨充國留屯田,
31805,26,西漢,平西羌及蓋寬饒死,大司農朱邑卒,眾莫不憐之,
31806,26,西漢,日逐王降漢及西域都護,匈奴虛閭權渠單于將十餘萬騎旁塞獵,握衍朐鞮單于更立其從兄薄胥堂為日逐王,
31807,26,西漢,劉相夫和親止及韓延壽,烏孫昆彌翁歸靡因長羅侯常惠上書,失亡數千人，不勝,
31901,27,西漢,黃霸升遷及嚴延年誅,春，二月，以鳳凰、甘露降集京師，赦天下,東海莫不賢智其母,
31902,27,西漢,五單于爭立,匈奴握衍朐鞮單于暴虐,乙酉朔，日有食之,
31903,27,西漢,漢臣鬥朝廷及匈奴鬥單于,韓延壽代蕭望之為左馮翊,豈虛虖哉,
31904,27,西漢,黃霸拜相及常平倉,二月，壬辰，黃霸為丞相,上乃下詔賜壽昌爵關內侯,
31905,27,西漢,楊惲死張敞活,夏，四月，辛丑朔，日有食之,敞到部，盜賊屏跡,
31906,27,西漢,太子位安及匈奴欲附,皇太子柔仁好儒,上素服五日,
31907,27,西漢,烏孫大小昆彌並立,烏孫狂王復尚楚主解憂,然眾心皆附小昆彌,
31908,27,西漢,呼韓邪單于來朝,春，正月，立皇子囂為定陶王,咸尊漢矣,
31909,27,西漢,麒麟閣十一功臣及石渠閣會議,上以戎狄賓服,榖梁春秋博士,
31910,27,西漢,解憂歸國及漢成帝生,烏孫大昆彌元貴靡及鴟靡皆病死,常置左右,
31911,27,西漢,漢宣帝崩,夏，廣川王海陽坐禽獸行 ,皇后曰皇太后 ,
32001,28,西漢,貢禹諫節儉,春，正月，辛丑，葬孝宣皇帝於杜陵,為罪愈大矣,
32002,28,西漢,蕭史黨爭,匈奴呼韓邪單于復上書,石顯為中書令,
32003,28,西漢,棄珠厓及貢禹用事,初，武帝滅南越,多采用之,
32004,28,西漢,谷吉送死及郅支聯康居,匈奴郅支單于自以道遠,西邊空虛不居者五千里,
32005,28,西漢,薛廣德懸車及孔霸拒相,冬，十二月，丁未，貢禹卒,戊子，侍中、衛尉王接為大司馬、車騎將軍,
32006,28,西漢,劉向諫遠小人,石顯憚周堪、張猛等,愈與許、史比而怨更生等,
32007,28,西漢,諸葛豐免及賈捐之誅,是歲，夏寒，日青無光,況捐之以邪攻邪，其能免乎,
32008,28,西漢,匡衡論災變,徙清河王竟為中山王,如此之比，宜為赦矣,
32009,28,西漢,馮奉世平彡姐羌,秋，七月，隴西羌彡姐旁種反,備要害處,
32101,29,西漢,張猛死及宗廟罷,春，二月，馮奉世還京師,用韋玄成等之議也,
32102,29,西漢,匡衡諫定太子,上好儒術、文辭,正家而天下定矣,
32103,29,西漢,馮媛擋熊,初，武帝既塞宣房,立皇子興為信都王,
32104,29,西漢,京房諫罷石顯,東郡京房學《易》於梁人焦延壽,孝元之謂矣,
32105,29,西漢,京房棄市,上令房上弟子曉知考功、課吏事者,髡為城旦,
32106,29,西漢,石顯弄權,石顯威權日盛,如斯而已矣,
32107,29,西漢,郅支之戰,八月，癸亥，以光祿勛匡衡為御史大夫,群臣上壽，置酒,
32108,29,西漢,太子不悌及復宗廟,六月，甲申，中山哀王竟薨,徙濟陽王康為山陽王,
32109,29,西漢,昭君出塞,匈奴呼韓邪單于聞郅支既誅,為右日逐王,
32110,29,西漢,止馮野王及召父治民,皇太子冠,孝昭太后寢園,
32111,29,西漢,議封陳湯甘延壽,初，中書令石顯嘗欲以姐妻甘延壽,權其輕重而為之制宜焉,
32112,29,西漢,定嗣及漢元帝崩,初，太子少好經書，寬博謹慎,上敬納其言,
32201,30,西漢,石顯失勢及王氏封侯,春，正月，乙丑，悼考廟災,上優詔不許,
32202,30,西漢,九女之制及呼韓邪死,御史中丞東海薛宣上書曰,小女為當于居次,
32203,30,西漢,真假大洪水,春，三月，赦天下徒,徙民避水居丘陵九萬七千餘口,
32204,30,西漢,谷永保陳湯,壬戌，以少府張忠為御史大夫,莫府事壹決於湯,
32205,30,西漢,許后專寵及儉省減刑,春，杜欽薦犍為王延世於王鳳,以塞詔而已,
32206,30,西漢,伊邪莫演詐降,匈奴單于遣右皋林王伊邪莫演等奉獻,徙山陽王康為定陶王,
32207,30,西漢,一日五侯及王尊免復,六月，上悉封諸舅,天子復以尊為徐州刺史,
32208,30,西漢,陳立滅夜郎,夜郎王興,西夷遂平,
32209,30,西漢,劉向校書及王商氣死,春，正月，楚王囂來朝,楚孝王囂薨,
32210,30,西漢,罷使罽賓,初，武帝通西域,三月，赦天下徒,
32211,30,西漢,王鳳鬥王章馮野王,京兆尹泰山王章下獄，死,鳳白行其策焉,
32212,30,西漢,劉向諫防王氏篡權,是歲，陳留太守薛宣為左馮翊,徙信都王興為中山王,
32301,31,西漢,王鳳死及烏孫小昆彌復仇,春，三月，壬戌，隕石東郡八,奉初陵,
32302,31,西漢,漢成帝微行及雊雉之異,上始為微行,災變尚可銷也,
32303,31,西漢,起昌陵及五侯奢侈,初，元帝儉約,孝景廟北闕災,
32304,31,西漢,趙氏姐妹鬥許后班婕妤,初，許皇后與班婕妤皆有寵於上,上許焉,
32305,31,西漢,鄭躬起義及杜鄴調解音商,廣漢男子鄭躬等六十餘人攻官寺,戾后園南闕火,
32306,31,西漢,趙飛燕立后,上欲立趙婕妤為皇后,論為鬼薪,
32307,31,西漢,王莽成名及趙氏絕幸,初，太后兄弟八人,然卒無子,
32308,31,西漢,劉向著書及罷昌陵,光祿大夫劉向以為王教由內及外,令天下毋有動搖之心,
32309,31,西漢,續封蕭何之後,初，酇侯蕭何之子孫嗣為侯者,京兆尹翟方進為御史大夫,
32310,31,西漢,谷永切諫而上怒,谷永為涼州刺史,上意亦解，自誨,
32311,31,西漢,遠張放擢方進徙陳湯,上嘗與張放及趙、李諸侍中共宴飲禁中,皆免官,
32312,31,西漢,漢成帝好鬼神,是歲，琅邪太守朱博為左馮翊,上善其言,
32313,31,西漢,起義四起及梅福諫政改,十一月，尉氏男子樊並等十三人謀反,上不納,
32401,32,西漢,劉立禽獸行不治,春，正月，上行幸甘泉，郊泰畤,天子由是寢而不治,
32402,32,西漢,谷永劉向論災變,是歲，司隸校尉蜀郡何武為京兆尹,上輒入之，然終不能用也,
32403,32,西漢,漢成帝聽張禹不疑王根,紅陽侯立舉陳咸方正,遂親就禹,
32404,32,西漢,朱雲折檻,故槐里令朱雲上書求見,以旌直臣,
32405,32,西漢,安輯烏孫,匈奴搜諧單于將入朝,終羈縻不絕,
32406,32,西漢,漢哀帝定嗣,春，正月，丙寅，蜀郡岷山崩,何武為御史大夫,
32407,32,西漢,建三公及夏侯藩索地,初，詔求殷後,不令當匈奴,
32408,32,西漢,淳于長誅,冬，十月，甲寅，王根病免,咸自知廢錮，以憂死,
32409,32,西漢,翟方進大清洗及王莽當權,方進智能有餘,其飾名如此,
32410,32,西漢,古罄出而劉向諫興禮樂,丞相方進、大司空武奏言,後三十歲而王氏代漢,
32501,33,西漢,移禍翟方進而漢成帝崩,春，正月，上行幸甘泉，郊泰畤,仁之賊也,
32502,33,西漢,漢哀帝即位及傅太后求尊,皇太后詔南、北郊長安如故,太后乃復令莽視事,
32503,33,西漢,罷樂府官及限田限奴,成帝之世，鄭聲尤甚,益吏三百石以下俸,
32504,33,西漢,傅太后退王莽傅喜,上置酒未央宮,故尋復進用焉,
32505,33,西漢,退王根及地震治河,建平侯杜業上書詆曲陽侯根,此最下策也,
32506,33,西漢,師丹進言及平反陳湯,孔光何武奏,天子還湯，卒于長安,
32507,33,西漢,漢成帝趙昭儀殺子事發,春，正月，隕石於北地十六,故太皇太后及王氏皆怨之,
32508,33,西漢,免師丹,丁酉，光祿大夫傅喜為大司馬,以博為大司空,
32509,33,西漢,馮媛誣死,中山王箕子,史立遷中太僕,
32601,34,西漢,四太后並立,春，正月，有星孛於牽牛,不如王氏在成帝世也,
32602,34,西漢,改元誅夏賀良,丞相博、御史大夫玄奏言,一歲三萬七千祠云,
32603,34,西漢,朱博自殺平當死,傅太后怨傅喜不已,有星孛於河鼓,
32604,34,西漢,王嘉諫豫養賢士,夏，四月，丁酉，王嘉為丞相,天子納而用之,
32605,34,西漢,東平王祝詛及西王母異象,六月，立魯頃王子部鄉侯閔為王,上遂下詔封商為汝昌侯,
32606,34,西漢,斷袖封侯,駙馬都尉、侍中云陽董賢得幸於上,見之仄目,
32607,34,西漢,武庫私賞及鮑宣上書,上使中黃門發武庫兵,優容之,
32608,34,西漢,揚雄諫受匈奴朝,匈奴單于上書愿朝五年,上許之,
32609,34,西漢,息夫躬先入為主,董賢貴幸日盛,上不聽,
32701,35,西漢,王嘉言董賢及杜鄴言外戚,春，正月，辛丑朔,何嫌不報,
32702,35,西漢,傅太后崩及百官黜陟,上又征孔光詣公車,拜鮑宣為司隸,
32703,35,西漢,王嘉嘔血,上托傅太后遺詔,册免明，使就第,
32704,35,西漢,董氏權勢侔主及王閎力拒禪讓,冬，十一月，壬午,亦不罪也,
32705,35,西漢,匈奴怪董賢及漢哀帝崩,春，正月，匈奴單于及烏孫大昆彌伊秩靡皆來朝,漢業由是遂衰,
32706,35,西漢,王莽復出大清算,太皇太后聞帝崩,皆此類也,
32707,35,西漢,漢平帝即位,於是附順莽者拔擢,葬孝哀皇帝於義陵,
32708,35,西漢,王莽收買人心,春，正月，王莽風益州,權與人主侔矣,
32709,35,西漢,衛氏留中山及群臣同聲,置羲和官,帝更名衎,
32710,35,西漢,封國後裔及損膳及眾臣避退,三月，癸酉，大司空王崇謝病免,變姓名為吳市門卒云,
32711,35,西漢,立法禁降匈奴及王莽造勢嫁女,秋，九月，戊申晦,愿見女,
32801,36,西漢,狗血門事件,春，太后遣長樂少府夏侯藩,客於遼東,
32802,36,西漢,立后及加賞王莽,莽詔明禮少府宗伯鳳入說為人后之誼,官屬按職如故,
32803,36,西漢,求士治河及置西海郡,莽奏起明堂、辟雍、靈臺,民始怨矣,
32804,36,西漢,王莽加九錫,梁王立坐與衛氏交通,虎賁三百人,
32805,36,西漢,歌功頌德及丁傅移冢,王惲等八人使行風俗還,以侯就第,
32806,36,西漢,鴆殺漢平帝及居攝假皇帝,莽以皇后有子孫瑞,太后詔曰可,
32807,36,西漢,孺子嬰及劉崇反莽及金錯刀,春，正月，王莽祀上帝於南郊,然卒不與直,
32808,36,西漢,翟義趙朋霍鴻反莽,東郡太守翟義,遂謀即真之事矣,
32809,36,西漢,王莽滅親及符命造勢,群臣復奏進攝皇帝子安、臨爵為公,發覺，誅死,
32810,36,西漢,王政君摔璽及王莽代漢,梓潼人哀章學問長安,婦人之仁，悲矣,
40101,37,新,金匱十一公及改名狂潮,春，正月，朔,女以隆為號焉,
40102,37,新,改漢返古尋根,又曰,地方百里,
40103,37,新,王田私屬及易漢印綬,莽曰,豈不哀哉,
40104,37,新,五均六筦及匈奴換印,國師公劉秀言,封威德子,
40105,37,新,匈奴寇邊及劉氏俱廢,單于始用夏侯藩求地,十二月，雷,
40106,37,新,降奴服于及五物六名,莽恃府庫之富,民人至泣涕於市道,
40107,37,新,除三兇及搆難匈奴,莽之謀篡也,莽以登代助為順單于,
40108,37,新,盜賊四起及拒不仕莽,吏士屯邊者所在放縱,絕紀、唐矣,
40109,37,新,為政悖亂及下句麗,是歲，瀕河郡蝗生,且止待後,
40110,37,新,王政君死及西域瓦解,初，莽為安漢公時,乃貶護于為左屠耆王,
40111,37,新,任意黜陟及易名不止,春，正月，赦天下,民用破業而陷大刑,
40201,38,新,恭奴善于及吏不得祿,春，二月，大赦天下,收取賕賂以自供給焉,
40202,38,新,困鉤町及解剖及襲西域,戊辰，長平館西岸崩,西域遂絕,
40203,38,新,法令繁苛及綠林起義,夏，六月，莽更授諸侯茅土於明堂,莽說，輒遷官,
40204,38,新,官吏為奸及揚雄死,春，正月，朔，北軍南門災,則必度越諸子矣,
40205,38,新,赤眉起義及豬突豨勇,琅邪樊崇起兵於莒,策免尤,
40206,38,新,巨毋霸及制衡賊盜,大司空儀曹史代郡范升奏記王邑曰,會赦得出,
40207,38,新,王臨原碧案及毀漢高廟,春，正月，莽妻死,令輕車校尉居其中,
40208,38,新,雲杜之戰及畏惡田況,是歲，南郡秦豐聚眾且萬人,卒如田況之言,
40209,38,新,綠林疾疫及成昌之戰,莽又多遣大夫,大司空王邑兼三公之職,
40210,38,新,劉縯起兵舂陵,初，長沙定王發生舂陵節侯買,父守及家屬坐死者六十四人,
40211,38,新,小長安之戰及綠林合兵,縯使族人招說新市、平林兵,盡獲其輜重,
40301,39,新,淯陽之戰及立更始帝,春，正月，甲子朔,由是豪杰失望，多不服,
40302,39,新,昆陽之戰,王莽欲外示自安,旬月之間，遍於天下,
40303,39,新,馮異降及劉縯劉歆死,莽聞漢兵言莽鴆殺孝平皇帝,不復就枕矣,
40304,39,新,隗囂公孫述起及劉望稱帝,成紀隗崔、隗義,茂為丞相,
40305,39,新,哭天厭兵及王莽死,王莽使太師王匡,皆聖王之驅除云爾,
40306,39,玄漢,更始都洛陽,定國上公王匡拔洛陽,都睢陽,
40307,39,玄漢,徇河北及收鄧禹及立王郎,更始欲令親近大將徇河北,乃北徇薊,
40308,39,玄漢,更始封王及趙萌專權,申屠建、李松自長安迎更始遷都,崔、義皆即舊號,
40309,39,玄漢,征王郎流亡期,耿況遣其子弇奉奏詣長安,燒廬舍以絕其反顧之望,
40310,39,玄漢,攻柏人鉅鹿不利及收眾將,秀進拔盧奴,樂可言邪,
40311,39,玄漢,斬王郎及劉秀獨立,耿純言於秀曰,始貳於更始,
40312,39,玄漢,群雄并起,是時，諸賊銅馬,眾數萬人,
50101,40,東漢,破銅馬軍及光武稱帝,春，正月，方望與安陵人弓林共立前定安公嬰為天子,改元，大赦,
50102,40,東漢,更始敗走及立劉盆子,鄧禹圍安邑,崇等亦不復候視也,
50103,40,東漢,赤眉破更始及拜卓茂,秋，七月，辛未,蓋由知所先務而得其本原故也,
50104,40,東漢,光武都洛陽及赤眉進長安,諸將圍洛陽數月,十一月，甲午，上幸懷,
50105,40,東漢,劉永隗囂竇融盧芳,梁王永稱帝睢陽,將胡騎還入安定,
50106,40,東漢,馮愔叛漢及劉盆子退位難,帝以關中未定,邊路流通,
50107,40,東漢,封群臣誅劉楊擢宋弘,庚辰，悉封諸功臣為列侯,事不諧矣,
50108,40,東漢,彭寵延岑公孫述反,帝之討王郎也,於是盡有益州之地,
50109,40,東漢,收郾宛王宗室立太子,辛卯，上還洛陽,封泗水王子終為淄川王,
50110,40,東漢,賈復寇恂合及劉永敗,秋，賈復南擊召陵、新息,皆平之,
50111,40,東漢,赤眉掘墓及馮異換鄧禹,赤眉引兵欲西上隴,降其將卒五千餘人,
50201,41,東漢,平赤眉,春，正月，甲子，馮異為征西大將軍,帝赦不誅,
50202,41,東漢,張步彭寵割據及誅鄧奉,二月，劉永立董憲為海西王,復朱祜位,
50203,41,東漢,平關中寇及廣樂之戰,延岑既破赤眉,自將兵助延圍睢陽,
50204,41,東漢,延岑奔秦豐及斬劉永,車駕自小長安引還,眾十餘萬,
50205,41,東漢,隗囂臣田戎破張豐誅,帝謂太中大夫來歙曰,當死無恨,
50206,41,東漢,蘭陵之戰及圍李憲,上詔耿弇進擊彭寵,冬，十月，甲寅，車駕還宮,
50207,41,東漢,馬援比二帝及制衡公孫述,隗囂使馬援往觀公孫述,反復勝邪,
50208,41,東漢,垂惠之戰及彭寵死,二月，丙午，大赦,無乃異於是乎,
50209,41,東漢,龐萌反漢及田戎亡蜀,帝以扶風郭伋為漁陽太守,夏，四月，旱，蝗,
50210,41,東漢,班彪投竇融及竇融向漢,隗囂問於班彪曰,以為天子明見萬里之外,
50211,41,東漢,誅秦豐及劉秀破董憲之戰,朱祜急攻黎丘,帝幸魯,
50212,41,東漢,祝阿臨淄之戰,張步聞耿弇將至,未嘗挫折焉,
50213,41,東漢,盧芳據九原及馮異治關中,初起太學,而有懼意,
50214,41,東漢,隗囂兩端猶豫,隗囂矜己飾智,於是游士長者稍稍去之,
50215,41,東漢,江南臣漢及處士不臣,王莽末,五十五國皆屬焉,
50301,42,東漢,斬董憲及公孫述定策,春，正月，丙辰，以舂陵鄉為章陵縣,由此大臣皆怨,
50302,42,東漢,巾車之恩及隗囂反,馮異自長安入朝,諸君乃得還,
50303,42,東漢,久吏職及勝隗囂盧芳,六月辛卯,北地、上郡、安定皆降,
50304,42,東漢,竇融說擊隗囂,竇融復遷其弟友上書曰,皆解所假將軍印綬,
50305,42,東漢,馬援說隗囂,先是，馬援聞隗囂欲貳於漢,咸敬重焉,
50306,42,東漢,隗囂投蜀及眾臣治國,隗囂上疏謝曰,前有召父，後有杜母,
50307,42,東漢,略陽之戰,春，來歙將二千餘人伐山開道,拜三子為郎,
50308,42,東漢,祭遵隗囂死及護羌校尉,十二月，高句麗王遣使朝貢,以牛邯為護羌校尉,
50309,42,東漢,陰氏謙退及馮異死及降隗純,盜殺陰貴人母鄧氏及弟訢,庚午，車駕還宮,
50310,42,東漢,荊門之戰,岑彭屯津鄉,大破之,
50311,42,東漢,來歙遇刺及鮑永哭更始,公孫述以王元為將軍,帝意乃釋,
50312,42,東漢,征公孫述及岑彭遇刺,帝自將征公孫述,故伋言及之,
50401,43,東漢,平公孫述及血洗成都,春，正月，吳漢破公孫述將魏黨、公孫永於魚涪津,封成義侯,
50402,43,東漢,馬援平羌及竇融朝漢,十二月，辛卯，揚武將軍馬成行大司空事,大司徒侯霸薨,
50403,43,東漢,盧芳奔匈奴及偃武修文,戊子，詔曰,無誅譴者,
50404,43,東漢,竇融避讓及梁統諫刑罰及韓歆死,益州傳送公孫述瞽師,豈不為仁明之累哉,
50405,43,東漢,封宗室及度田令及張堪治漁陽,丁未，有星孛於昴,安平侯蓋延薨,
50406,43,東漢,二徵起義及廢郭后,交趾麊泠縣雒將女子徵側,其餘九國公皆為王,
50407,43,東漢,平史歆平二徵易太子,甲申，帝幸章陵,亦何以過乎,
50408,43,東漢,陰氏興及強項令及吳漢死,帝以太子舅陰識守執金吾,行大司馬事,
50409,43,東漢,攻匈奴擊烏桓破鮮卑,乙未，徙中山王輔為沛王,顧命書諸策,
50410,43,東漢,烏桓破匈奴及莎車霸西域,是歲，青州蝗,義兼之矣,
50501,44,東漢,匈奴分南北及破五溪蠻,春，正月，南郡蠻叛,斬獲二千餘人,
50502,44,東漢,馬援死及薏苡誣,初，援嘗有疾,令過家上冢,
50503,44,東漢,烏桓內屬及息兵北匈奴,是歲，遼西烏桓大人郝旦等率眾內屬,自是諸將莫敢復言兵事者,
50504,44,東漢,劉恭遇刺及選太子傅,上問趙熹以久長之計,可不勉哉,
50505,44,東漢,奏議答北匈奴,北匈奴遣使貢馬及裘,帝悉納從之,
50506,44,東漢,擢第五倫及泰山封禪,春，二月，丁巳朔，日有食之,如元始中北郊故事,
50507,44,東漢,光武迷讖,三月，戊辰，司空張純薨,祀后土,
50508,44,東漢,光武崩,二月，戊戌，帝崩於南宮前殿,今以良為議郎,
50509,44,東漢,平燒當羌及殊禮葬劉彊,初，燒當羌滇良擊破先零,餘皆降散,
50510,44,東漢,平赤山烏桓及修禮樂及尊桓榮,山陽王荊私迎能為星者,帝以郁為侍中,
50511,44,東漢,竇融免陰豐死馬后立,上以中山王焉,始終無衰焉,
50512,44,東漢,雲臺二十八將及帝褊察,帝思中興功臣,與之和親,
50601,45,東漢,廣德擊莎車及竇融死,春，帝近出觀覽城第,召還融夫人與小孫一人居雒陽,
50602,45,東漢,宗均治九江及佛教傳入,春，二月，王雒山出寶鼎,獨楚王英最先好之,
50603,45,東漢,鄭眾不拜匈奴及劉荊死,壬寅晦，日有食之，既,廣陵思王荊自殺，國除,
50604,45,東漢,哀牢歸漢及王景治河,夏，四月，戊子，赦天下,冬，十月，壬辰晦，日有食之,
50605,45,東漢,楚王英死及窮治楚獄,楚王英與方士作金龜,乙巳，赦天下,
50606,45,東漢,出擊北匈奴及祭肜死,謁者僕射耿秉數上言請擊匈奴,竇固獨有功，加位特進,
50607,45,東漢,班超通西域,固使假司馬班超與從事郭恂俱使西域,超，彪之子也,
50608,45,東漢,徙劉延夢先帝劉睦死,淮陽王延,昱，永之子也,
50609,45,東漢,白狼歌定疏勒守車師,益州刺史梁國朱輔宣示漢德,以為神明，遂引去,
50610,45,東漢,漢明帝崩及救耿恭,八月，壬子，帝崩於東宮前殿,京師及兗、豫、徐州大旱,
50701,46,東漢,開邊爭論及十三將士歸玉門,春，正月，詔兗、豫、徐三周稟贍饑民,疏勒復安,
50702,46,東漢,劉蒼屢諫及平哀牢,甲寅，山陽、山平地震,詔還坐楚、淮陽事徙者四百餘家,
50703,46,東漢,馬后拒封及諸馬修德,上欲封爵諸舅,太后深納之,
50704,46,東漢,征西羌及第五倫諫寬厚,初，安夷縣吏略妻卑湳種羌人婦,立貴人竇氏為皇后,
50705,46,東漢,諸馬封馬后崩及白虎觀會議,初，顯宗之世,超之兄也,
50706,46,東漢,班超諫擊龜茲,春，二月，庚辰朔，日有食之,帝納之,
50707,46,東漢,廉范治蜀及廢劉慶,春，二月，辛卯，琅邪孝王京薨,出則同輿,
50708,46,東漢,劉蒼死諸馬敗竇氏貴,己未，徙廣平王羨為西平王,人主之深戒也,
50709,46,東漢,班超去妻及韋彪得用,下邳周紆為雒陽令,以大司農鄭弘為太尉,
50710,46,東漢,朱暉強直孔僖誹謗平定疏勒,癸酉，詔改元,烏即城遂降,
50801,47,東漢,四分曆及祭孔祭祖,春，正月，乙酉，詔曰,止用冬初十月而已,
50802,47,東漢,還生口鄭弘死擒號吾斬疏勒,冬，南單于遣兵與北虜溫禺犢王戰於涿邪山,南道遂通,
50803,47,東漢,曹褒制禮及斬迷吾降莎車,楚許太后薨,自是威震西域,
50804,47,東漢,議遣諸王及漢章帝崩,春，正月，濟南王康,為休蘭尸逐侯鞮單于,
50805,47,東漢,竇后臨朝及議擊北匈奴,太后臨朝,誠不可許,
50806,47,東漢,竇憲刺劉暢及鄧訓平燒當,會齊殤王子都鄉侯暢來吊國憂,分以屯田、修理塢壁而已,
50807,47,東漢,眾諫不征北匈奴不聽,竇憲將征匈奴,壽，惲之子也,
50808,47,東漢,燕然勒石及竇氏嬌縱,夏，六月，竇憲、耿秉出朔方雞鹿塞,無所嫌牾焉,
50809,47,東漢,退貴霜及金微山之戰,冬，十月，庚子，阜陵質王延薨,封夔為粟邑侯,
50810,47,東漢,竇憲專權廢立龜茲立於除鞬,竇憲既立大功,然上竟從憲策,
50901,48,東漢,誅竇憲,春，正月，遣大將軍左校尉耿夔,故能保其寵祿焉,
50902,48,東漢,宦官用權祠祭鄧訓斬於除鞬,帝除袁安子賞為郎,武陵郡兵破叛蠻，降之,
50903,48,東漢,劉暢反及立師子,梁王暢與從官卞忌祠祭求福,立師子為亭獨尸逐侯鞮單于,
50904,48,東漢,定焉耆破逢侯擢黃香,己卯，司徒丁鴻薨,皆徵，下獄死,
50905,48,東漢,立陰后定車師,夏，四月，辛亥朔，日有食之,遼東太守祭參坐詛敗，下獄死,
50906,48,東漢,合葬竇后及梁氏貴盛,閏月，辛巳，皇太后竇氏崩,以太僕韓稜為司空,
50907,48,東漢,甘英使大秦及迷唐死,西域都護定遠侯班超遣掾甘英使大秦,戶不滿數十,
50908,48,東漢,復西海平許聖廢陰后,荊州雨水,三州大水,
50909,48,東漢,班超歸漢及鄧綏立后,班超久在絕域,故兄騭終帝世不過虎賁中郎將,
50910,48,東漢,博士遵師罷貢荔枝破高句驪,丁酉，司空巢堪罷,遼東太守耿夔擊高句驪，破之,
50911,48,東漢,漢和帝崩,冬，十二月，辛未，帝崩於章德前殿,以勸勞勤,
51001,49,東漢,漢殤帝崩及迎立安帝,春，正月，辛卯,事減約十分居一,
51002,49,東漢,平龜茲進儒士封諸鄧,乙亥，隕石於陳留,至於五六，乃許之,
51003,49,東漢,棄西域諸羌亂免三公,五月，甲戌，以長樂衛尉魯恭為司徒,然后可以分此罪矣,
51004,49,東漢,周章政變及水旱十載,壬午，詔,蜀郡徼外羌舉土內屬,
51005,49,東漢,平襄大敗及滇零稱帝,冬，鄧騭使任尚及從事中郎河內司馬鈞率諸郡兵,以大鴻臚九江夏勤為司徒,
51006,49,東漢,始賣官匈奴反海賊起辟楊震,三公以國用未足,如西京三輔都尉故事,
51007,49,東漢,虞詡保涼州平甯季,謁者龐參說鄧騭,縣境皆平,
51008,49,東漢,降南匈奴破張伯路新野君薨,三月，何熙軍到五原曼柏,還其資財五百餘萬,
51009,49,東漢,避先零斬張伯路亡杜季貢,春，正月，庚辰朔，日有食之,別居丁奚城,
51010,49,東漢,號多降閻后立不敵零昌,春，二月，丙午,代班雄屯三輔,
51011,49,東漢,增竈計安武都葬鄧弘,懷令虞詡說尚曰,封廣德弟甫德為都鄉侯,
51101,50,東漢,刺平先零羌,春，正月，蒼梧、鬰林、合浦蠻夷反,騭髡妻及鳳以謝罪,
51102,50,東漢,破封離及疏勒強,是歲，郡國十四地震,濟北惠王壽薨,
51103,50,東漢,班勇爭論及置西域副校尉,北匈奴率車師後王軍就共殺後部司馬及敦煌長史索班等,河西大被其害,
51104,50,東漢,治諸羌及鄧后崩,沈氐羌寇張掖,歲還豐穰,
51105,50,東漢,廣納賢才及宦官滅諸鄧,上始親政事,諸從兄弟皆得歸京師,
51106,50,東漢,宦豎阿母橫行及楊震諫不聽,帝以耿貴人兄牟平侯寶監羽林左軍車騎,書奏，皆不省,
51107,50,東漢,麻奴反及罷三年喪,秋，七月，己卯，改元，赦天下,滅其天性乎,
51108,50,東漢,馮緄辨假詔及遂成麻奴降,十二月，高句驪王宮率馬韓,京師及郡國二十七雨水,
51109,50,東漢,陳忠諫抑伯榮與尚書,帝數遣黃門常侍及中使伯榮往來甘陵,萬世之法也,
51110,50,東漢,眾譽黃憲及議保西域,汝南太守山陽王龔,將兵五百人出屯柳中,
51111,50,東漢,楊震不合污及班勇復西域,秋，七月，丹陽山崩,歷魏郡、河內而還,
51112,50,東漢,楊震死,初，樊豐、周廣、謝惲等見楊震連諫不從,以大鴻臚耿寶為大將軍,
51113,50,東漢,廢太子劉保及來歷獨諫,王聖、江京、樊豐等譖太子乳母王男、廚監邴吉等,三十六大水、雨雹,
51201,51,東漢,漢安帝崩及立北鄉侯,春，二月，乙亥，下邳惠王衍薨,冬，十月，丙午，越巂山崩,
51202,51,東漢,漢順帝立及封十九侯,北鄉侯病篤,并擢為中常侍,
51203,51,東漢,平反楊震及黜陟眾臣,初，閻顯辟崔駰之子瑗為吏,太守李超戰歿,
51204,51,東漢,虞詡勝張防及十九侯就國,司隸校尉虞詡到官數月,司空陶敦免,
51205,51,東漢,班勇定車師及搶功平焉耆,朔方以西,當世以此貴之,
51206,51,東漢,樊英出仕及征楊厚黃瓊,初，南陽樊英,不令同業諸生知其為郃子也,
51207,51,東漢,復涼州三郡及班始殺主,春，正月，丙子，京師地震,同產皆棄市,
51208,51,東漢,劉政改節及立梁妠,春，二月，庚午，河間孝王開薨,耿曄移屯遼東無慮城以拒之,
51209,51,東漢,左雄論吏治及四十舉孝廉,尚書令左雄上疏曰,多得其人,
51210,51,東漢,朗顗論災異,閏月，庚子，恭陵百丈廡災,使匈奴中郎將趙稠遣從事將南匈奴兵出塞擊鮮卑，破之,
51211,51,東漢,封宋娥止梁冀免九卿捶撲,初，帝之立也,以太常魯國孔扶為司空,
51212,51,東漢,李固馬融張衡對策,丁丑，洛陽宣德亭地坼,所居之官輒積年不徙,
51213,51,東漢,龐參忠直被毀,太尉龐參,鮮卑由是抄盜差稀,
51301,52,東漢,周舉禁求雨及張衡禁圖讖,夏，四月，車師後部司馬率後王加特奴等,典籍無瑕玷矣,
51302,52,東漢,宦官養子及李固諫梁商,秋，七月，鍾羌良封等復寇隴西、漢陽,事乃得釋,
51303,52,東漢,梁冀縱暴武陵蠻平區連建國,是歲，以執金吾梁冀為河南尹,由是嶺外復平,
51304,52,東漢,周舉劾馮直及誅張逵,秋，八月，己未，司徒黃尚免,上乃以不疑為侍中、奉車都尉,
51305,52,東漢,平那離及吾斯車紐反,三月，乙亥，京師地震,而吾斯猶率其部曲與烏桓寇鈔,
51306,52,東漢,馬賢敗東西羌合及皇甫規不用,初，上命馬賢討西羌,北地太守賈福與趙沖擊之，不利,
51307,52,東漢,梁商死及李固平盜賊,秋，八月，乘氏忠侯梁商病篤,寇掠幷部,
51308,52,東漢,八使反貪及張綱勸降及能政者,丁卯，遺侍中河內杜喬,還以衣遺之,
51309,52,東漢,平西羌及立南單于,冬，十月，辛未，太尉桓焉、司徒劉壽免,於是胡、羌、烏桓悉詣寔降,
51310,52,東漢,立太子及漢順帝崩及九江賊稱帝,辛巳，立皇子炳為太子,是歲，群盜發憲陵,
51311,52,東漢,漢沖帝崩及李固搔首弄姿,春，正月，戊戌，帝崩于玉堂前殿,使下其書，太后不聽,
51312,52,東漢,滕撫平九江諸賊及金蛇案,廣陵賊張嬰復聚眾數千人反,冀由是銜之,
51401,53,東漢,毒殺漢質帝及強力漢桓帝,夏，四月，庚辰，令郡、國舉明經詣太學,尊帝母匽氏為博園貴人,
51402,53,東漢,封諸梁宦官及劉鮪之亂,滕撫性方直,徙桂陽，自殺,
51403,53,東漢,李固杜喬暴尸,梁冀因誣李固、杜喬,伊陵尸逐就單于車兒立,
51404,53,東漢,荀氏八龍及潁川四長,春，正月，甲子，帝加元服,必欲保身全家，爾道為貴,
51405,53,東漢,梁妠崩及梁冀孫壽橫暴,春，正月，甲子，赦天下。改元,然素重穆，亦不甚罪也,
51406,53,東漢,監視梁不疑,冀遣書詣樂安太守陳蕃,冬，十月，司空胡廣致仕,
51407,53,東漢,崔寔政論,十一月，辛巳，京師地震,斯不易之常道矣,
51408,53,東漢,褒崇梁冀及于闐動亂,閏月，庚午，任城節王崇薨,而竟不能討也,
51409,53,東漢,朱穆開棺及阿羅多反復,丙辰，京師地震,司隸、冀州饑，人相食,
51410,53,東漢,劉陶上疏及張奐酹酒還金,太學生劉陶上疏陳事曰,無不悅服，威化大行,
51411,53,東漢,檀石槐崛起及段颎斬公孫舉,春，三月，蜀郡屬國夷反,梁胤子桃為城父侯,
51501,54,東漢,劉陶諫止改鑄,春，正月，己未，赦天下,遂幸上林苑,
51502,54,東漢,平叛南匈奴及陳龜絕食死,十二月，南匈奴諸部并叛,鮮卑寇遼東,
51503,54,東漢,廁中誅梁冀,梁皇后恃姊、兄蔭勢,以業窮民,
51504,54,東漢,立鄧猛封五侯徵處士,壬午，立梁貴人為皇后,遂隱身不出,
51505,54,東漢,李雲杜眾同日死,帝既誅梁冀,獲生口萬餘人,
51506,54,東漢,陷第五種及陳蕃爰延進諫,詔復以陳蕃為光祿勳,延稱病，免歸,
51507,54,東漢,李固孤兒及五侯虐遍天下,春，正月，丙申，赦天下,遇赦，乃敢出,
51508,54,東漢,段熲破燒何及父老送劉寵,閏月，西羌餘眾復與燒何大豪寇張掖,為人選一大錢受之,
51509,54,東漢,段熲下獄及皇甫規平羌,冬，先零、沈氐羌與諸種羌寇幷、涼二州,沈氐大豪滇昌、飢恬等十餘萬口復詣規降,
51510,54,東漢,郡守逃跑及平定荊州,夏，四月，長沙賊起,以太常楊秉為太尉,
51511,54,東漢,皇甫規下獄及漢桓帝遊獵,皇甫規持節為將,書奏，不納,
51512,54,東漢,三明復及朱穆死,十一月，司空劉寵免,憤懣發疽卒,
51601,55,東漢,郭泰及眾黨人,春，二月，丙戌，邟鄉忠侯黃瓊薨,不應征辟，卒於家,
51602,55,東漢,度尚平荊州及誅寇榮,三月，癸亥，隕石於鄠,寇氏由是衰廢,
51603,55,東漢,劉悝反及宦官除,春，正月，帝遣中常侍左悺之苦縣祠老子,尹勳等亦皆奪爵,
51604,55,東漢,鄧后廢李膺獄楊秉死,帝多內寵，宮女至五六千人,有切於前，拜為議郎,
51605,55,東漢,荊州復叛段熲封侯王暢寬刑,荊州兵朱蓋等叛,茂，愷之子也,
51606,55,東漢,立竇妙赦李應誅張朔荀爽諫,郎中竇武,詔拜郎中,
51607,55,東漢,蠻夷反及黨人議始,司隸、豫州饑,屣履到門,
51608,55,東漢,瑨瓆超浮案,宛有富賈張汎者,輸作左校,
51609,55,東漢,陳蕃襄楷上疏無用,太尉陳蕃、司空劉茂共諫,皆名之為賈,
51610,55,東漢,第一次黨錮之禍,河內張成,各置大人領之,
51701,56,東漢,竇武求情及黨人赦,春，正月，東羌先零為祋祤,遂閉口不食，七日而死,
51702,56,東漢,漢桓帝崩及段熲擊先零,秋，八月，巴部言黃龍見,尊帝母董氏為慎園貴人,
51703,56,東漢,封賞及對羌策略分歧,夏，四月，戊辰，太尉周景薨,宗正劉寵為司空,
51704,56,東漢,竇武辛亥政變,初，竇太后之立也,固辭不受,
51705,56,東漢,蛇妖出及謝弼死,以司徒胡廣為太傅,故致位公輔,
51706,56,東漢,段熲平東羌先零,詔遣謁者馮禪說降漢陽散羌,夤擊破之,
51707,56,東漢,第二次黨錮之禍,初，李膺等雖被廢錮,黨禁未解而卒,
51708,56,東漢,救援黨人及汝南袁氏,初，中常侍張讓父死,卓乎其不可及已,
51709,56,東漢,孟佗發跡及討疏勒不克,庚子晦，日有食之,鮮卑寇幷州,
51801,57,東漢,合葬竇妙,春，正月，車駕上原陵,葬桓思皇后於宣陵,
51802,57,東漢,段熲黑化及妖賊許昌,有人書朱雀闕,以永樂少府許訓為司空,
51803,57,東漢,熹平石經及三互法及誅曹鸞,春，三月，詔諸儒正《五經》文字,悉免官禁錮，爰及五屬,
51804,57,東漢,鴻都門學及蔡邕上書,六月，壬戌，以太常南陽劉逸為司空,又詔宣陵孝子為舍人者悉改為丞、尉焉,
51805,57,東漢,慘敗鮮卑及趙苞死,護烏桓校尉夏育上言,遂歐血而死,
51806,57,東漢,對策災異諫罷鴻都蔡邕流放,春，正月，合浦、交趾烏滸蠻反,所賂者反以其情戒邕，由是得免,
51807,57,東漢,廢宋后鴻都盛始賣官,八月，有星孛於天市,子呼徵立,
51808,57,東漢,陽球誅王甫段熲而貶官,春，大疫,至於再三，乃受拜,
51809,57,東漢,審忠呂強上書,於是曹節、朱瑀等權勢復盛,帝知其忠而不能用,
51810,57,東漢,黨錮緩及曹節除政敵,丁酉，赦天下,劉郃、陳球、劉納、陽球皆下獄死,
51811,57,東漢,立何后起苑囿火馬陣,巴郡板楯蠻反，遣御史中丞蕭瑗督益州刺史討之,琁，喬之弟也,
51901,58,東漢,朱儁平交趾及導行費,春，正月，初置騄驥廄丞,書奏，不省,
51902,58,東漢,何后殺王榮及降板楯蠻,何皇后性強忌,五原山岸崩,
51903,58,東漢,黃巾起義,初，鉅鹿張角奉事黃、老,安平、甘陵人各執其王應賊,
51904,58,東漢,黨錮解及十常侍,三月，戊申，以河南尹何進為大將軍,收掠，死獄中,
51905,58,東漢,長社之戰及曹操出,庚子，南陽黃巾張曼成攻殺太守褚貢,操大喜而去,
51906,58,東漢,傅燮諫交趾平黃巾敗米賊起,朱儁之擊黃巾也,詔嵩討角,
51907,58,東漢,滅黃巾及涼州之亂,九月，安平王續坐不道,十二月，己巳，赦天下，改元,
51908,58,東漢,增賦稅鑄銅人修宮室,豫州刺史太原王允破黃巾,以朱儁為右車騎將軍,
51909,58,東漢,盜賊並起及議棄涼州,自張角之亂,帝善而從之,
51910,58,東漢,皇甫嵩免劉陶死討涼州,夏，四月，庚戌，大雨雹,堅遂出,
51911,58,東漢,傅燮出京畢嵐發明韓遂火併,是歲，帝造萬金堂於西園,拜苗為車騎將軍,
51912,58,東漢,韓遂火併傅燮戰歿張純張舉起義,韓遂殺邊章及北宮伯玉、李文侯,愧於先之,
52001,59,東漢,廢史立牧劉焉入蜀王芬政變,春，正月，丁酉，赦天下,融之族孫也,
52002,59,東漢,西園八校尉及靈帝講武及王國敗,八月，初置西園八校尉,由是寖衰,
52003,59,東漢,平張舉張純及漢靈帝崩,幽州牧劉虞到部,與大將軍何進參錄尚書事,
52004,59,東漢,除蹇碩及逼死董后,進既秉朝政,司徒丁宮罷,
52005,59,東漢,謀誅宦官及董卓不奉詔,袁紹復說何進曰,駐兵河東以觀時變,
52006,59,東漢,何進猶豫被殺及誅滅十常侍,何進召卓使將兵詣京師,遂投河而死,
52007,59,東漢,董卓進京及立漢獻帝,貢扶帝與陳留王夜步逐螢光南行,棄尸於苑枳落中,
52008,59,東漢,平反黨錮及董卓殘忍,詔除公卿以下子弟為郎,不保朝夕,
52009,59,東漢,討伐董卓之戰及遷都長安,卓購求袁紹急,卓亦雅信焉,
52010,59,東漢,孫堅劉表發跡及酸棗眾散,董卓以袁紹之故,袁紹使廣陵臧洪領青州以撫之,
52011,59,東漢,劉虞寬政及公孫度自立,夏，四月，以幽州牧劉虞為太傅,設旄頭、羽騎,
52101,60,東漢,議立劉虞及陽人之戰,春，正月，辛丑，赦天下,即調發軍糧,
52102,60,東漢,孫堅破董卓及董卓還長安,堅還屯,以太常馬日磾為太尉,
52103,60,東漢,韓馥讓冀州,初，何進遣雲中張楊還幷州募兵,以書刀自殺,
52104,60,東漢,陽城之戰及二袁決裂,鮑信謂曹操曰,又悉改置郡、縣守、令,
52105,60,東漢,劉備起及孫堅死,初，涿郡劉備,術由是不能勝表,
52106,60,東漢,陶謙劉焉張魯公孫度,初，董卓入關,為商賈以自穢，乃免,
52107,60,東漢,荀彧出及界橋之戰,春，正月，丁丑，赦天下,操遂擊眭固及匈奴於扶羅於內黃，皆大破之,
52108,60,東漢,呂布刺董卓及王允殺蔡邕,董卓以其弟旻為左將軍,會卓死，得免,
52109,60,東漢,曹操得兗州及王允驕傲,青州黃巾寇兗州,而疑關東之心，不可也,
52110,60,東漢,李傕郭汜之亂,時百姓訛言當悉誅涼州人,可不謂之智乎,
52111,60,東漢,傕汜掌權及毛玠進言,傕等以賈詡為左馮翊,術以下邳陳瑀為揚州刺史,
52112,60,東漢,袁術退揚州及陶謙領徐州,春，正月，甲寅朔，日有食之,漂沒民居,
52113,60,東漢,袁紹戰張燕及曹操屠徐州,袁紹出軍入朝歌鹿腸山,以太常趙溫為司空，錄尚書事,
52114,60,東漢,劉虞誣死及田疇隱居,劉虞與公孫瓚積不相能,以衛尉張喜為司空,
52201,61,東漢,騰遂謀誅李傕及二征陶謙,春，正月，辛酉，赦天下,柔舉宗從之,
52202,61,東漢,陳宮張邈叛曹迎呂布,呂布之捨袁紹從張楊也,乃進攻之,
52203,61,東漢,呂布曹操兗州之戰,五月，以揚武將軍郭汜為後將軍,操乃止,
52204,61,東漢,劉璋繼任及陶謙讓徐州,十二月，司徒淳于嘉罷,日磾病其失節，嘔血而死,
52205,61,東漢,孫策寄身袁術,初，孫堅娶錢唐吳氏,與賁共將兵擊英等,
52206,61,東漢,李郭樊內鬥及劫天子質公卿,春，正月，癸丑，赦天下,苞等因將所領兵歸汜,
52207,61,東漢,李傕拒和解,是日，傕復移乘輿境北塢,在三公之右,
52208,61,東漢,定陶之戰及呂布投劉備,呂布將薛蘭,外然之而內不悅,
52209,61,東漢,爭劫漢獻帝及軍閥亂斗,李傕、郭汜相攻連月,大破之，斬首數千級,
52210,61,東漢,獻帝流亡及沮授進策,於是董承等以新破傕等,紹不從,
52211,61,東漢,孫策破劉繇及團隊初成,初，丹陽朱治嘗為孫堅校尉,繇從之,
52212,61,東漢,笮融濫殺及臧洪死守,初，陶謙以笮融為下邳相,如何一日殺二烈士,
52213,61,東漢,公孫瓚建易京,公孫瓚既殺劉虞,居于平陽,
52301,62,東漢,徐州易主及獻帝還雒陽,春，正月，癸酉，大赦，改元,或為士兵所殺,
52302,62,東漢,袁術欲稱帝,袁術以讖言“代漢者當涂高”,策遂與之絕,
52303,62,東漢,曹操挾天子,曹操在許，謀迎天子,始立宗廟社稷於許,
52304,62,東漢,孫策破王朗及曹操得謀士,孫策將取會稽,當事不當爾邪,
52305,62,東漢,孔融破走曹操屯田轅門射戟,北海太守孔融,然後各罷,
52306,62,東漢,劉備投曹操及張繡附劉表,備合兵得萬餘人,表乃止,
52307,62,東漢,禰衡死張繡叛及十勝十敗,平原禰衡,騰、遂各遣子入侍,
52308,62,東漢,袁術稱帝及呂布破之,袁術稱帝於壽春,布騎皆於水北大咍笑之而還,
52309,62,東漢,陷陣營陳國破袁術衰釋楊彪,泰山賊帥臧霸襲琅邪相蕭建於莒,由是得免於禍,
52310,62,東漢,李傕郭汜黨盡,馬日磾喪至京師,封閺鄉侯,
52311,62,東漢,戰張繡及下邳之戰,初，袁紹每得詔書,陳登以功加伏波將軍,
52312,62,東漢,孫策貢獻及收祖郎太史慈,劉表與袁紹深相結約,軍人以為榮,
52313,62,東漢,太史慈然諾及易京危,會劉繇卒於豫章,瓚众日䠞,
52401,63,東漢,公孫瓚自焚及袁術歐血死,春，三月，黑山賊帥張燕與公孫續率兵十萬,故廣陵太守徐璆得傳國璽，獻之,
52402,63,東漢,論戰官渡張繡降曹鎮撫關中,袁紹既克公孫瓚,關中由是服從,
52403,63,東漢,劉表中立及韓嵩使曹,袁紹使人求助於劉表,乃弗誅而囚之,
52404,63,東漢,孫策吞劉勳華歆嚴白虎,揚州賊帥鄭寶欲略居民以赴江表,此丈夫之志也。乃舍之,
52405,63,東漢,衣帶詔及徐州之戰,曹操復屯官渡,所亡士卒稍稍歸之,
52406,63,東漢,囚田豐斬顏良誅文丑,曹操還軍官渡,紹軍奪氣,
52407,63,東漢,關羽歸劉備及孫策死,初，操壯關羽之為人,壬午，馮薨,
52408,63,東漢,李通忠曹及對峙官渡,汝南黃巾劉辟等叛曹操應袁紹,乃堅壁持之,
52409,63,東漢,官渡之戰,操見運者,況眾人乎,
52410,63,東漢,袁紹殺田豐及劉馥建合肥,冀州城邑多降於操,以脩戰守之備,
52411,63,東漢,榻上策,曹操聞孫策死,統，俊之子也,
52412,63,東漢,孫權除異己及張魯據漢中,盧陵太守孫輔恐權不能保江東,蜀郡、廣漢、犍為皆應之,
52501,64,東漢,劉備奔劉表及張遼收昌豨,春，三月，丁卯朔，日有食之,操遣豨還,
52502,64,東漢,益州之亂及張魯治漢中,趙韙圍劉璋於成都,魯從之,
52503,64,東漢,袁譚袁尚爭位及鍾繇定河東,春，正月，曹操軍譙,南單于遂降,
52504,64,東漢,博望坡之戰及周瑜拒質曹,劉表使劉備北侵,遂不送質,
52505,64,東漢,轉攻劉表及二袁鬩墻,春，二月，曹操攻黎陽,譚、尚皆不從,
52506,64,東漢,勸攻二袁及孫權出征,辛毗至西平見曹操,拜齊平東校尉,
52507,64,東漢,鄴之戰,春，正月，曹操濟河,稟食之,
52508,64,東漢,殺許攸降高幹袁譚反,初，袁紹與曹操共起兵,略定諸縣,
52509,64,東漢,牽招使遼東及徐氏刺媯覽,曹操表公孫度為武威將軍,統河部曲,
52510,64,東漢,斬袁譚收名士焦觸降張燕歸,春，正月，曹操攻南皮,封安國亭侯,
52511,64,東漢,高幹反及杜畿平治河東,故安趙犢,常為天下最,
52512,64,東漢,荀悅作申鑒,秘書監、侍中荀悅作申鑒五篇,而海內平矣,
52601,65,東漢,幷州治及仲長統,春，正月，有星孛於北斗,天道常然之大數也,
52602,65,東漢,郭嘉議擊烏桓,秋，七月，武威太守張猛殺雍州刺史邯鄲商,掩其不意,
52603,65,東漢,辟田疇及白狼山之戰,初，袁紹數遣使召田疇於無終,則此未足為恨也,
52604,65,東漢,三顧茅廬及隆中對,是歲，孫權西擊黃祖,故德操與劉備語而稱之,
52605,65,東漢,甘寧奔吳及斬黃祖,春，正月，司徒趙溫辟曹操子丕,令寧將兵屯於他所,
52606,65,東漢,曹丞相唯才是舉及馬騰入朝,夏，六月，罷三公官,悉徙其家屬詣鄴,
52607,65,東漢,殺孔融及劉表死,秋，七月，曹操南擊劉表,琦奔江南,
52608,65,東漢,劉琮降曹及劉備敗長坂,章陵太守蒯越及東曹掾傅巽等勸劉琮降曹,與俱到夏口,
52609,65,東漢,曹操收荊州將士,曹操進軍江陵,從人望也,
52610,65,東漢,魯肅聯劉備及諸葛說孫權,冬，十月，癸未朔，日有食之,與其群下謀之,
52611,65,東漢,魯肅周瑜定策抗曹,是時，曹操遺權書曰,助畫方略,
52612,65,東漢,赤壁之戰,劉備在樊口,使張昭攻九江之當塗，不克,
52613,65,東漢,荊州四郡田疇拒封賀齊討賊,劉備表劉琦為荊州刺史,以齊為太守,
52701,66,東漢,孫權嫁妹及蔣幹說瑜,春，三月，曹操軍至譙,操善之,
52702,66,東漢,銅爵臺及劉備還公安,春，下令曰,殆不免周瑜之手,
52703,66,東漢,周瑜死借荊州呂蒙學士燮服,周瑜詣京見權曰,由是嶺南始服屬於權,
52704,66,東漢,潼關之戰,春，正月，以曹操世子丕為五官中郎將,操乃增河東太守杜畿秩中二千石,
52705,66,東漢,劉璋迎劉備入蜀,扶風法正為劉璋軍議校尉,厚樹恩德以收眾心,
52706,66,東漢,平賊寇誅馬騰石頭城,春，正月，曹操還鄴,改秣陵為建業,
52707,66,東漢,董昭勸進荀彧飲藥,呂蒙聞曹操欲東兵,豈人情乎,
52708,66,東漢,劉備反目及濡須退兵,十二月，有星孛于五諸侯,拜濟丹陽太守,
52709,66,東漢,進魏公及益州之戰,五月，丙申，以冀州十郡封曹操為魏公,魏公操納三女為貴人,
52710,66,東漢,冀城之圍及鹵城之戰,初，魏公操追馬超至安定,賜楊阜爵關內侯,
52711,66,東漢,魏國建制及議復肉刑,冬，十一月，魏初置尚書、侍中、六卿,顧眾議而止,
52801,67,東漢,夏侯淵平涼及呂蒙破皖城,春，馬超從張魯求兵,還屯尋陽,
52802,67,東漢,釋嚴顏龐統死馬超投劉璋降,諸葛亮留關羽守荊州,佩振威將軍印綬,
52803,67,東漢,益州眾臣治蜀,備入成都,倉卒但免官而已,
52804,67,東漢,平宋建殺伏后立曹節,秋，七月，魏公操擊孫權,西平、金城諸將麴演、蔣石等共斬送韓遂首,
52805,67,東漢,湘水之盟,初，劉備在荊州,退無私面,
52806,67,東漢,陽平關之戰,秋，七月，魏公操至陽平,百姓自樂出徙洛、鄴者八萬餘口,
52807,67,東漢,逍遙津之戰,八月，孫權率眾十萬圍合肥,非但書紳也,
52808,67,東漢,張魯降曹及趙儼撫亂,九月，巴、賨夷帥朴胡、杜濩、任約,凡所全致二万馀口,
52809,67,東漢,殺崔琰黜毛玠服烏桓分匈奴,春，二月，魏公操還鄴,十一月，至譙,
52901,68,東漢,蔣欽周泰及丕植爭位,春，正月，魏王操軍居巢,還家賜死,
52902,68,東漢,漢中之戰及陸遜發跡,法正說劉備曰,顧人不能為耳,
52903,68,東漢,許都之亂及斬吳蘭,魏王操使丞相長史王必典兵督許中事,魏王族子也,
52904,68,東漢,曹彰平烏桓及楊洪援侯音反,夏，四月 ，代郡、上谷烏桓無臣氐等反,復屯樊,
52905,68,東漢,定軍山之戰及劉備得漢中,初，夏侯淵戰雖數勝,劉備遂有漢中,
52906,68,東漢,遷空漢中及劉備稱王,操恐劉備北取武都氐以逼關中,遽即受拜,
52907,68,東漢,水淹七軍及樊城之戰,詔以魏王操夫人卞氏為王后,南鄉太守傅方皆降於羽,
52908,68,東漢,誅魏諷殺楊修撫許攸議遷都,初，沛國魏諷有惑眾才,操從之,
52909,68,東漢,呂蒙託病及陸遜修書,初，魯肅嘗勸孫權以曹操尚存,命皎為后繼可也,
52910,68,東漢,徐晃破關羽及白衣渡江,魏王操之出漢中也,故羽吏士無鬥心,
52911,68,東漢,潘濬歸吳及關羽被斬,會權至江陵,未几，璋卒,
52912,68,東漢,呂蒙病死及孫權稱臣,呂蒙未及受封而疾發,風俗安可忽哉,
60101,69,曹魏,曹操薨及曹丕即位,春，正月，武王至洛陽,丁儀以希意族滅，哀夫,
60102,69,曹魏,九品官人法及麴演涼州之亂,初置散騎常侍、侍郎各四人,孫權遣使奉獻,
60103,69,曹魏,孟達降魏及賈逵治豫州,蜀將軍孟達屯上庸,賜逵爵關內侯,
60104,69,曹魏,曹魏代漢及曹丕從諫,左中郎將李伏,後遂為之稀出,
60105,69,曹魏,劉備稱帝,春，正月，以議郎孔羨為宗聖侯,娶車騎將軍張飛女為太子妃,
60106,69,曹魏,洛神死張飛死劉備攻吳,太祖之入鄴也,孫桓等五萬人拒之,
60107,69,曹魏,孫權稱臣于禁慚死劉曄不用,皇弟鄢陵侯彰,罷五銖錢,
60108,69,曹魏,張既平河西及孫權受吳王,涼州盧水胡治元多等反,基，繇之子也,
60109,69,曹魏,交通四夷陸遜退讓曹袞謹慎,初，太祖既克蹋頓,江北諸郡為郢州,
60110,69,曹魏,夷陵之戰,漢人自巫峽建平連營至夷陵界,吳破漢書到,
60111,69,曹魏,黃權降魏及立郭后,秋，七月，冀州大蝗，饑,立皇后郭氏,
60112,69,曹魏,曹丕首次伐吳,初，吳王遣于禁護軍浩周,以為南郡外援,
60201,70,曹魏,濡須口之戰及江陵之戰,春，正月，曹真使張郃擊破吳兵,帝不納，軍竟無功,
60202,70,曹魏,斬黃元劉備死諸葛主政,丁未，陳忠侯曹仁卒,亮垂泣三日,
60203,70,曹魏,南中之戰及吳蜀重盟,六月，甲戌，任城威王彰卒,君之誠款乃當爾邪,
60204,70,曹魏,百里疑城及暨艷事件,秋，七月，帝東巡，如許昌,十一月，戊申晦，日有食之,
60205,70,曹魏,軻比能擾及顧雍繼任,鮮卑軻比能誘步度根兄扶羅韓殺之,所不宜聽也。王從之,
60206,70,曹魏,七擒孟獲及曹丕還軍,利成郡兵蔡方等反,自今討賊計畫，善思論之,
60207,70,曹魏,冤殺鮑勳及曹丕卒,漢丞相亮欲出軍漢中,何遠之有哉,
60208,70,曹魏,曹叡即位懼退孫權騙斬士徽,太子即皇帝位,各遣使入貢於吳,
60209,70,曹魏,禽彭綺王朗諫出師表,春，吳解煩督胡綜,屯於沔北陽平石馬,
60210,70,曹魏,止攻諸葛立毛皇后閃擊孟達,亮辟廣漢太守姚伷為掾,何其神速也,
60301,71,曹魏,子午谷奇謀及馬謖失街亭,春，正月，司馬懿攻新城,乃使將軍郝昭等守陳倉，治其城,
60302,71,曹魏,石亭之戰,夏，四月，丁酉，帝還洛陽,帝以滿寵督揚州以代之,
60303,71,曹魏,後出師表及二次北伐,護烏桓校尉田豫擊鮮卑鬰築鞬,詔賜昭爵關內侯,
60304,71,曹魏,立公孫淵三次北伐孫權稱帝,初，公孫康卒,以函谷關為界,
60305,71,曹魏,約飭支子孫吳遷都張紘遺書,張昭以老病上還官位及所統領,吳主省書，為之流涕,
60306,71,曹魏,制魏新律及浮海夷州,冬，十月，改平望觀曰聽訟觀,吳主不聽,
60307,71,曹魏,董昭整頓黨友,尚書琅邪諸葛誕,葬武宣皇后,
60308,71,曹魏,曹真伐蜀,大司馬曹真以“漢人數入寇,改葬文昭皇后於朝陽陵,
60309,71,曹魏,三戰合肥及隱蕃亂吳,吳主揚聲欲至合肥,召交州刺史呂岱還屯長沙漚口,
60401,72,曹魏,四次北伐及張郃戰死,春，二月，吳主假太常潘濬節,飛矢中郃右膝而卒,
60402,72,曹魏,曹植上疏諫重宗室,秋，七月，乙酉，皇子殷生,自如先帝令,
60403,72,曹魏,李嚴免官及孫布詐降,漢丞相亮之攻祁山也,改明年元曰嘉禾,
60404,72,曹魏,送葬曹淑及求馬公孫淵,春，正月，吳主少子建昌侯慮卒,十二月，帝還許昌宮,
60405,72,曹魏,疏劉曄及杜恕上疏,侍中劉曄為帝所親重,畿之子也,
60406,72,曹魏,陳矯盡職及合肥新城,帝嘗卒至尚書門,詔遂報聽,
60407,72,曹魏,公孫淵斬使及軻比能寇邊,春，正月，甲申，青龍見摩陂井中,不以為恨,
60408,72,曹魏,諫止伐公孫淵,陸遜上疏曰,然後朝會,
60409,72,曹魏,四宦官歸國及四戰合肥,初，張彌、許晏等至襄平,亦不克,
60410,72,曹魏,五次北伐及五戰合肥,蜀庲降都督張翼用法嚴峻,辛巳，帝還許昌,
60411,72,曹魏,諸葛亮死及斬魏延,司馬懿與諸葛亮相守百餘日,實無反意也,
60412,72,曹魏,吊祭諸葛宗預使吳請戰山越,諸軍還成都,十一月，濬還武昌,
60501,73,曹魏,楊儀自殺及諫省宮室后妃,春，正月，戊子，以大將軍司馬懿為太尉,然皆優容之,
60502,73,曹魏,重修崇華殿及曹袞死,秋，七月，洛陽崇華殿災,十一月，丁酉，帝行如許昌,
60503,73,曹魏,刺軻比能及高堂隆諫異象,是歲，幽州刺史王雄使勇士韓龍刺殺鮮卑軻比能,君子謂羣於是乎長者矣,
60504,73,曹魏,王昶戒子生定廟號公孫自立,乙未，帝行如許昌,誘呼鮮卑以侵擾北方,
60505,73,曹魏,殺毛后行禘祀平山越,漢張后殂,徙屯廬江皖口,
60506,73,曹魏,諫勿大興土木後宮,是歲，徙長安鍾簴,所謂意過其通者歟,
60507,73,曹魏,考課法未行,帝深疾浮華之士,豐服其言,
60601,74,曹魏,魏滅燕之戰及劉禪立太子,春，正月，帝召司馬懿於長安,殯殮於宅,
60602,74,曹魏,步練師死及誅呂壹,九月，吳改元赤烏,未知諸君於管子何如耳,
60603,74,曹魏,劉放孫資弄權,冬，十一月，壬午，以司空衛臻為司徒,乃疾趨入朝,
60604,74,曹魏,曹叡托孤及曹爽結黨,春，正月，懿至，入見,以征東將軍滿寵為太尉,
60605,74,曹魏,蔣琬寬厚呂岱平交周瑜後裔,夏，四月，吳督軍使者羊衜擊遼東守將,詔復以建寅之月為正,
60606,74,曹魏,吳魏芍陂之戰及孫登卒,春，旱,駐公安,
60607,74,曹魏,蔣琬水攻鄧艾屯田吳立二宮,漢大司馬蔣琬以諸葛亮數出秦川,書三、四上，吳主不聽,
60608,74,曹魏,吳不疑蜀及六代論,春，正月，帝加元服,爽不能用,
60609,74,曹魏,興勢之戰,春，正月，吳主以上大將軍陸遜為丞相,乃聽事終日而猶有不暇焉,
60610,74,曹魏,二宮之爭起,春，正月，以票騎將軍趙儼為司空,吳主意乃稍解,
60611,74,曹魏,董允死黃皓起,夏，六月，都鄉穆侯趙儼卒,由祗阿意迎合而皓浸潤構間故也,
60701,75,曹魏,平高句麗及費禕濫赦,春，二月，吳車騎將軍朱然寇柤中,維討平之,
60702,75,曹魏,譙周進諫及司馬懿稱疾,漢主數出游觀,帝皆不聽,
60703,75,曹魏,姜維二次北伐及曹爽驕奢,吳主大發眾集建業,忍不可忍,
60704,75,曹魏,司馬懿裝病及管輅卜筮,冬，河南尹李勝出為荊州刺史,散騎常侍昭謀誅曹爽,
60705,75,曹魏,高平陵之變,春，正月，甲午，帝謁高平陵,與張當俱夷三族,
60706,75,曹魏,曹爽黨羽及玄學初興,初，爽之出也,丙午，大赦,
60707,75,曹魏,夏侯霸奔蜀及朱然蔣濟死,丁未，以太傅懿為丞相,遂發病，丙子，卒,
60708,75,曹魏,麴城之戰王凌密謀徐邈清節,秋，漢衛將軍姜維寇雍州,欽，毓之子也,
60709,75,曹魏,二宮之爭止,夏，五月，以征西將軍郭淮為車騎將軍,吳主立子亮為太子,
60710,75,曹魏,王昶破吳及王凌之亂,吳主遣軍十萬作堂邑涂塘以淹北道,不得與人交關,
60711,75,曹魏,司馬懿死制南匈奴孫權後悔,秋，七月，壬戌，皇后甄氏殂,乃止,
60712,75,曹魏,托孤諸葛恪及縊殺潘皇后,吳主以太子亮幼少,坐死者六七人,
60713,75,曹魏,孫權卒及徙諸王,吳主病困,遂移南昌,
60714,75,曹魏,東興之戰,初，吳大帝築東興堤以遏巢湖,事輒不果,
60801,76,曹魏,費禕遇刺及二司馬引咎,春，正月，朔，蜀大將軍費禕與諸將大會於漢壽,況於再乎,
60802,76,曹魏,諸葛恪輕敵拒諫,光祿大夫張緝言於師曰,夏，四月，大赦,
60803,76,曹魏,合肥新城之戰及姜維六次北伐,漢姜維自以練西方風俗,怨讟興矣,
60804,76,曹魏,孫峻刺殺諸葛恪,汝南太守鄧艾言於司馬師曰,恪果以此敗,
60805,76,曹魏,孫峻殺孫和及李豐謀反,吳群臣共議上奏,不克，皆死,
60806,76,曹魏,廢曹芳立曹髦,帝以李豐之死,漢兵乃還,
60807,76,曹魏,毌丘儉文欽之亂,初，揚州刺史文欽,以雍州刺史陳泰代之,
60808,76,曹魏,文鴦陷陣及尹大目徒勞,吳丞相峻率驃騎將軍呂據,仍著於律令,
60809,76,曹魏,司馬師死及孫儀刺孫峻,舞陽忠武侯司馬師疾篤,功卒不成,
60810,76,曹魏,狄道之戰,漢姜維復議出軍,尊大帝為太祖,
60901,77,曹魏,曹髦論儒及段谷之戰,春，正月，漢姜維進位大將軍,乃以衛將軍行大將軍事,
60902,77,曹魏,孫峻呂岱滕胤呂據死,八月，庚午，詔司馬昭加號大都督,吾恥為叛臣。遂自殺,
60903,77,曹魏,王祥至孝孫綝專政孫亮親政,以司空鄭沖為司徒,左右莫不驚悚,
60904,77,曹魏,諸葛誕之亂起,征東大將軍諸葛誕素與夏侯玄,端等封拜各有差,
60905,77,曹魏,仇國論,漢姜維聞魏分關中兵以赴淮南,雖有智者將不能謀之矣,
60906,77,曹魏,諸葛誕之亂平,春，正月，文欽謂諸葛誕曰,昭前後九讓，乃止,
60907,77,曹魏,孫綝廢孫亮立孫休,秋，七月，吳主封故齊王奮為章安侯,封永康侯,
60908,77,曹魏,孫休執政及除孫綝,先是，丹陽太守李衡數以事侵琅邪王,不可謂智。遂寢,
60909,77,曹魏,斂兵聚谷及封晉公,初，漢昭烈留魏延鎮漢中,封晉公，加九錫,
60910,77,曹魏,曹髦赴死及曹奐即位,帝見威權日去,以尚書右僕射王觀為司空,
60911,77,曹魏,孫亮自殺及王沈治豫州,吳都尉嚴密建議作浦里塘,沈乃止,
60912,77,曹魏,孫吳詐降黃皓用事鮮卑入質,春，三月，襄陽太守胡烈表言,諸部皆畏服之,
61001,78,曹魏,姜維种麥及張布濮陽興貴寵,秋，八月，乙酉，吳主立皇后朱氏,不復使昭等入,
61002,78,曹魏,竹林七賢,譙郡嵇康,難乎免於今之世矣,
61003,78,曹魏,魏滅蜀之戰及交趾之亂,司馬昭患姜維數為寇,昭烈將軍秉之孫也,
61004,78,曹魏,偷渡陰平及劉禪降魏,鄧艾進至陰平,至是乃服,
61005,78,曹魏,平武溪夷及鄧艾矜伐,吳人以武陵五溪夷與蜀接界,終不自嫌以損國家計也,
61006,78,曹魏,鍾會之亂,鍾會內有異志,與宴談而遣之,
61007,78,曹魏,永安之戰進爵晉王樂不思蜀,二月，丙辰，車駕還洛陽,太保鄭沖總而裁焉,
61008,78,曹魏,孫休死改立孫皓及立司馬炎,吳分交州置廣州,是歲，罷屯田官,
70101,79,西晉,司馬炎篡魏及大封宗室,春，三月，吳主使光祿大夫紀陟,除漢宗室禁錮,
70102,79,西晉,孫皓暴虐及司馬炎服喪,三月，吳遣其大鴻臚張儼,而不能將順其美，惜哉！,
70103,79,西晉,陸凱二十事及剿滅施但,吳改元寶鼎,而採擇無已,
70104,79,西晉,李憙案及吳興土木,春，正月，丁卯，立子衷為皇太子,遣鮮卑拓跋沙漠汗歸其國,
70105,79,西晉,修晉律及石苞被誣三攻交趾,春，正月，丙戌，賈充等上所刊修律令,石苞為司徒,
70106,79,西晉,胡烈羊祜文立及何定寵陸凱死,春，正月，吳主立子瑾為皇太子,其令太子申拜禮,
70107,79,西晉,陸抗十七條及禿髮樹機能,春，正月，吳丁奉入渦口,因改姓劉氏,
70108,79,西晉,孫皓迷讖及牽弘敗死,春，正月，匈奴右賢王劉猛叛出塞,義陽成王望卒,
70109,79,西晉,吳收交趾及嫁賈南風,侍中、尚書令、車騎將軍賈充,吳改明年元曰鳳凰,
70110,79,西晉,劉猛死司馬孚死,春，正月，監軍何楨討劉猛,遂免徽官,
70111,79,西晉,王濬平益州作大艦及賈充專寵,夏，汶山白馬胡侵掠諸種,廢於家,
70112,79,西晉,步闡投晉及西陵之戰,八月，吳主徴昭武將軍,專為兼併之計,
70113,79,西晉,鴆萬彧留平及賀邵上疏何定伏誅,賈充與朝士宴飲,何定姦穢發聞，亦伏誅,
70114,79,西晉,羊陸之交,羊祜歸自江陵,二王當國，羊公無德,
70201,80,西晉,昭雪鄧艾誅殺韋昭廣納後宮,春，正月，辛酉，密陵元侯鄭袤卒,臨淮康公荀顗卒,
70202,80,西晉,天子訛言及楊艶山濤王裒,吳左夫人王氏卒,殆不免君子之譏乎,
70203,80,西晉,陸抗死除三害論喪期,吳大司馬陸抗疾病,臣謂不若陳逵之言質略而敦實也,
70204,80,西晉,杜預建橋范粲忠魏天下大疫,九月，癸亥，以大將軍陳騫為太尉,諸上禮者，皆絶之,
70205,80,西晉,司馬攸還藩及孫皓迷信殘暴,初，齊王攸有寵於文帝,改明年元曰天紀,
70206,80,西晉,羊祜諫伐吳及立楊芷,冬，十月，以汝陰王駿為征西大將軍,何能為損益乎,
70207,80,西晉,諸王就國及衛瓘弱鮮卑,春，正月，丙子朔，日有食之,封其弟為亭侯,
70208,80,西晉,杜武庫衛瓘醉羊公碑,春，正月，庚午朔，日有食之,人以是重之,
70209,80,西晉,馬隆請戰及劉淵事始,鮮卑樹機能久為邊患,以淵代為左部帥,
70210,80,西晉,郭馬之亂及大舉伐吳,夏，四月，大赦,為諸軍節度,
70211,80,西晉,馬隆平涼州及議省官省事,馬隆西渡溫水,亦不可不重也,
70301,81,西晉,晉滅吳之戰,春，正月，吳大赦,帝善之,
70302,81,西晉,王渾王濬爭功,王濬之入建業也,然後見之,
70303,81,西晉,置十九州及去州郡兵,杜預還襄陽,此萬世之長策也。帝不聽,
70304,81,西晉,羊車望幸慕容始寇愷崇鬥富,春，三月，詔選孫皓宮人五千人入宮,無有窮極矣,
70305,81,西晉,張華罷黜及賈充死,尚書張華,廣陸成侯李胤薨,
70306,81,西晉,司馬攸歸齊及憤恚而卒,齊王攸德望日隆,必擇言而後發,
70307,81,西晉,議廢九品中正制,夏，五月，己亥，琅邪武王伷薨,帝雖善其言而終不能改也,
70308,81,西晉,王濟不屈慕容廆起扶餘復國,冬，十二月，庚午，大赦,地震,
70401,82,西晉,段妻慕容諸王分鎮司馬遹慧,夏，四月，太廟成,猶卻行而求前也,
70402,82,西晉,劉頌上疏,淮南相劉頌上疏曰,以右光祿大夫石鑒為司空,
70403,82,西晉,司馬炎死及楊駿專權,帝疾篤,匈奴五部大都督,
70404,82,西晉,八王之亂起及賈后除三楊,春，正月，乙酉朔，改元永平,詔赦之,
70405,82,西晉,賈后暴戾及二十四友,壬寅，徵汝南王亮為太宰,望塵而拜,
70406,82,西晉,賈后雙殺司馬亮司馬瑋,太宰亮、太保瓘以楚王瑋剛愎好殺,謚曰成,
70407,82,西晉,張華輔政武庫失火拓跋三部,於是賈后專朝,晉人附者稍眾,
70408,82,西晉,孫秀結黨齊萬年亂前仇池國,春，正月，赦天下,米斛萬錢,
70409,82,西晉,名士貴無及裴頠崇有,丁丑，京陵元公王渾薨,頠論亦不能救也,
70410,82,西晉,李特入蜀及破齊萬年,拓跋猗㐌度漠北巡,皆破之,
70501,83,西晉,徙戎論,春，正月，孟觀大破氐眾於中亭,朝廷不能用,
70502,83,西晉,賈后淫虐及張華裴頠戀位,散騎常侍賈謐侍講東宮,竟不能從,
70503,83,西晉,作錢神論依法治國銅駝荊棘,帝為人戇騃,冬，十一月，甲子朔，日有食之,
70504,83,西晉,賈后廢徙司馬遹,初，廣城君郭槐,不如靜以待之,
70505,83,西晉,椎殺司馬遹及司馬倫廢賈后,太子既廢,倫等斬之以徇,
70506,83,西晉,賜死賈后除黨羽,倫陰與秀謀篡位,清河康王遐薨,
70507,83,西晉,司馬允討逆及孫秀得志,中護軍淮南王允,未幾，薨,
70508,83,西晉,司馬倫九錫及趙廞據蜀,孫秀議加相國倫九錫,以斷北道,
70601,84,西晉,司馬倫篡位,春，正月，以散騎常侍安定張軌為涼州刺史,以寵安之,
70602,84,西晉,李特滅趙廞,李庠驍勇得眾心,為羌所殺,
70603,84,西晉,司馬冏傳檄及三王起義,齊王冏謀討趙王倫,乃為之固守,
70604,84,西晉,司馬倫兵敗及還政晉惠帝,倫、秀聞三王兵起,皆傳首洛陽，夷三族,
70605,84,西晉,三王論功及司馬穎歸藩,立襄陽王尚為皇太孫,由是士民之譽皆歸穎,
70606,84,西晉,封賞功臣諸王,冏辟新興劉殷為軍諮祭酒,鎮下邳,
70607,84,西晉,流民起義及李特據蜀,初，朝廷符下秦、雍州,求救於梁州及南夷校尉,
70608,84,西晉,李特益盛,十二月，穎昌康公何卲薨,以毅為刺史,
70609,84,西晉,司馬冏宴樂及鱸膾蒓羹,齊武閔王冏既得志,見兵之攻齊也,
70610,84,西晉,司馬顒檄及司馬冏死,冏以河間王顒本附趙王倫,覆訊清允,
70701,85,西晉,李特死,春，正月，李特潛渡江擊羅尚,軍事悉以任之,
70702,85,西晉,張昌作亂及李流復振,新野莊王歆,流軍由是復振,
70703,85,西晉,李含謀殺及陶侃破張昌,初，李含以長沙王乂微弱,百姓愛悅,
70704,85,西晉,顒穎攻乂及李雄接班,河間王顒聞李含等死,獲太守龔恢，殺之,
70705,85,西晉,陸機兵敗及二陸死,石超進逼緱氏,玖又殺之,
70706,85,西晉,乂退張方及吳人討石冰,太尉乂奉帝攻張方,凖乃益敏兵，使擊之,
70707,85,西晉,五胡蠢動司馬乂炙司馬穎上,閏月，李雄急攻羅尚,參署丞相府事,
70708,85,西晉,張方食人劉沈腰斬劉弘安民,河間王顒頓軍於鄭,流民遂安,
70709,85,西晉,司馬穎僭侈及蕩陰之戰,二月，乙酉，丞相穎表廢皇后羊氏,虓承制以晞行兗州刺史,
70710,85,西晉,王浚討穎司馬睿走張方進京,初，三王之起兵討趙王倫也,復廢覃及羊后,
70711,85,西晉,劉淵助晉及王浚破鄴,初，太弟穎表匈奴左賢王劉淵為冠軍將軍,同黨皆夷三族,
70712,85,西晉,李雄稱王及劉淵建國,李雄以范長生有名德,數公何足道哉,
70713,85,西晉,張方劫帝至長安,帝既還洛陽,收渾屍，葬之,
70801,86,西晉,張軌定涼州及越盟討張方,夏，四月，張方廢羊后,朝士多赴之,
70802,86,西晉,公師藩起兵及顒越派系亂鬥,成都王穎既廢,弘怒，斬之,
70803,86,西晉,羊后免死及越黨勝顒黨,有星孛於北斗,烏桓為越先驅,
70804,86,西晉,陳敏據江東,初，陳敏既克石冰,使大司農卜豫運糧以給之,
70805,86,西晉,顒殺張方鮮卑破顒帝還洛陽,春，正月，戊子朔，日有食之,顒保城而已,
70806,86,西晉,李雄稱帝司馬越上司馬穎死,成都王雄即皇帝位,都督鄴城诸军事，镇鄴,
70807,86,西晉,晉惠帝死越殺顒乞活軍,十一月，己巳，夜,流民稍集,
70808,86,西晉,陳敏夷三族,春，正月，癸丑，大赦，改元,越妃兄也,
70809,86,西晉,汲桑燒鄴及苟晞退之,西陽夷寇江夏,分荊州、江州八郡為湘州,
70810,86,西晉,江東歸心及石勒投漢,九月，戊申，琅邪王睿至建業,以伏利度之眾配之,
70811,86,西晉,王浚三窟屠伯苟晞王彌投漢,十一月，戊申朔，日有食之,與廆通好,
70812,86,西晉,張軌定涼州及王彌襲洛陽,春，正月，丙午朔，日有食之,歲時不絶,
70813,86,西晉,劉淵稱帝,秋，七月，甲辰，漢王淵寇平陽,江、漢間翕然歸之,
70901,87,西晉,司馬越誅異己及何曾先知,春，正月，辛丑朔，熒惑犯紫微,非忠臣也,
70902,87,西晉,君子營及首攻洛陽,太傅越以王敦為揚州刺史,淵乃召聰等還,
70903,87,西晉,成漢內亂石勒蓄勢三定江南,天水人訇琦等殺成太尉李離,詔以長沙太守下邳皮素代之,
70904,87,西晉,劉淵死及劉聰殺劉和,庚午，漢主淵寢疾,廟號高祖,
70905,87,西晉,雍州流民猗盧益盛京師無援,雍州流民多在南陽,復屯江西,
70906,87,西晉,司馬越親征平寧州烝單氏,太傅越既殺王延等,主上寧可有此意乎,
70907,87,西晉,巴蜀流民反,春，正月，壬申，苟晞為曹嶷所敗,自領三府事,
70908,87,西晉,司馬越死及苦縣之戰,東海孝獻王越既與苟晞有隙,以其子沖繼越後,
70909,87,西晉,遷都失敗及永嘉之亂,漢趙固、王桑攻裴盾,珉，敳之兄也,
70910,87,西晉,建行臺衣冠南渡殺司馬模,初，始安王曜以王彌不待己至,以王彌為大將軍，封齊公,
70911,87,西晉,石勒斬王彌殺苟晞及石虎歸,苟晞驕奢苛暴,矩擊卻之,
70912,87,西晉,賈疋興復晉室,初，南陽王模以從事中郎索綝為馮翊太守,導不能從,
70913,87,西晉,拓跋助劉琨及封氏佐慕容,劉琨長於招懷而短於撫御,毖，琰之曾孫也,
71001,88,西晉,劉聰寵六劉及石勒攻壽春,春，正月，漢呼延后卒，謚曰武元,幸數匡之,
71002,88,西晉,賈疋復長安劉殷幾諫趙固反復,王彌既死,鎮洛陽,
71003,88,西晉,石勒進據襄國,石勒自葛陂北行,進封上黨公,
71004,88,西晉,漢晉晉陽之戰及司馬鄴登壇,劉琨移檄州郡,贈傅虎幽州刺史,
71005,88,西晉,賈疋閻鼎死及石勒破段部,十二月，漢主聰立皇后張氏,是歲大疫,
71006,88,西晉,王敦殺王澄及姚弋仲起,王澄少與兄衍名冠海內,扶風公,
71007,88,西晉,劉聰殺晉懷帝及陳元達死諫,春，正月，丁丑朔，漢主聰宴群臣於光極殿,而反使朕畏卿邪,
71008,88,西晉,晉愍帝即位兗州三刺史周玘死,西夷校尉向沈卒,能復之，乃吾子也,
71009,88,西晉,王浚衰慕容廆盛,石勒攻李惲於上白,光遣其子孟萇討之，不能克,
71010,88,西晉,晉愍帝分陝及司馬睿偏安,壬辰，以琅邪王睿為左丞相,睿以時方多事，不能從,
71011,88,西晉,祖逖北伐及陶侃破杜弢,初，范陽祖逖,復以為軍諮祭酒,
71012,88,西晉,仇池破涼州及劉曜襲長安,初，氐王楊茂搜之子難敵,曜引歸平陽,
71013,88,西晉,王浚謀稱帝及石勒佯附,王浚以其父字處道,統領南部,
71101,89,西晉,天顯異象及石勒笑王浚,春，正月，辛未，有如日隕於地,不復設備,
71102,89,西晉,李雄治蜀及石勒誅王浚,楊虎掠漢中吏民以奔成,勒固辭，受二郡而已,
71103,89,西晉,幽州人才戰及張軌死,劉琨請兵於拓跋猗盧以擊漢,長史張璽等表世子寔襲父位,
71104,89,西晉,劉曜攻長安,漢中山王曜、趙染寇長安,國人始惡之,
71105,89,西晉,周勰謀亂及猗盧進代王,周勰以其父遺言,無一人敢逃匿者,
71106,89,西晉,滅杜弢囚劉乂及三后並立,王敦遣陶侃,亦捕如誅之,
71107,89,西晉,戰杜曾及陶侃平廣州,初，朝廷聞張光死,遣使歸于長安,
71108,89,西晉,劉聰戮忠良及陳元達自殺,春，正月，司徒梁芬議追尊吳王晏,歸而自殺,
71109,89,西晉,猗盧死劉琨振及張寔從諫,初，代王猗盧愛其少子比延,六月，丁巳朔，日有食之,
71110,89,西晉,劉聰寵十后及劉曜破長安,秋，七月，漢大司馬曜圍北地太守麴昌,遂還槐里,
71111,89,西晉,晉愍帝降,曜攻陷長安外城,不能復取之矣,
71112,89,西晉,石勒破劉琨平流民,石勒圍樂平太守韓據于坫城,國人立其從父鬱律,
80101,90,東晉,涼州獨全及司馬睿稱王,春，正月，漢兵東略弘農,遣長史王濟浮海詣建康勸進,
80102,90,東晉,劉粲除劉乂及桓宣定譙,漢相國粲使其黨王平謂太弟义曰,矩復令固守洛陽,
80103,90,東晉,杜曾威震江沔及周訪破之,鄭攀等相與拒王廙,訪以功遷梁州刺史，屯襄陽,
80104,90,東晉,晉愍帝遇害及吐谷渾卒,冬，十月，丁未，琅邪王裒薨,匹磾走還薊,
80105,90,東晉,晉元帝登基,三月，癸丑，愍帝凶問至建康,稍稍擊取之,
80106,90,東晉,耿稚襲漢趙及劉聰立賤后,李矩使郭默、郭誦救趙固,聰又立宣懷養女為中皇后,
80107,90,東晉,段匹磾殺劉琨而自敗,司徒荀組在許昌,嶠不得已受拜,
80108,90,東晉,劉聰死劉粲立,初，曹嶷既據青州,無復哀戚,
80109,90,東晉,靳準之亂及劉曜即位,靳準陰有異志,十一月，乙卯，日夜出，高三丈,
80110,90,東晉,經策取士及諸靳滅亡,詔以王敦為荊州牧,督巴西軍事,
80201,91,東晉,劉石決裂及羊后六立,春，二月，劉遐、徐龕擊周撫於寒山,曜甚寵之，頗干預國事,
80202,91,東晉,司馬保稱王及周訪怒王敦,南陽王保自稱晉王,石生屢攻之，不能克,
80203,91,東晉,劉曜改趙國及石勒稱趙王,漢主曜立宗廟,呼曰右侯而不敢名,
80204,91,東晉,慕容廆退三國,十二月，乙亥，大赦,翰、仁乃還,
80205,91,東晉,司馬保死及邵續兵敗,是歲，蒲洪降趙,謚曰元王,
80206,91,東晉,張寔遇刺,羊鑒討徐龕,以駿為撫軍將軍,
80207,91,東晉,巴眾反劉曜及游子遠平叛,丙辰，趙將解虎及長水校尉尹車謀反,又省酆水囿以與貧民,
80208,91,東晉,祖逖休息及石勒諱胡,祖逖將韓潛與後趙將桃豹分據陳川故城,冬，十月，丙辰，斬之,
80209,91,東晉,王與馬共天下,王敦殺武陵內史向碩,自是不敢犯仁境,
80210,91,東晉,郭璞上疏及段匹磾死,春，二月，徐龕復請降,終南山崩,
80211,91,東晉,祖逖死慕容盛及惟氏政變,秋，七月，甲戌，以尚書僕射戴淵為征西將軍,後趙人謂之“女國使”,
80301,92,東晉,王敦之亂,春，正月，郭璞復上疏,遂絶之,
80302,92,東晉,司馬承起兵及甘卓猶豫,敦遣參軍桓羆說譙王承,卓不能從,
80303,92,東晉,楊難敵稱藩及陳安稱涼王,二月，甲午，封皇子昱為琅邪王,封酒泉王,
80304,92,東晉,王敦克建康,帝徵戴淵、劉隗入衛建康,官至太子太傅而卒,
80305,92,東晉,王敦掌權及伯仁死,帝令公卿百官詣石頭見敦,負此良友,
80306,92,東晉,王敦遙控及殺司馬承甘卓,沈充拔吳國,識者咸知其將敗焉,
80307,92,東晉,後趙反攻及晉元帝死,秋，七月，後趙中山公虎拔泰山,葬元帝于建平陵,
80308,92,東晉,王遜冠裂及交州定陳安死,三月，戊寅朔，改元,封平襄公,
80309,92,東晉,殺曹嶷及張茂臣劉曜,帝畏王敦之逼,加九錫,
80310,92,東晉,仇池敗成漢及劉曜不廢立,楊難敵聞陳安死,命熙於胤盡家人之禮,
80311,92,東晉,張茂修臺允之佯醉周氏強盛,張茂大城姑臧,士民頗信事之,
80401,93,東晉,二趙構隙李雄立侄前涼換屆,春，正月，王敦誣周嵩、周莚與李脫謀為不軌,拜駿上大將軍、涼州牧、涼王,
80402,93,東晉,討王敦之亂,王敦疾甚,當與宿衛同例三番,
80403,93,東晉,王敦攻京師不克而死,敦見詔，甚怒,與諸葛瑤等日夜縱酒淫樂,
80404,93,東晉,平王敦之亂,帝使吳興沈楨說沈充,莫不悅服,
80405,93,東晉,張駿復河南及議謚周札,十二月，涼州將辛晏據枹罕,贈札衛尉,
80406,93,東晉,慕容破宇文及五胡混戰,後趙王勒加宇文乞得歸官爵,據幷州降趙,
80407,93,東晉,陶侃微密及石勒敗劉曜,五月，以陶侃為征西大將軍,尚書鄧攸為左僕射,
80408,93,東晉,晉明帝崩段牙徙都寧州寇平,右衛將軍虞胤,弟紇那立,
80409,93,東晉,劉曜續絃劉遐妻勇庾亮用事,春，二月，大赦，改元,亮懼，變色,
80410,93,東晉,石勒掠地及張駿失河南,趙將黃秀等寇酇,駿遂失河南之地,
80411,93,東晉,庾亮逼反蘇峻,庾亮以蘇峻在歷陽,但當死報造謀者耳,
80412,93,東晉,蘇峻祖約之亂,峻知祖約怨朝廷,紇那與宇文部共擊藹頭，不克,
80501,94,東晉,蘇峻破建康,春，正月，溫嶠入救建康,葬明穆皇后於武平陵,
80502,94,東晉,溫嶠說陶侃,庾亮、溫嶠將起兵討蘇峻,分兵以拒侃等,
80503,94,東晉,蘇峻遷帝及東西軍討逆,乙未，峻逼遷帝於石頭,壬辰，魏該卒,
80504,94,東晉,祖約破及劉曜破石虎,祖約遣祖渙,駿乃止,
80505,94,東晉,蘇峻難克及溫嶠借糧,蘇峻腹心路永,侃遂留不去,
80506,94,東晉,蘇峻死,張健、韓晃等急攻大業,餘眾皆歸張健,
80507,94,東晉,石勒禽杀劉曜,東，十一月，後趙王勒欲自將救洛陽,代壽屯晉壽,
80508,94,東晉,劉熙棄長安及蘇峻之亂平,春，正月，光祿大夫陸曄及弟尚書左僕射玩說匡術,以湘州並荊州,
80509,94,東晉,論功行賞及不罪庾亮,三月，壬子，論平蘇峻功,豈非王導乎,
80510,94,東晉,後趙滅前趙及斬劉胤,徙高密王紘為彭城王,子司繁立,
80511,94,東晉,劉胤首斬及謀討郭默,江州刺史劉胤矜豪日甚,上宣為武昌太守,
80512,94,東晉,石勒稱帝族誅祖約斬首郭默,二月，後趙羣臣請後趙王勒即皇帝位,而未能從,
80513,94,東晉,石勒納諫及論帝敬王導,趙荊州監軍郭敬寇襄陽,當在天臺也,
80601,95,東晉,石虎削權,春，正月，辛未，大赦,虎愈怏怏不悅,
80602,95,東晉,桓宣鎮襄陽及李壽得南中,秋，趙郭敬南掠江西,以大將軍壽領寧州,
80603,95,東晉,慕容廆石勒卒及石虎掌權,夏，五月，甲寅，遼東武宣公慕容廆卒,皆入丞相府,
80604,95,東晉,石虎殺石堪石生,宇文乞得歸為其東部大人逸豆歸所逐,一如魏武王輔漢故事,
80605,95,東晉,慕容皝嚴峻及慕容仁反遼東,慕容皝初嗣位,北地皆應之,
80606,95,東晉,楊難敵死及涼晉通使,初，張駿欲假道於成以通表建康,自是每歲使者不絶,
80607,95,東晉,慕容翰念舊及陶侃死,慕容仁以司馬翟楷領東夷校尉,鯤之從子也,
80608,95,東晉,李雄死及殯宮弒李班,成主雄生瘍於頭,期以壽為梁州刺史，屯涪 ,
80609,95,東晉,石虎廢殺石弘,趙主弘自齎璽綬詣魏宮,軍祭酒封奕為之,
80610,95,東晉,王導黨友及敬佛圖澄,司徒導以羸疾,趙章武王斌帥精騎二萬幷秦、雍二州兵以討薄句大，平之,
80611,95,東晉,成漢衰張駿興,成太子班之舅羅演,首尾齊舉,
80612,95,東晉,慕容皝踐冰破慕容仁,春，正月，辛巳，彗星見於奎、婁,散其部眾於冀、青等六州,
80613,95,東晉,石虎稱天王及段慕容相攻,趙王虎作太武殿於襄國,出裕為北平相,
80614,95,東晉,殺石邃及慕容皝稱燕王,趙太子邃素驍勇,稱臣於趙,
80701,96,東晉,石虎破段遼,春，正月，燕王皝遣都尉趙槃如趙,領平州刺史,
80702,96,東晉,李壽破李期及改成為漢,成主期驕虐日甚,葬以王禮,
80703,96,東晉,慕容皝拒後趙,趙王虎以燕王皝不會趙兵攻段遼而自專其利,虎追廣至鄴，殺之,
80704,96,東晉,庾亮謀廢王導及龔壯勸稱藩,乙未，以司徒導為太傅,年九十三而卒,
80705,96,東晉,什翼犍復興及慕容恪破麻秋,代王翳槐之弟什翼犍質於趙,削其官爵,
80706,96,東晉,庾亮請北伐及蔡謨駁之,春，正月，辛丑，大赦,乃詔亮不聽移鎮,
80707,96,東晉,誅段遼及王導郗鑒死,燕前軍師慕容評,徐州刺史、假節,
80708,96,東晉,蔡謨止陳光及後趙破邾城,時左衛將軍陳光請伐趙,假節，鎮蕪湖,
80709,96,東晉,趙不克燕李壽自大服高句麗,趙王虎患貴戚豪恣,守將勞楊敗死,
80710,96,東晉,慕容翰歸國及李壽止攻晉,春，正月，庚子朔，都亭文康侯庾亮薨,終身不復至成都,
80711,96,東晉,趙燕征戰及後趙諸子事,趙尚書令夔安卒,以白衣領職,
80712,96,東晉,劉翔遊說及策命燕王,春，正月，燕王皝使唐國內史陽裕等築城於柳城之北,中尉鄭林為軍諮祭酒,
80713,96,東晉,匈奴劉虎死及李壽學壞,八月，辛酉，東海哀王沖薨,思亂者眾矣,
80801,97,東晉,晉成帝崩,春，正月，己未朔，日有食之,避諸庾也,
80802,97,東晉,慕容皝平丸都及石虎縱慾,冬，十月，燕王皝遷都龍城,自經於道樹者相望,
80803,97,東晉,殷浩不仕及庾翼北伐,春，二月，高句麗王釗遣其弟稱臣入朝於燕,百姓嗟怨,
80804,97,東晉,李壽死,代王什翼犍復求婚於燕,立妻李氏為皇后,
80805,97,東晉,慕容滅宇文及慕容翰飲藥,燕王皝與左司馬高詡謀伐宇文逸豆歸,飲藥而卒,
80806,97,東晉,熒惑守心及晉康帝崩,代王什翼犍遣其大人長孫秩迎婦於燕,葬康帝於崇平陵,
80807,97,東晉,石虎驕奢及慕容皝從諫,江州刺史庾冰有疾,故封裕及之,
80808,97,東晉,庾翼死桓溫用,詔徵衛將軍褚裒,卿安得坐談乎,
80809,97,東晉,李廣自殺涼燕不臣燕破夫餘,漢主勢之弟大將軍廣,夏，四月，己酉朔，日有食之,
80810,97,東晉,張駿死及後趙攻前涼,五月，丙戌，西平忠成公張駿薨,收而葬之,
80811,97,東晉,成漢蕭條及桓溫出兵,冬，漢太保李弈自晉壽舉兵反,溫終專制朝廷耳,
80812,97,東晉,晉滅成漢之戰,春，二月，桓溫軍至青衣,退保德陽,
80813,97,東晉,扶立范賁及謝艾破麻秋,趙涼州刺史麻秋攻枹罕,皆破平之,
80814,97,東晉,石虎貪殘及張重華封公,趙王虎據十州之地,通於漢中,
80901,98,東晉,石宣殺石韜及石虎誅之,夏，四月，林邑寇九真,亦誅之,
80902,98,東晉,封賞桓溫慕容皝卒趙立太子,朝廷論平蜀之功,義不敢拜也,
80903,98,東晉,石虎稱帝及姚弋仲平梁犢,春，正月，辛未朔，大赦,誅三千餘家,
80904,98,東晉,平范賁石虎卒及劉后弄權,夏，四月，益州刺史周撫,以為己副,
80905,98,東晉,石遵奪位石沖起兵罷黜蒲洪,彭城王遵至河內,遣使來降,
80906,98,東晉,前燕備伐後趙,燕平狄將軍慕容霸上書於燕王儁曰,號太祖,
80907,98,東晉,褚裒北伐不利,桓溫聞趙亂,復還梁州,
80908,98,東晉,冉閔弒石遵及石鑒即位,初，趙主遵之發李城也,侍中盧諶為中書監,
80909,98,東晉,蒲洪自立及謀誅閔農及殺胡令,秦、雍流民相率西歸,拜為中尉,
80910,98,東晉,改趙為衛及後趙滅冉魏立,春，正月，趙大將軍閔欲滅去石氏之迹,國號大魏,
80911,98,東晉,殷浩北伐苻洪稱王前燕拔薊,朝廷聞中原大亂,儁引兵還薊,
80912,98,東晉,鴆苻洪石祗立殺李農段齊立,魏主閔復姓冉氏,代郡民於凡城,
80913,98,東晉,苻健入長安及襄國之戰,王朗之去長安也,下詔免謨為庶人,
81001,99,東晉,苻健建秦及石祗求援,春，正月，丁酉，日有食之,儁乃囚煒於龍城,
81002,99,東晉,後趙前燕夾攻敗冉閔,趙幷州刺史張平遣使降秦,無復耕者,
81003,99,東晉,劉顯弒君稱帝及餘眾四散,趙王祗使其將劉顯帥眾七萬攻鄴,子碎奚立,
81004,99,東晉,桓溫異動,初，桓溫聞石氏亂,封為歸義王,
81005,99,東晉,苻健稱帝劉顯滅亡殷浩北伐,春，正月，辛卯，日有食之,鎮下邳,
81006,99,東晉,姚弋仲死及姚襄歸晉,乙巳，燕王儁還薊,江東人士皆重之,
81007,99,東晉,前燕滅冉魏之戰,魏主閔既克襄國,謚曰悼武天王,
81008,99,東晉,傳國璽歸晉及北伐大敗,初，謝尚使戴施據枋頭,張遇為司空,
81009,99,東晉,王羲之修書及慕容儁稱帝,殷浩之北伐也,特寵待之,
81010,99,東晉,前涼伐前秦及姚襄敗殷浩,春，正月，乙卯朔，大赦,張、陳無以過也,
81011,99,東晉,張重華死及張祚奪位稱王,西平敬烈公張重華有疾,斬之於闕下,
81012,99,東晉,殷浩死及桓溫北伐前秦,故魏降將周成反,勳退屯女媧堡,
81013,99,東晉,改名慕容垂及王猛捫虱,戊申，燕主儁封撫軍將軍軍為襄陽王,猛辭不就,
81014,99,東晉,苻雄苻萇死及前秦治,呼延毒帥眾一萬從溫還,米一升直布一匹,
81101,100,東晉,苻生立苻健死,春，正月，故仇池公楊毅弟宋奴使其姑子梁式王刺殺楊初,著作郎董榮為尚書,
81102,100,東晉,殺后禳災及張祚梟首,涼王祚淫虐無道,王國擊斬之,
81103,100,東晉,歸高句麗王母及慕容恪破段齊,冬，十月，以豫州刺史謝尚督幷、冀、幽三州,恪進軍圍之,
81104,100,東晉,苻生濫殺及前涼臣前秦,秦司空王墮性剛峻,秦因玄靚所稱官爵而授之,
81105,100,東晉,苻生縱虎狼及桓溫北伐姚襄,將軍劉度攻秦青州刺史王朗於盧氏,各罷兵,
81106,100,東晉,慕容恪取段齊,段龕遣其屬段薀來求救,國子安奔秦,
81107,100,東晉,姚襄戰死及苻生變態,春，正月，壬戌朔，帝加元服,如度十年,
81108,100,東晉,王猛歸苻堅及苻堅殺苻生,東海王堅,猛以兄事之,
81109,100,東晉,苻堅繼絶世殺苻法禽張平,燕主儁殺段龕,祠后土,
81110,100,東晉,門閥不才及燕謀洛陽,秋，八月，豫州刺史謝奕卒,儁從之,
81111,100,東晉,賈堅戰死及前燕宮鬥,燕泰山太守賈堅屯山茌,務桓之子也,
81112,100,東晉,虐石虎尸及宋混除張瓘,春，二月，燕主儁立子泓為濟北王,任為心膂,
81113,100,東晉,謝萬敗潰慕容儁託孤王猛五遷,高昌不能拒燕,燕所徵郡國兵悉集鄴城,
81201,101,東晉,慕容儁死慕容恪賢誅慕輿根,春，正月，癸巳，燕主儁大閲於鄴,希，泳之弟也,
81202,101,東晉,謝安仕圍呂護宋混死,匈奴劉衛辰遣使降秦,玄靚以澄為領軍將軍，輔政,
81203,101,東晉,晉穆帝崩張平反復張邕自刎,五月，丁巳，帝崩，無嗣,歸義侯李勢卒,
81204,101,東晉,桓溫議遷都洛陽,春，正月，壬子，大赦，改元,袁真自汝南退屯壽陽,
81205,101,東晉,張天錫弒君,春，二月，己亥，大赦，改元,沖討斬之,
81206,101,東晉,晉哀帝藥發及沈勁孤守洛陽,春，正月，丙辰，燕大赦,安樂五公皆降爵為侯,
81207,101,東晉,晉哀帝崩及慕容恪平洛陽,春，正月，庚申，皇后王氏崩,葬哀帝及靜皇后於安平陵,
81208,101,東晉,苻堅平匈奴及司馬勳反,夏，四月，壬午，燕太尉武平匡公封奕卒,曲赦梁、益二州,
81209,101,東晉,平斂岐收李儼及秦涼止戰,冬，十月，加司徒昱丞相,賜爵歸安侯,
81210,101,東晉,慕容恪死及諸苻叛亂,燕太原桓王恪言於燕主暐曰,光祿大夫李洪為司空,
81211,101,東晉,慕容評掌權及平諸苻叛亂,春，正月，秦王堅遣後將軍楊成世,秦以世為南秦州刺史,
81301,102,東晉,桓溫北伐前燕,春，三月，大司馬溫請與徐、兗二州刺史郗愔,溫以毛虎生領淮南太守，守歷陽,
81302,102,東晉,郝晷梁琛使前秦,燕、秦既結好,王猛勸堅留琛，堅不許,
81303,102,東晉,慕容垂奔前秦,燕主暐遣大鴻臚溫統拜袁真使持節,紹，胤之子也,
81304,102,東晉,前燕亂政不備前秦,秦留梁琛月餘,以溫世子熙為豫州刺史、假節,
81305,102,東晉,前秦出兵及王猛反間慕容垂,初，燕人許割虎牢以西賂秦,豈雅德君子所宜為哉,
81306,102,東晉,前秦滅前燕之戰,樂安王臧進屯滎陽,與之更始,
81307,102,東晉,論功行賞,初，梁琛之使秦也,起兵相攻,
81401,103,東晉,前秦滅仇池及說降前涼,春，正月，袁瑾、朱輔求救於秦,涼州刺史、西平公,
81402,103,東晉,吐谷渾仁厚及苻堅從諫,吐谷渾王辟奚聞楊纂敗,自是不復獵,
81403,103,東晉,桓溫廢立及誅殷庾,大司馬溫侍其材略位望,溫自白石還姑孰,
81404,103,東晉,簡文拱默及前秦興盛,秦王堅聞溫廢立,由不得其道故也,
81405,103,東晉,簡文崩孝武立,三月，戊午，遣侍中王坦之徴大司馬溫入輔,溫又辭,
81406,103,東晉,前秦大治及盧悚叛亂,八月，秦丞相猛至長安,人多餓死,
81407,103,東晉,王謝掣肘及桓溫死桓沖繼,春，正月，己卯朔，大赦改元,鎮廣陵,
81408,103,東晉,梁州益州之戰及秦不防燕,冬，秦王堅使益州刺史王統,何懼外患乎,
81409,103,東晉,平叛張育,春，正月，癸未朔，大赦,代王什翼犍擊劉衛辰，南走,
81410,103,東晉,王猛死 ,春，正月，辛亥，大赦,學讖者遂絶,
81501,104,東晉,孝武親政及前秦滅前涼之戰,春，正月，壬寅朔，帝加元服,聞涼州敗沒，皆罷兵,
81502,104,東晉,前秦滅代國之戰,初，哀帝減田租,堅使窟咄入太學讀書,
81503,104,東晉,前秦極盛及燕魏待時,下詔曰,天下事非爾所及,
81504,104,東晉,北府兵,桓豁表兗州刺史朱序為梁州刺史,遂不復哭,
81505,104,東晉,秦晉淮南之戰及襄陽陷沒,春，二月，己巳，作新宮,秦以前將軍張蚝為幷州刺史,
81506,104,東晉,謝玄退前秦,兗州刺史謝玄帥眾萬餘救彭城,是歲，秦大饑,
81507,104,東晉,苻洛苻重叛平,春，正月，秦王堅復以北海公重為鎮北大將軍,今堅違之，能無亡乎,
81508,104,東晉,分領氐戶,朝廷以秦兵之退為謝安,秦王堅遣高密太守毛璪之等二百餘人來歸,
81509,104,東晉,桓石虔大勝及苻堅赦反賊,春，正月，帝初奉佛法,掠六百餘戶而還,
81510,104,東晉,苻堅執意攻晉,冬，十月，秦王堅會群臣於太極殿,下者五十石,
81601,105,東晉,淝水之戰,春，正月，秦呂光發長安,先至潁口,
81602,105,東晉,風聲鶴唳草木皆兵,詔以尚書僕射謝石為征虜將軍,潸然流涕,
81603,105,東晉,慕容垂報德及乞伏合兵,是時，諸軍皆潰,眾至十餘萬,
81604,105,東晉,慕容垂出奔及稱燕王,慕容垂至安陽,長驅向鄴,
81605,105,東晉,慕容農私拜將及斬石越,慕容農之奔列人也,所在盜賊羣起,
81606,105,東晉,後燕建國及慕容垂攻鄴,庚戌，燕王垂至鄴,以衛將軍謝安為太保,
81607,105,東晉,泓沖反秦及後秦建國,秦北地長史慕容泓聞燕王垂攻鄴,姚方成等為將帥,
81608,105,東晉,西燕建國及弒泓立沖,秦竇衝擊慕容沖於河東,後秦王萇遣其子嵩為質於沖以請和,
81609,105,東晉,前秦節節敗退,將軍劉春攻魯陽,葬康獻皇后於崇平陵,
81610,105,東晉,後燕除翟斌及呂光定西域,燕翟斌恃功驕縱,道絶，不通,
81611,105,東晉,謝安北伐及慕容沖攻長安,秦幽州刺史王永求救於振威將軍劉庫仁,堅之從子也,
81612,105,東晉,劉庫仁死及苻丕路窮,翟真在承營,幷七州諸軍事,
81613,105,東晉,苟輔拒姚萇及苻堅殺慕容,後秦王萇聞慕容沖攻長安,奔長安,
81701,106,東晉,慕容沖稱帝及西燕前秦拉鋸,春，正月，慕容沖朝饗群臣,滎陽人鄭燮以郡來降,
81702,106,東晉,後燕前秦東晉拉鋸,燕王垂攻鄴,復取益州,
81703,106,東晉,姚萇阬新平及慕容沖破長安,新平糧竭矢盡,井皆竭,
81704,106,東晉,謝安死及姚萇弒苻堅,後秦王萇自故縣如新平,懿，放之子也,
81705,106,東晉,拓跋珪逃歸賀蘭部,鮮卑劉頭眷擊破賀蘭部於善無,染干慙而去,
81706,106,東晉,呂光入涼州及西秦建國,九月，秦主丕以張蚝為侍中,築勇士城而都之,
81707,106,東晉,仇池復國及後燕定都中山,秦尚書令魏昌公纂自關中奔晉陽,將兵攻之,
81708,106,東晉,北魏建國後燕稱帝弒慕容沖,拓跋珪從曾祖紇羅與其弟建及諸部大人共請賀訥推珪為主,改元昌平,
81709,106,東晉,張大豫起兵及慕容垂廢后,初，張天錫之南奔也,皆非禮也,
81710,106,東晉,西燕四弒及後秦稱帝,劉顯自善無南走馬邑,稱藩於燕,
81711,106,東晉,王永傳檄及推立苻登,燕主垂遣太原王楷,進屯平陽,
81712,106,東晉,窟咄爭位苻丕戰死慕容永稱帝,初，後秦主萇之弟碩德統所部羌居隴上,朔州牧,
81713,106,東晉,苻登即位及立苻堅神主,十一月，秦尚書寇遺奉勃海王懿,珪不受,
81801,107,東晉,後燕破溫詳平新柵,春，正月，乙巳，以朱序為青、兗二州刺史,餘悉原之,
81802,107,東晉,後燕降翟遼及燕魏滅劉顯,三月，秦主登以竇衝為南秦州牧,獲馬牛羊以千萬數,
81803,107,東晉,斬張大豫姚萇鞭屍呂光平亂,呂光將彭晃,騂馬令郭文斬其首送之,
81804,107,東晉,翟魏建國及乞伏國仁死,春，正月，康樂獻武公謝玄卒,屈眷為河州牧,
81805,107,東晉,慕容垂老後燕平亂姚萇斬像,八月，秦主登立子崇為皇太子,乃斬像首以送秦,
81806,107,東晉,呂光稱王北魏拓土乾歸興盛,秦主登以河南王乾歸為大將軍,國寶之弟也,
81807,107,東晉,大界之戰,秦主登攻後秦右將軍吳忠等於平涼,以奚念為北河州刺史,
81808,107,東晉,東晉溺酒及道子爭權,初，帝既親政事,況大夫而不能免此乎,
81809,107,東晉,姚萇斬魏揭飛伏雷惡地,十二月，後秦主萇使其東門將軍任瓫詐遣使招秦主登,豈以大為貴哉,
81810,107,東晉,吐谷渾換屆及後燕平賀蘭 ,吐谷渾視連遣使獻見於金城王乾歸,垂不從 ,
81811,107,東晉,燕魏破裂及北魏破柔然 ,西燕主永寇河南 ,珪悉徙其部眾於雲中 ,
81812,107,東晉,北魏滅劉衛辰之戰,翟遼卒 ,群臣咸稱萬歲,
81901,108,東晉,後燕滅翟魏,春，正月，已巳朔，大赦,右光祿大夫餘蔚為左僕射,
81902,108,東晉,桓玄不得志,秦主登聞後秦主萇疾病,表不見省,
81903,108,東晉,後燕伐西燕及姚興繼姚萇,春，正月，燕陽平孝王柔卒,帥眾伐秦,
81904,108,東晉,後秦破前秦及臺壁之戰,春，正月，秦主登聞後秦主萇卒,廟號太祖,
81905,108,東晉,姚興殺苻登及西燕滅亡,六月，壬子，追尊會稽王太妃鄭氏曰簡文宣太后,垂自長子如鄴,
81906,108,東晉,前秦滅亡社崘西走西秦称王,冬，十月，秦主崇為梁王乾歸所逐,梁王乾歸自稱秦王，大赦,
81907,108,東晉,司馬道子專權奢靡,春，正月，燕主垂遣散騎常侍封則報聘於秦,乳逆擊，大破之,
81908,108,東晉,燕魏開戰及參合陂之戰,魏王珪叛燕,珪還雲中之盛樂,
81909,108,東晉,慕容垂襲平城及慙憤而死,燕太子寶恥於參合之敗,改元永康,
81910,108,東晉,慕容寶逼殺後段后,五月，辛亥，以范陽王德為都督冀,始有離心,
81911,108,東晉,呂光稱王及北魏取幷州,三河王呂光即天王位,悉以委麟,
81912,108,東晉,張貴人弒君及王恭國寶內鬥,帝嗜酒,國寶等愈懼,
81913,108,東晉,魏燕拉鋸及後秦擴張,魏王珪使冠軍將軍代人于栗磾,鎮蒲阪,
82001,109,東晉,乞伏乾歸滅呂延及南涼建國,春，正月，己亥朔，帝加元服，改元,涼兵大敗,
82002,109,東晉,柏肆之戰及北魏平內亂,燕主寶聞魏王珪攻信都,珪為之殺牧,
82003,109,東晉,慕容會逗留麟沮戰隆氣哭,己卯夜，燕尚書郎慕輿皓謀弒燕主寶,隆泣涕而還,
82004,109,東晉,慕容麟反農隆愚忠後燕棄都,是夜，麟以兵劫左衛將軍北地王精,太史令劉起等帥工伎三百奔鄴,
82005,109,東晉,慕容詳守中山及慕容會破北魏,中山城中無主,因慷慨流涕,
82006,109,東晉,慕容會謀反被誅,會既敗魏兵 ,徙和龍,
82007,109,東晉,王殷作難及賜死王國寶 ,僕射王國寶,以其衛府及徐州文武悉配之,
82008,109,東晉,慕容詳稱帝及北涼建國 ,魏王珪以軍食不給,光命太原公纂將兵討業，不克,
82009,109,東晉,慕容麟斬詳及後涼平郭黁 ,六月，西秦王乾歸徵河州刺史彭奚念為鎮衛將軍,烏孤使其弟驃騎將軍利鹿孤帥騎兵五千赴之,
82010,109,東晉,姚興勤政及魏克中山 ,秦太后虵氏卒,德許之,
82101,110,東晉,南燕建國及段速骨叛亂,春，正月，燕范陽王德自鄴帥戶四萬南徙滑臺,寶、農僅而得免,
82102,110,東晉,蘭汗殺段速骨,會稽王道子忌王、殷之逼,安南將軍長孫嵩為司徒,
82103,110,東晉,慕容德拒駕及蘭汗弒慕容寶,燕主寶從間道過鄴,由是汗兄弟浸相嫌忌,
82104,110,東晉,後南北涼楊軌郭黁混戰,涼太原公纂將兵擊楊軌,莫孩尋為呂纂所破,
82105,110,東晉,慕容盛除蘭汗,燕太原王奇,至及臘,
82106,110,東晉,王恭司馬尚之內戰,桓玄求為廣州,譙王尚之將兵討庾楷 ,
82107,110,東晉,劉牢之襲殺王恭,乙未，燕以東陽公根為尚書令,敕仲堪回軍,
82108,110,東晉,禿髪烏孤興及慕容盛復帝號,張驤子超收合三千餘家據南皮,然終不為后。大赦,
82109,110,東晉,殷仲堪抗命及東晉內鬥,殷仲堪得詔書,托言群蠻所殺,
82110,110,東晉,北魏稱帝及孫恩入海,西秦乞伏益州與吐谷渾王視羆戰於度周川,魏以盛為仇池王,
82201,111,東晉,北魏破高車及南涼遷樂都,春，正月，辛酉，大赦,高車諸部大震,
82202,111,東晉,段業稱王北魏集書南燕移青州,林邑王范達陷日南,牛酒屬路,
82203,111,東晉,元顯代道子三涼僵持魏黜張袞,丙子，魏主珪遣建義將軍庾真,亦坐廢於家,
82204,111,東晉,禿髪烏孤死及南燕遷廣固,武威王禿髮烏孤醉,遂定都廣固,
82205,111,東晉,後秦拔洛陽及孫恩之亂,燕李旱行至建安,請誅之,
82206,111,東晉,劉裕討賊及孫恩復入海,自帝即位以來,帥徐州文武戍海浦,
82207,111,東晉,元顯聚斂桓玄殺楊佺期殷仲堪,以元顯録尚書事,玄乃殺企生而赦其弟,
82208,111,東晉,呂光死呂紹自殺呂纂即位 ,涼王光疾甚,賜姓宿氏,
82209,111,東晉,呂纂殺呂弘 ,春，正月，壬子朔，燕主盛大赦,斬首二千餘級,
82210,111,東晉,李暠發跡及謝琰輕敵 ,初，隴西李暠好文學,寧朔將軍高雅之拒之,
82211,111,東晉,後秦滅西秦 ,秦征西大將軍隴西公碩德將兵五千伐西秦,利鹿孤從之 ,
82212,111,東晉,西涼建國及南燕稱帝 ,秦王興遣晉將劉嵩等二百餘人來歸 ,立妃段氏為皇后,
82301,112,東晉,呂超殺呂纂立呂隆,春，正月，武威王利鹿孤欲稱帝,利鹿孤以為左司馬,
82302,112,東晉,沮渠蒙遜殺段業,三月，孫恩北趣海鹽,傫，石子之子也,
82303,112,東晉,劉裕破孫恩及後秦破後涼,孫恩陷滬瀆,裕亦隨而邀擊之,
82304,112,東晉,慕容盛死慕容熙立呂隆請降,燕王盛懲其父寶以懦弱失國,西土悅之,
82305,112,東晉,三涼或盟或戰,沮渠蒙遜所部酒泉,遁還,
82306,112,東晉,桓玄不臣及司馬元顯興兵,桓玄表其兄偉為江州刺史,欲以結西人之心,
82307,112,東晉,柔然建國及桓玄元顯對立,丁丑，燕慕容拔攻魏令支戍,徙其民於樂都,
82308,112,東晉,劉牢之降及桓玄入京師 ,桓玄發江陵,以為參軍 ,
82309,112,東晉,司馬元顯劉牢之死 ,癸酉，有司奏會稽王道子酣縱不孝 ,復還屯彭城間 ,
82310,112,東晉,孫恩死盧循繼及南涼稱王 ,孫恩寇臨海 ,燕平州刺史慕容歸棄城走 ,
82311,112,東晉,柴壁之戰及北府兵散 ,秦主興大發諸軍 ,南涼王傉檀攻呂隆於姑臧 ,
82312,112,東晉,丁太后吃醋及鴆殺司馬道子 ,燕王熙納故中山尹苻謨二女 ,深自陳謝,
82401,113,東晉,慕容德病及北魏除和跋,春，正月，盧循使司馬徐道覆寇東陽,賜淵死,
82402,113,東晉,後涼降後秦,南涼王傉檀及沮渠蒙遜互出兵攻呂隆,蒙遜悅，乃受命,
82403,113,東晉,桓玄為楚王及眾謀除之,荊州刺史桓偉卒,尤愛珠玉，未嘗離手,
82404,113,東晉,桓玄簒晉,乙卯，魏主珪立其子嗣為齊王,多不稽古,
82405,113,東晉,桓玄執政及思亂者眾,春，正月，桓玄立其妻劉氏為皇后,逵，彝之子也,
82406,113,東晉,劉裕起兵,劉裕與何無忌同舟還京口,揚武將軍諸葛長民已據歷陽,
82407,113,東晉,覆舟山之戰,玄移還上宮,玄悲不自勝,
82408,113,東晉,劉裕入建康,裕入建康,劉裕還鎮東府,
82409,113,東晉,桓玄挾帝亡及桑落洲之戰,桓玄至尋陽,引參領軍軍事,
82410,113,東晉,崢嶸洲之戰及斬桓玄,桓玄收集荊州兵,梟于大桁,
82411,113,東晉,桓振復挾帝,毅等既戰勝,永安皇后何氏崩,
82412,113,東晉,慕容熙荒淫及北魏勤政,燕苻昭儀有疾,襁負之淮北者道路相屬,
82501,114,東晉,桓楚滅及姚興奉鳩摩羅什,春，正月，南陽太守扶風魯宗之起兵襲襄陽,何無忌奉帝東還,
82502,114,東晉,譙蜀建國斬桓振封賞劉裕,初，毛璩聞桓振陷江陵,於是循遣隱之與澹俱還,
82503,114,東晉,慕容超歸南燕及劉裕平叛收地,初，南燕主備德仕秦為張掖太守,舞陰等十二郡歸于晉,
82504,114,東晉,慕容德卒及慕容超親小人,八月，燕遼西太守邵顔有罪,燕王熙袭契丹,
82505,114,東晉,慕容熙慕容超亂政,春，正月，甲申，魏主珪如豺山宫,皆咨而後行,
82506,114,東晉,禿髮傉檀馬羊換涼州,禿髪傉檀伐沮渠蒙遜,蒙遜引還,
82507,114,東晉,慕容超平叛及殷仲文族誅,南燕公孫五樓欲擅朝權,皆族誅之,
82508,114,東晉,苻訓英死及胡夏建國,燕王熙為其后苻氏起承華殿,甲子，大赦,
82509,114,東晉,北燕建國及後燕滅亡,初，中尉將軍馮跋及弟侍御郎素弗皆得罪於熙,雲復姓高氏,
82510,114,東晉,慕容超臣後秦換母妻及伐譙蜀,幽州刺史上庸公懿以令支降魏,超親帥六宮迎於馬耳關,
82511,114,東晉,赫連勃勃扰後秦及陽武之戰,夏王勃勃破鮮卑薛千等三部,復遣沙門法泉間行奉表詣建康,
82512,114,東晉,劉毅鬥劉裕及北燕封賞,春，正月，甲辰，以琅邪王德文領司徒,司隸校尉務銀提為尚書令,
82513,114,東晉,後秦攻南涼胡夏皆敗,譙縱遣使稱藩於秦,勃勃皆置守宰以撫之,
82514,114,東晉,譙蜀退東晉及南涼復王,司馬叔璠自蕃城寇鄒山,收斬之,
82601,115,東晉,南燕掠東晉樂伎,春，正月，庚寅朔，南燕主超朝會群臣,賜沖死,
82602,115,東晉,魏道武帝毒發及劉裕北伐南燕,三月，劉裕抗表伐南燕,悉停江、淮漕運,
82603,115,東晉,胡夏敗後秦南燕無援西秦復國,超遣尚書郎張綱乞師於秦,乃以為尚書民部郎,
82604,115,東晉,馮跋代高雲,北燕王雲自以無功德而居大位,論者美其有宰相之度,
82605,115,東晉,魏道武帝被弒及魏明元帝平亂,魏主珪將立齊王嗣為太子,得匕首，遂殺之,
82606,115,東晉,晉滅南燕之戰,十二月，乙巳，太白犯虛、危,豈非雖有智勇而無仁義使之然哉,
82607,115,東晉,盧循叛亂何無忌死,初，徐道覆聞劉裕北伐,既而知賊未至，乃止,
82608,115,東晉,胡夏敗後秦及北涼敗南涼,西秦王乾歸攻秦金城郡,降于蒙遜,
82609,115,東晉,盧循敗劉毅及孟昶死諫棄都,劉裕至下邳,仰藥而死,
82610,115,東晉,盧循退兵劉裕追擊,乙丑，盧循至淮口,使彼走無所歸也,
82611,115,東晉,東晉破譙蜀桓氏餘黨,譙縱遣侍中譙良等入見於秦,韶，暢之孫也,
82612,115,東晉,劉裕破盧循及北燕平叛,西秦王乾歸攻秦略陽,改封中山公,
82701,116,東晉,胡夏蠶食後秦及斬徐道覆,春，正月，己未，劉裕還建康,斬徐道覆,
82702,116,東晉,北涼敗南涼及盧循之亂平,河南王乾歸徙鮮卑僕渾部三千餘戶于度堅城,疽發背卒,
82703,116,東晉,馮跋勤政及諸涼混戰,河南王乾歸徙羌句豈等部眾五千餘戶于疊蘭城,乾歸擊吐谷渾阿若干於赤水，降之,
82704,116,東晉,劉毅不服及乞伏乾歸被弒,夏，四月，劉道規以疾求歸,葬僖皇后于休平陵,
82705,116,東晉,劉裕除劉毅及楊盛叛後秦,劉毅至江陵,荊人悅之,
82706,116,東晉,諸葛長民不安,諸葛長民驕縱貪侈,置官僚如涼王光為三河王故事,
82707,116,東晉,東晉伐譙蜀及除諸葛長民,太尉裕謀伐蜀,裕固讓太傅、州牧,
82708,116,東晉,胡夏姓赫連及北涼擴張,林邑范胡達寇九真,六月，嗣如五原,
82709,116,東晉,晉滅譙蜀之戰,朱齡石等至白帝發函書,賜爵豐城縣侯,
82710,116,東晉,西秦破吐谷渾及司馬休之護子,魏奚斤等破越勤於跋那山西,魏主嗣還平城,
82711,116,東晉,姚弼專寵,秦後將軍斂成討叛羌,興默然,
82712,116,東晉,南涼失樂都及柔然內亂,唾契汗、乙弗等部皆叛南涼,羊萬口于燕 ,
82713,116,東晉,南涼降西秦,六月，泰山太守劉研等帥流民七千餘家,賜姓源氏,
82714,116,東晉,北魏遣使及西秦稱王,八月，戊子，魏主嗣遣馬邑侯陋孫使於秦,安為中山公,
82801,117,東晉,劉裕攻破司馬休之,春，正月，丙辰，魏主嗣還平城,劉鍾討平之,
82802,117,東晉,河西胡起及刺殺劉敬宣,秦廣平公弼譖姚宣於秦王興,魏主嗣如大甯,
82803,117,東晉,司馬休之奔後秦及西秦拔湟河,趙倫之、沈林子破魯軌於石城,九月，己亥，大赦,
82804,117,東晉,北魏不遷都及姚弼又反又被赦,魏比歲霜旱,林邑寇交州，州將擊敗之,
82805,117,東晉,姚興死姚泓立,春，正月，甲申，魏主嗣如豺山宮,宣詣紹歸罪，紹殺之,
82806,117,東晉,西秦仇池胡夏群毆後秦,二月，加太尉裕中外大都督,八月，丙午，大赦,
82807,117,東晉,倚重劉穆之及晉滅後秦之戰,寧州獻琥珀枕於太尉裕,穆之乃止,
82808,117,東晉,北魏滅河西胡及東晉克許昌,初，魏主嗣使公孫表討白亞栗斯,又不從 ,
82809,117,東晉,借道北魏及東晉克洛陽,王仲德水軍入河 ,戍洛陽 ,
82810,117,東晉,劉裕求九錫及平叛姚懿,西秦王熾磐使秦州刺史王松壽鎮馬頭,悉誅之,
82901,118,東晉,平叛姚恢李暠死,春，正月，甲戌朔，日有食之,又擊卑和部，降之,
82902,118,東晉,東晉攻潼關及北魏議假道,王鎮惡進軍澠池,軍食復振,
82903,118,東晉,卻月陣退北魏及崔浩論天下,魏人以數千騎緣河隨裕軍西行,以諸公為之,
82904,118,東晉,後秦降東晉,秋，七月，太尉裕至陝,百姓安堵,
82905,118,東晉,王鎮惡貪問斬姚泓秦人奔魏,九月，太尉裕至長安,眾至二萬,
82906,118,東晉,劉穆之死疑王鎮惡劉裕東還,詔進宋公爵為王,開汴渠而歸,
82907,118,東晉,王鎮惡沈田子內鬬死及退胡夏,氐豪徐駭奴,追贈鎮惡左將軍、青州刺史,
82908,118,東晉,劉義隆鎮荊州及北魏襲北燕,以彭城內史劉遵考為幷州刺史,掠其民萬餘家而還,
82909,118,東晉,劉裕建宋國及劉義真殺王修 ,六月，太尉裕使受相國,長安樵采路絶 ,
82910,118,東晉,胡夏得長安及劉裕北望 ,宋公裕聞之 ,代劉遵考守蒲阪,
82911,118,東晉,胡夏稱帝驕虐劉裕弒君廢立 ,夏王勃勃築壇於霸上,諫者先截其舌而後斬之,
82912,118,東晉,王康守金墉 ,初，司馬楚之奉其父榮期之喪歸建康,己亥，還平城 ,
82913,118,東晉,李歆嚴刑奢侈及劉裕進宋王 ,涼公歆用刑過嚴 ,世子為太子,
90101,119,劉宋,劉裕篡晉,春，正月，己亥，魏主還宮,永初曆,
90102,119,劉宋,杜慧度破林邑及蒙遜滅李歆,魏主如翳犢山,娶其女為牧犍婦,
90103,119,劉宋,北涼滅西涼及掩殺晉恭帝,八月，辛未，追謚妃臧氏為敬皇后,帝帥百官瞻送,
90104,119,劉宋,劉宋群臣,十二月，丙申，魏主西巡，至雲中,築列渾城於汁羅以鎮之,
90105,119,劉宋,劉裕死及定儲拓跋燾,五月，帝疾甚,廟號高祖,
90106,119,劉宋,北魏攻宋河南之戰,河西王蒙遜遣前將軍沮渠成都帥眾一萬,秦王熾磐徵秦州牧曇達為左丞相、征東大將軍,
90107,119,劉宋,拒署紙尾及劉宋失地,春，正月，己亥朔，大赦，改元,葬孝懿皇后于興寧陵,
90108,119,劉宋,劉宋死守,魏奚斤、公孫表等共攻虎牢,置二十七營以領之,
90109,119,劉宋,苦戰虎牢毛德祖被禽 ,蠻王梅安帥渠帥數十人入貢於魏,以立封疆而還,
90110,119,劉宋,魏明元帝死及尊寇謙之 ,己巳，魏太宗殂,可不慎哉,
90201,120,劉宋,徐羨之廢劉義真,春，正月，魏改元始光,皆降之,
90202,120,劉宋,廢劉義符立宋文帝,徐羨之等以南兗州刺史檀道濟先朝舊將,文武賜位二等,
90203,120,劉宋,宋文帝初創及柔然北魏開戰,戊戌，謁太廟,耽之曾孫也,
90204,120,劉宋,吐谷渾諸子讓胡夏諸子殺,冬，十月，吐谷渾威王阿柴卒,北曰平朔,
90205,120,劉宋,楊盛及赫連勃勃死,春，正月，徐羨之,武都王,
90206,120,劉宋,謝晦不悟及誅徐羨之傅亮,初，會稽孔甯子為帝鎮西諮議參軍,收繋謝㬭,
90207,120,劉宋,謝晦起兵及被誅,帝將討謝晦,赦不問，代還,
90208,120,劉宋,謝靈運三人組及宋文帝五臣,三月，辛巳，帝還建康,上乃止,
90209,120,劉宋,北魏議伐胡夏 ,魏主詔問公卿,魏主發平城 ,
90210,120,劉宋,胡夏破西秦及統萬之戰 ,秦左丞相曇達與夏呼盧古戰於嵻崀山 ,以屬郡縣,
90211,120,劉宋,魏太武帝奇襲破統萬 ,春，正月，辛巳，帝祀南郊,雲，題之弟也 ,
90212,120,劉宋,魏太武帝勇賢好殺 ,秦王熾磐還枹罕 ,癸卯，還平城 ,
90301,121,劉宋,禽赫連昌及奚斤敗,春，正月，辛未，魏京兆王黎卒,魏主以詔諭之使降,
90302,121,劉宋,乞伏熾磐死及沮渠蒙遜伐喪,壬子，魏主西巡,征虜將軍出連輔政等將騎二千救之,
90303,121,劉宋,宋文帝誡劉義恭,祕書監謝靈運,復何由知眾事也,
90304,121,劉宋,崔浩力主伐柔然,夏酒泉公雋自平涼奔魏,吾行決矣,
90305,121,劉宋,破柔然大檀死高車降,庚寅，魏主發平城,然後施行,
90306,121,劉宋,第一次元嘉北伐,秦王暮末之弟軻殊羅烝于文昭王左夫人禿髮氏,相枕而死,
90307,121,劉宋,崔浩欲以逸待勞不聽,魏南邊諸將表稱,秦輔國大將軍段暉等擊走之,
90308,121,劉宋,宋魏交戰及馮弘嚇死馮跋,到彥之自淮入泗,葬長谷陵,
90309,121,劉宋,胡夏連劉宋及北魏破劉宋,己丑，夏主遣其弟謂以代伐魏鄜城,尹沖及滎陽太守清河崔模降魏,
90310,121,劉宋,到彥之撤軍及赫連定重創,秦王暮末為河西所逼,魏安頡督諸君攻滑臺,
90311,121,劉宋,奚斤為宰士及到彥之免官,河西王蒙遜遣尚書郎宗舒等入貢於魏,義康乃悅,
90401,122,劉宋,胡夏滅西秦及檀道濟唱籌量沙 ,春，正月，壬午朔，燕大赦，改元大興 ,思話坐徴，繋尚方 ,
90402,122,劉宋,王慧龍農戰並脩及胡夏滅亡 ,燕王立夫人慕容氏為王后,封西秦王,
90403,122,劉宋,北魏修內政,左僕射臨川王義慶固求解職,交州兵擊卻之,
90404,122,劉宋,吐谷渾無賞及北魏攻北燕,春，正月，丙午，魏主尊保太后竇氏為皇太后,太子詹事劉湛為領軍將軍,
90405,122,劉宋,司馬飛龍之亂及北燕拒降,益州刺史劉道濟,不如守志更圖也,
90406,122,劉宋,程道養稱蜀王,魏主之圍和龍也,應募者日有千餘人,
90407,122,劉宋,謝弘微持家及李順使北涼,初，晉謝混尚晉陵公主,蒙遜荒淫猜虐，羣下苦之,
90408,122,劉宋,陸俟預判高車及劉道濟死,春，正月，乙卯，魏主遣永昌王健督諸君救遼西,法護，法崇之兄也,
90409,122,劉宋,沮渠蒙遜死及仇池得漢中,涼王蒙遜病甚,魏寧朔將軍盧玄來聘,
90410,122,劉宋,誅謝靈運及劉宋復漢中,前祕書監謝靈運,蕭思話徙鎮南郊,
90411,122,劉宋,于什門歸北燕首鼠魏平山胡,甲戌，赫連昌叛魏西走,故未之遣,
90412,122,劉宋,劉湛反咬萬國朝魏北燕危蹙,領軍將軍劉湛與僕射殷景仁素善,使鎮童亭,
90501,123,劉宋,殺檀道濟及北燕滅亡,春，正月，癸丑朔，上有疾，不朝,丁卯，魏主如河西,
90502,123,劉宋,仇池降北魏及高麗匿馮弘,六月，詔寧朔將軍蕭汪之將兵討程道養,弟慕利延立,
90503,123,劉宋,司馬飛龍亂平及北魏復通西域,春，正月，戊子，魏北平宣王長孫嵩卒,魏主乃止,
90504,123,劉宋,高麗殺馮弘四學並立元嘉之治,春，二月，丁未，以吐谷渾王慕利延為都督西秦,皆稱元嘉焉,
90505,123,劉宋,沮渠牧犍作死及議伐北涼,春，正月，庚寅，司徒義康進位大將軍,帝善之,
90506,123,劉宋,北魏滅北涼 ,夏，五月，丁丑，魏主治兵於西郊,故魏主特愛之 ,
90507,123,劉宋,柔然偷襲失敗及涼州多士 ,魏主之西伐也 ,成人一也 ,
90508,123,劉宋,崔浩修國史及沮渠無諱拔酒泉 ,陳留江強 ,魏主遣撫軍大將軍永昌王健督諸將討之 ,
90509,123,劉宋,劉義康專權 ,司徒義康專總朝權 ,葬元皇后,
90510,123,劉宋,誅劉湛及劉義康黨羽 ,上以司徒彭城王義康嫌隙已著 ,大秦王楊難當復稱武都王 ,
90511,123,劉宋,賜死扶令育 ,春，正月，癸卯，魏以沮渠無諱為征西大將軍 ,帝從之,
90601,124,劉宋,劉宋滅楊難當及高昌北涼立,春，正月，甲申，魏主備法駕,涼州刺史、河西王,
90602,124,劉宋,後仇池國滅及武都國繼立,冬，十月，己卯，魏立皇子伏羅為晉王,下獄死,
90603,124,劉宋,魏太子總百揆及誅劉潔,九月，辛巳，魏主如漠南,宜其死也,
90604,124,劉宋,古弼社稷之臣及元嘉新曆,庚辰，魏主幸盧,十二旋宫，聲韻無失,
90605,124,劉宋,北魏平鄯善破吐谷渾,壬辰，以武陵王駿為雍州刺史,非善誨也,
90606,124,劉宋,蓋吳起事,魏民間訛言“滅魏者吳”,癸未，魏主西巡,
90607,124,劉宋,孔熙先范曄謀反伏誅,初，魯國孔熙先博學文史,孝穆皇后之弟子也,
90608,124,劉宋,討蓋吳及宗慤乘風破浪,初，江左二郊無樂,宗慤潛兵迎擊毗沙達，破之,
90609,124,劉宋,太武滅佛及何承天論兵 ,魏主與崔浩皆信重寇謙之,不可同年而校矣 ,
90610,124,劉宋,封敕文平賊及宗慤破林邑 ,魏金城邊固 ,六月，癸未朔，日有食之 ,
90611,124,劉宋,蓋吳亂平及陸俟斬賊 ,甲申，魏發冀、相、定三州兵二萬人 ,吐谷渾復還舊土 ,
90701,125,劉宋,誅沮渠牧犍及破楊文德,春，正月，甲戌，大赦,帝大蒐于宣武場,
90702,125,劉宋,罷庾炳之及北魏平西域,初，劉湛既誅,西域復平,
90703,125,劉宋,大破柔然元嘉草草破山蠻,魏太子朝于行宮,悉遷於建康以為營戶,
90704,125,劉宋,宋魏熱身及魏主遺書,魏主將入寇,時稱江、徐,
90705,125,劉宋,國史之獄,魏司徒崔浩,寵眷亞於浩,
90706,125,劉宋,第二次元嘉北伐,初，車師大帥車伊洛世服於魏,坦，鍾之曾孫也,
90707,125,劉宋,王玄謨全軍覆沒,是時軍旅大起,自帥諸軍還歷城,
90708,125,劉宋,柳元景部勇勝退軍,閏月，龐法起等諸軍入盧氏,詔以元景為襄陽太守,
90709,125,劉宋,李孝伯張暢彭城論戰 ,魏永昌王仁攻懸瓠,今為相識之始 ,
90710,125,劉宋,北魏飲馬江淮 ,上起楊文德為輔國將軍 ,魏亦竟不成婚 ,
90801,126,劉宋,殺劉義康,春，正月，丙戌朔，魏主大會群臣於瓜步山上,因攻盱眙,
90802,126,劉宋,盱眙之圍及北魏退軍,魏主就臧質求酒,元嘉之政衰矣,
90803,126,劉宋,盧度世存及魯爽投宋,癸酉，詔賑恤郡縣民遭寇者,而朝事悉歸湛之,
90804,126,劉宋,宗愛誣殺拓跋晃,六月，壬戌，魏改元正平,甚悔之,
90805,126,劉宋,魏太武帝後悔及宗愛弒君廢立,秋，七月，丁亥，魏主如陰山,廟號世祖,
90806,126,劉宋,第三次元嘉北伐 ,上聞魏世祖殂,淮陽王彧為湘東王 ,
90807,126,劉宋,太子巫蠱事發 ,初，潘淑妃生始興王濬 ,猶未忍罪也 ,
90808,126,劉宋,北伐無功 ,諸軍攻碻磝 ,義恭尋奏免思話官，從之 ,
90809,126,劉宋,弒拓跋余立魏文成帝 ,魏南安隱王余自以違次而立 ,皆具五刑，夷三族 ,
90810,126,劉宋,魏文成帝新政 ,西陽五水群蠻反 ,是歲，始行之 ,
90901,127,劉宋,宋文帝猶豫而廢太子事泄 ,春，正月，戊寅，以南譙王義宣為司徒 ,齋帥張超之等謀為逆 ,
90902,127,劉宋,劉劭弒君父 ,初，帝以宗室強盛 ,此是下情由來所願 ,
90903,127,劉宋,劉劭即位賞親殺惡 ,劭詐以太祖詔召大將軍義恭 ,義慶之弟子也 ,
90904,127,劉宋,伐劉劭群起響應 ,劭密與沈慶之手書 ,田子之兄子也 ,
90905,127,劉宋,劉劭憂懼備戰 ,劭自謂素習武事 ,檀和之為雍州刺史 ,
90906,127,劉宋,柳元景破劉劭 ,癸丑，武陵王軍于鵲頭 ,與南平王鑠並録尚書事 ,
90907,127,劉宋,宋孝武帝即位及誅二凶 ,戊辰，武陵王军于新亭 ,王羅漢及淮南太守沈璞皆伏誅 ,
90908,127,劉宋,宋孝武帝論功行賞 ,庚辰，解嚴 ,以竟陵王誕為揚州刺史 ,
90909,127,劉宋,周朗上疏及元嘉政衰 ,秋，七月，辛丑朔，日有食之 ,甲午，魏主還平城 ,
91001,128,劉宋,臧質劉義宣反,春，正月，己亥朔，上祀南郊,命僚佐悉稱名,
91002,128,劉宋,魯爽徐遺寶死,甲午，魏主詣道壇受圖籙,皆駭懼,
91003,128,劉宋,劉義宣疑臧質而敗北,柳元景軍于採右,己未，解嚴,
91004,128,劉宋,誅臧質劉義宣而分荊江 ,癸亥，以吳興太守劉延孫為尚書右僕射,庚辰，還平城 ,
91005,128,劉宋,宋孝武帝削王侯 ,春，正月，魏車騎大將軍樂平王拔有罪賜死 ,上不從 ,
91006,128,劉宋,宗慤為豫州及源賀忠誠 ,春，正月，庚寅，立皇弟休範為順陽王 ,新平太守楊自倫棄郡奔魏 ,
91007,128,劉宋,論盜鑄及顏竣貴重 ,上欲移青、冀二州幷鎮歷城 ,遣主衣就衣諸體 ,
91008,128,劉宋,宋孝武帝奢淫 ,春，正月，辛亥朔，改元，大赦 ,更以順陽王休範為桂陽王 ,
91009,128,劉宋,高允忠直 ,春，正月，丙午朔，魏設酒禁 ,立皇子子綏為安陸王 ,
91010,128,劉宋,改官制及賜死王僧達 ,帝不欲權在臣下 ,召禍宜哉 ,
91011,128,劉宋,青州交戰及劉宋結黨 ,九月，乙巳，魏主還平城 ,乃以其意命弟子原著定命論以釋之 ,
91101,129,劉宋,劉誕反 ,春，正月，己巳朔 ,甲子，上親總禁兵頓宣武堂 ,
91102,129,劉宋,諸軍討劉誕 ,司州刺史劉季之 ,復沈其男口 ,
91103,129,劉宋,誅劉誕為京觀 ,六月，戊申，魏主如陰山 ,加羽葆蓋,
91104,129,劉宋,北魏擊吐谷渾及闞氏高昌立,春，正月，甲子朔，魏大赦,高昌稱王自此始,
91105,129,劉宋,劉休茂造反伏誅,春，正月，戊午朔，朝賀,以玄慶為射聲校尉,
91106,129,劉宋,諸王諸子,上自即位以來,沈懷文諫，不聽,
91107,129,劉宋,沈懷文直諫賜死,春，正月，癸未，魏樂浪王萬壽卒,不果施行,
91108,129,劉宋,宋孝武帝狎侮群臣,春，正月，丁亥，以尚書右僕射王僧朗為太常,癸亥，上還建康,
91109,129,劉宋,宋孝武帝死,春，正月，丁亥，魏主立其弟雲為任城王,皇后曰皇太后,
91110,129,劉宋,劉子業政歸進習無父無母,乙卯，罷南北二馳道,餓死什六七,
91201,130,劉宋,魏文成帝死及乙渾專權,春，正月，乙未朔，廢帝改元永光，大赦,皆決於渾,
91202,130,劉宋,劉子業奪權誅劉義恭黨,废帝幼而狷暴,皆被捶曳如奴隸矣,
91203,130,劉宋,山陰公主淫及殺劉子鸞,初，帝在東宫,帝從之,
91204,130,劉宋,劉昶奔魏錢貨亂敗,徐州刺史義陽王昶,并誅其二子,
91205,130,劉宋,劉子業納姑及殺沈慶之,寧朔將軍何邁,蔡公勿多言,
91206,130,劉宋,劉子業虐王辱妃劉子勛起兵,壬寅，立皇后路氏,鞭江妃一百,
91207,130,劉宋,弒劉子業豬王即位,先是民間訛言湘中出天子,並皆刊削,
91208,130,劉宋,劉子勛傳檄起兵 ,庚午，以右衛將軍劉道隆為中護軍 ,皆舉兵以應应子勛 ,
91301,131,劉宋,義嘉之亂劉子勛稱帝,春，正月，己丑朔，魏大赦，改元天安,元景之從兄也,
91302,131,劉宋,建康尋陽站隊,是歲，四方貢計皆歸尋陽,鍾之曾孫也,
91303,131,劉宋,親征劉子勛及吳喜克義興,丙午，上親總兵,遂克義興,
91304,131,劉宋,馮太后誅乙渾及吳喜克諸郡,魏丞相太原王乙渾專制朝權,其餘皆原宥,
91305,131,劉宋,殷孝祖死沈攸之代,薛索兒攻申闡,莫有離心,
91306,131,劉宋,劉子勛漸弱,鄧琬遣其豫州刺史劉胡帥眾三萬,元景之弟子也,
91307,131,劉宋,沈文秀固守及呂安國劫糧,散騎侍郎明僧暠起兵,葬昭太后於脩寧陵,
91308,131,劉宋,蕭賾破獄,張永、蕭道成等與薛索兒戰,武都王,
91309,131,劉宋,張興世奇襲錢溪破劉胡袁顗,諸軍與袁顗相拒於濃湖,幷送首以為己功,
91310,131,劉宋,斬劉子勛及諸子除盡,劉胡帥二萬人向尋陽,義欣之子也,
91311,131,劉宋,薛安都降宋而轉投北魏,劉勔圍壽陽,新民乃悅,
91312,131,劉宋,殷琰歸降益州平定,乙丑，詔坐依附尋陽削官爵禁錮者,元進攻之,
91401,132,劉宋,劉宋失淮北,春，正月，張永等棄城夜遁,魏以頓丘王李峻為太宰,
91402,132,劉宋,沈文秀崔道固歸降,沈文秀、崔道固為土人所攻,乘民之兄子也,
91403,132,劉宋,慕容白曜威震齊土,魏遣平東將軍長孫陵等將兵赴青州,以太子詹事袁粲為尚書右僕射,
91404,132,劉宋,沈攸之敗彭城及蕭道成養士,沈攸之自送運米至下邳,淮陽太守崔武仲焚城走,
91405,132,劉宋,房法壽降魏及馮太后還政,慕容白曜進屯瑕丘,屯於灌水,
91406,132,劉宋,北魏蠶食劉宋,春，正月，己未，上祀南郊，大赦,遂降於魏,
91407,132,劉宋,劉宋用細人及青冀盡失,交州刺史劉牧卒,於是青、冀之地盡入於魏矣,
91408,132,劉宋,豬王殺驢王,戊辰，魏平昌宣王和其奴卒,東土大震,
91409,132,劉宋,觀裸婦及疑蕭道成,春，正月，乙亥，初制間二年一祭南郊,史學士各十人,
91410,132,劉宋,北魏敗柔然及誅李敷,柔然部真可汗侵魏,汝其謹脩警候以待大舉,
91501,133,劉宋,,,,
