索引號,卷名一,卷名二,節名,起始,結束,起始年,結束年,備注
101,卷一,周紀一,,三家分晉,韓趙謀魏,-403,-369,周威烈王23年至24年、周安王共26年、周烈王至7年
102,卷二,周紀二,,至顯王七年,孟嘗君,-368,-321,周顯王共48年
103,卷三,周紀三,,魏反縱為橫,公孫龍受絀,-320,-298,周慎靚王共6年、周赧王至17年
104,卷四,周紀四,,至赧王二十年,春申連秦楚,-297,-273,周赧王18年至42年
105,卷五,周紀五,,閼與之戰,周赧王崩,-272,-256,周赧王43年至59年
201,卷六,秦紀一,,蔡澤上任,刺秦上,-255,-228,秦昭襄王52年至56年、秦孝文王共1年、秦莊襄王共3年、秦王政至19年
202,卷七,秦紀二,,刺秦下,六國復立,-227,-209,秦始皇20年至37年、秦二世元年
203,卷八,秦紀三,,陳勝敗,立子嬰,-208,-207,秦二世2年至3年
301,卷九,漢紀一,,秦亡及約法三章,韓信下魏破代,-206,-205,楚漢至2年
302,卷十,漢紀二,,韓信滅趙,鴻溝之盟,-204,-203,楚漢3年至4年
303,卷十一,漢紀三,,垓下之戰,貫高欲反及治未央宮,-202,-200,漢高祖5年至7年
304,卷十二,漢紀四,,劉敬和親匈奴,惠帝崩,-199,-188,漢高祖8年至12年、漢惠帝共7年
305,卷十三,漢紀五,,立諸呂,至文帝前元二年,-187,-178,漢高后共8年、漢文帝至2年
306,卷十四,漢紀六,,劉長殺人及劉興居反,薄昭死,-177,-170,漢文帝3年至10年
307,卷十五,漢紀七,,賈誼死,申屠嘉氣死及梁王恃寵,-169,-155,漢文帝11年至23年、漢景帝至2年
308,卷十六,漢紀八,,博局斗毆及議削藩,漢景帝崩,-154,-141,漢景帝3年至16年
309,卷十七,漢紀九,,董仲舒罷黜百家,李廣程不識治軍簡繁論,-140,-134,漢武帝至7年
310,卷十八,漢紀十,,李少君求仙,張騫初歸,-133,-125,漢武帝8年至16年
311,卷十九,漢紀十一,,公孫弘報私仇,衛霍為人及酷吏橫行,-124,-119,漢武帝17年至22年
312,卷二十,漢紀十二,,汲黯卒及殺義縱,封禪泰山,-118,-110,漢武帝23年至31年
313,卷二十一,漢紀十三,,武帝求仙及征朝鮮,直指繡衣使者,-109,-99,漢武帝32年至42年
314,卷二十二,漢紀十四,,族李陵家及命堯母門,漢昭帝即位,-98,-87,漢武帝43年至54年
315,卷二十三,漢紀十五,,燕王旦反及托孤臣侯,傅介子刺樓蘭王,-86,-75,漢昭帝至12年
316,卷二十四,漢紀十六,,立劉賀,孝宣中興,-74,-68,漢昭帝13年、漢廢帝、漢宣帝至6年
317,卷二十五,漢紀十七,,立太子劉奭,漢宣帝報恩及諸羌叛亂,-67,-62,漢宣帝7年至12年
318,卷二十六,漢紀十八,,聖主得賢臣頌,劉相夫和親止及韓延壽,-61,-59,漢宣帝13年至15年
319,卷二十七,漢紀十九,,黃霸升遷及嚴延年誅,漢宣帝崩,-58,-49,漢宣帝16年至25年
320,卷二十八,漢紀二十,,貢禹諫節儉,馮奉世平彡姐羌,-48,-42,漢元帝至7年
321,卷二十九,漢紀二十一,,張猛死及宗廟罷,定嗣及漢元帝崩,-41,-33,漢元帝8年至16年
322,卷三十,漢紀二十二,,石顯失勢及王氏封侯,劉向諫防王氏篡權,-32,-23,漢成帝至10年
323,卷三十一,漢紀二十三,,王鳳死及烏孫小昆彌復仇,起義四起及梅福諫政改,-22,-14,漢成帝11年19年
324,卷三十二,漢紀二十四,,劉立禽獸行不治,古罄出而劉向諫興禮樂,-13,-8,漢成帝20年至25年
325,卷三十三,漢紀二十五,,移禍翟方進而漢成帝崩,馮媛誣死,-7,-6,漢成帝26年、漢哀帝元年
326,卷三十四,漢紀二十六,,四太后並立,息夫躬先入為主,-5,-3,漢哀帝2年至4年
327,卷三十五,漢紀二十七,,王嘉言董賢及杜鄴言外戚,立法禁降匈奴及王莽造勢嫁女,-2,2,漢哀帝5年至6年、漢平帝至2年
328,卷三十六,漢紀二十八,,狗血門事件,王政君摔璽及王莽代漢,3,8,漢平帝3年至6年、王莽居攝、始初至3年
401,卷三十七,漢紀二十九,,金匱十一公及改名狂潮,任意黜陟及易名不止,9,14,王莽至6年
402,卷三十八,漢紀三十,,恭奴善于及吏不得祿,小長安之戰及綠林合兵,15,22,王莽7年至14年
403,卷三十九,漢紀三十一,,淯陽之戰及立更始帝,群雄並起,23,24,王莽15年、玄漢至2年
501,卷四十,漢紀三十二,,破銅馬軍及光武稱帝,赤眉掘墓及馮異換鄧禹,25,26,漢光武帝至2年
502,卷四十一,漢紀三十三,,平赤眉,江南臣漢及處士不臣,27,29,漢光武帝3年至5年
503,卷四十二,漢紀三十四,,斬董憲及公孫述定策,征公孫述及岑彭遇刺,30,35,漢光武帝6年至11年
504,卷四十三,漢紀三十五,,平公孫述及血洗成都,烏桓破匈奴及莎車霸西域,36,46,漢光武帝12年至22年
505,卷四十四,漢紀三十六,,匈奴分南北及破五溪蠻,雲臺二十八將及帝褊察,47,60,漢光武帝23年至33年、漢明帝至3年
506,卷四十五,漢紀三十七,,廣德擊莎車及竇融死,漢明帝崩及救耿恭,61,75,漢明帝4年至18年
507,卷四十六,漢紀三十八,,開邊爭論及十三將士歸玉門,朱暉強直孔僖誹謗平定疏勒,76,84,漢章帝至9年
508,卷四十七,漢紀三十九,,四分曆及祭孔祭祖,竇憲專權廢立龜茲立於除鞬,85,91,漢章帝10年至13年、漢和帝至3年
509,卷四十八,漢紀四十,,誅竇憲,漢和帝崩,92,105,漢和帝4年至17年
510,卷四十九,漢紀四十一,,漢殤帝崩及迎立安帝,增竈計安武都葬鄧弘,106,115,漢殤帝元年、漢安帝至9年
511,卷五十,漢紀四十二,,刺平先零羌,廢太子劉保及來歷獨諫,116,124,漢安帝10年至18年
512,卷五十一,漢紀四十三,,漢安帝崩及立北鄉侯,龐參忠直被毀,125,133,漢安帝19年、前少帝劉懿、漢順帝至8年
513,卷五十二,漢紀四十四,,周舉禁求雨及張衡禁圖讖,滕撫平九江諸賊及金蛇案,134,145,漢順帝9年至19年、漢沖帝、漢質帝
514,卷五十三,漢紀四十五,,毒殺漢質帝及強力漢桓帝,檀石槐崛起及段颎斬公孫舉,146,156,漢桓帝至10年
515,卷五十四,漢紀四十六,,劉陶諫止改鑄,三明復及朱穆死,157,163,漢桓帝11年至17年
516,卷五十五,漢紀四十七,,郭泰及眾黨人,第一次黨錮之禍,164,166,漢桓帝18年至20年
517,卷五十六,漢紀四十八,,竇武求情及黨人赦,孟佗發跡及討疏勒不克,167,171,漢桓帝21年、漢靈帝至4年
518,卷五十七,漢紀四十九,,合葬竇妙,立何后起苑囿火馬陣,172,180,漢靈帝5年至13年
519,卷五十八,漢紀五十,,朱儁平交趾及導行費,韓遂火併傅燮戰歿張純張舉起義,181,187,漢靈帝14年至20年
520,卷五十九,漢紀五十一,,廢史立牧劉焉入蜀王芬政變,劉虞寬政及公孫度自立,188,190,漢靈帝21年、劉辯、漢獻帝至2年
521,卷六十,漢紀五十二,,議立劉虞及陽人之戰,劉虞誣死及田疇隱居,191,193,漢獻帝3年至5年
522,卷六十一,漢紀五十三,,騰遂謀誅李傕及二征陶謙,公孫瓚建易京,194,195,漢獻帝6年至7年
523,卷六十二,漢紀五十四,,徐州易主及獻帝還雒陽,太史慈然諾及易京危,196,198,漢獻帝8年至10年
524,卷六十三,漢紀五十五,,公孫瓚自焚及袁術歐血死,孫權除異己及張魯據漢中,199,200,漢獻帝11年至12年
525,卷六十四,漢紀五十六,,劉備奔劉表及張遼收昌豨,荀悅作申鑒,201,205,漢獻帝13年至17年
526,卷六十五,漢紀五十七,,幷州治及仲長統,荊州四郡田疇拒封賀齊討賊,206,208,漢獻帝18年至20年
527,卷六十六,漢紀五十八,,孫權嫁妹及蔣幹說瑜,魏國建制及議復肉刑,209,213,漢獻帝21年至25年
528,卷六十七,漢紀五十九,,夏侯淵平涼及呂蒙破皖城,殺崔琰黜毛玠服烏桓分匈奴,214,216,漢獻帝26年至28年
529,卷六十八,漢紀六十,,蔣欽周泰及丕植爭位,呂蒙病死及孫權稱臣,217,219,漢獻帝29年至31年
601,卷六十九,魏紀一,,曹操薨及曹丕即位,曹丕首次伐吳,220,222,曹丕至3年
602,卷七十,魏紀二,,濡須口之戰及江陵之戰,止攻諸葛立毛皇后閃擊孟達,223,227,曹丕4年至7年、曹叡至2年
603,卷七十一,魏紀三,,子午谷奇謀及馬謖失街亭,三戰合肥及隱蕃亂吳,228,230,曹叡3年至5年
604,卷七十二,魏紀四,,四次北伐及張郃戰死,吊祭諸葛宗預使吳請戰山越,231,234,曹叡6年至9年
605,卷七十三,魏紀五,,楊儀自殺及諫省宮室后妃,考課法未行,235,237,曹叡10年至12年
606,卷七十四,魏紀六,,魏滅燕之戰及劉禪立太子,董允死黃皓起,238,245,曹叡13年至14年、曹芳至7年
607,卷七十五,魏紀七,,,,246,,
608,卷七十六,魏紀八,,,,,,
609,卷七十七,魏紀九,,,,,,
610,卷七十八,魏紀十,,,,,,
701,卷七十九,晉紀一,,,,,,
702,卷八十,晉紀二,,,,,,
703,卷八十一,晉紀三,,,,,,
704,卷八十二,晉紀四,,,,,,
705,卷八十三,晉紀五,,,,,,
706,卷八十四,晉紀六,,,,,,
707,卷八十五,晉紀七,,,,,,
708,卷八十六,晉紀八,,,,,,
709,卷八十七,晉紀九,,,,,,
710,卷八十八,晉紀十,,,,,,
711,卷八十九,晉紀十一,,,,,,
712,卷九十,晉紀十二,,,,,,
713,卷九十一,晉紀十三,,,,,,
714,卷九十二,晉紀十四,,,,,,
715,卷九十三,晉紀十五,,,,,,
716,卷九十四,晉紀十六,,,,,,
717,卷九十五,晉紀十七,,,,,,
718,卷九十六,晉紀十八,,,,,,
719,卷九十七,晉紀十九,,,,,,
720,卷九十八,晉紀二十,,,,,,
721,卷九十九,晉紀二十一,,,,,,
722,卷一百,晉紀二十二,,,,,,
723,卷一百一,晉紀二十三,,,,,,
724,卷一百二,晉紀二十四,,,,,,
725,卷一百三,晉紀二十五,,,,,,
726,卷一百四,晉紀二十六,,,,,,
727,卷一百五,晉紀二十七,,,,,,
728,卷一百六,晉紀二十八,,,,,,
729,卷一百七,晉紀二十九,,,,,,
730,卷一百八,晉紀三十,,,,,,
731,卷一百九,晉紀三十一,,,,,,
732,卷一百一十,晉紀三十二,,,,,,
733,卷一百一十一,晉紀三十三,,,,,,
734,卷一百一十二,晉紀三十四,,,,,,
735,卷一百一十三,晉紀三十五,,,,,,
736,卷一百一十四,晉紀三十六,,,,,,
737,卷一百一十五,晉紀三十七,,,,,,
738,卷一百一十六,晉紀三十八,,,,,,
739,卷一百一十七,晉紀三十九,,,,,,
740,卷一百一十八,晉紀四十,,,,,,
801,卷一百一十九,宋紀一,,,,,,
802,卷一百二十,宋紀二,,,,,,
803,卷一百二十一,宋紀三,,,,,,
804,卷一百二十二,宋紀四,,,,,,
805,卷一百二十三,宋紀五,,,,,,
806,卷一百二十四,宋紀六,,,,,,
807,卷一百二十五,宋紀七,,,,,,
808,卷一百二十六,宋紀八,,,,,,
809,卷一百二十七,宋紀九,,,,,,
810,卷一百二十八,宋紀十,,,,,,
811,卷一百二十九,宋紀十一,,,,,,
812,卷一百三十,宋紀十二,,,,,,
813,卷一百三十一,宋紀十三,,,,,,
814,卷一百三十二,宋紀十四,,,,,,
815,卷一百三十三,宋紀十五,,,,,,
816,卷一百三十四,宋紀十六,,,,,,
901,卷一百三十五,齊紀一,,,,,,
902,卷一百三十六,齊紀二,,,,,,
903,卷一百三十七,齊紀三,,,,,,
904,卷一百三十八,齊紀四,,,,,,
905,卷一百三十九,齊紀五,,,,,,
906,卷一百四十,齊紀六,,,,,,
907,卷一百四十一,齊紀七,,,,,,
908,卷一百四十二,齊紀八,,,,,,
909,卷一百四十三,齊紀九,,,,,,
910,卷一百四十四,齊紀十,,,,,,
1001,卷一百四十五,梁紀一,,,,,,
1002,卷一百四十六,梁紀二,,,,,,
1003,卷一百四十七,梁紀三,,,,,,
1004,卷一百四十八,梁紀四,,,,,,
1005,卷一百四十九,梁紀五,,,,,,
1006,卷一百五十,梁紀六,,,,,,
1007,卷一百五十一,梁紀七,,,,,,
1008,卷一百五十二,梁紀八,,,,,,
1009,卷一百五十三,梁紀九,,,,,,
1010,卷一百五十四,梁紀十,,,,,,
1011,卷一百五十五,梁紀十一,,,,,,
1012,卷一百五十六,梁紀十二,,,,,,
1013,卷一百五十七,梁紀十三,,,,,,
1014,卷一百五十八,梁紀十四,,,,,,
1015,卷一百五十九,梁紀十五,,,,,,
1016,卷一百六十,梁紀十六,,,,,,
1017,卷一百六十一,梁紀十七,,,,,,
1018,卷一百六十二,梁紀十八,,,,,,
1019,卷一百六十三,梁紀十九,,,,,,
1020,卷一百六十四,梁紀二十,,,,,,
1021,卷一百六十五,梁紀二十一,,,,,,
1022,卷一百六十六,梁紀二十二,,,,,,
1101,卷一百六十七,陳紀一,,,,,,
1102,卷一百六十八,陳紀二,,,,,,
1103,卷一百六十九,陳紀三,,,,,,
1104,卷一百七十,陳紀四,,,,,,
1105,卷一百七十一,陳紀五,,,,,,
1106,卷一百七十二,陳紀六,,,,,,
1107,卷一百七十三,陳紀七,,,,,,
1108,卷一百七十四,陳紀八,,,,,,
1109,卷一百七十五,陳紀九,,,,,,
1110,卷一百七十六,陳紀十,,,,,,
1201,卷一百七十七,隋紀一,,,,,,
1202,卷一百七十八,隋紀二,,,,,,
1203,卷一百七十九,隋紀三,,,,,,
1204,卷一百八十,隋紀四,,,,,,
1205,卷一百八十一,隋紀五,,,,,,
1206,卷一百八十二,隋紀六,,,,,,
1207,卷一百八十三,隋紀七,,,,,,
1208,卷一百八十四,隋紀八,,,,,,
1301,卷一百八十五,唐紀一,,,,,,
1302,卷一百八十六,唐紀二,,,,,,
1303,卷一百八十七,唐紀三,,,,,,
1304,卷一百八十八,唐紀四,,,,,,
1305,卷一百八十九,唐紀五,,,,,,
1306,卷一百九十,唐紀六,,,,,,
1307,卷一百九十一,唐紀七,,,,,,
1308,卷一百九十二,唐紀八,,,,,,
1309,卷一百九十三,唐紀九,,,,,,
1310,卷一百九十四,唐紀十,,,,,,
1311,卷一百九十五,唐紀十一,,,,,,
1312,卷一百九十六,唐紀十二,,,,,,
1313,卷一百九十七,唐紀十三,,,,,,
1314,卷一百九十八,唐紀十四,,,,,,
1315,卷一百九十九,唐紀十五,,,,,,
1316,卷二百,唐紀十六,,,,,,
1317,卷二百一,唐紀十七,,,,,,
1318,卷二百二,唐紀十八,,,,,,
1319,卷二百三,唐紀十九,,,,,,
1320,卷二百四,唐紀二十,,,,,,
1321,卷二百五,唐紀二十一,,,,,,
1322,卷二百六,唐紀二十二,,,,,,
1323,卷二百七,唐紀二十三,,,,,,
1324,卷二百八,唐紀二十四,,,,,,
1325,卷二百九,唐紀二十五,,,,,,
1326,卷二百一十,唐紀二十六,,,,,,
1327,卷二百一十一,唐紀二十七,,,,,,
1328,卷二百一十二,唐紀二十八,,,,,,
1329,卷二百一十三,唐紀二十九,,,,,,
1330,卷二百一十四,唐紀三十,,,,,,
1331,卷二百一十五,唐紀三十一,,,,,,
1332,卷二百一十六,唐紀三十二,,,,,,
1333,卷二百一十七,唐紀三十三,,,,,,
1334,卷二百一十八,唐紀三十四,,,,,,
1335,卷二百一十九,唐紀三十五,,,,,,
1336,卷二百二十,唐紀三十六,,,,,,
1337,卷二百二十一,唐紀三十七,,,,,,
1338,卷二百二十二,唐紀三十八,,,,,,
1339,卷二百二十三,唐紀三十九,,,,,,
1340,卷二百二十四,唐紀四十,,,,,,
1341,卷二百二十五,唐紀四十一,,,,,,
1342,卷二百二十六,唐紀四十二,,,,,,
1343,卷二百二十七,唐紀四十三,,,,,,
1344,卷二百二十八,唐紀四十四,,,,,,
1345,卷二百二十九,唐紀四十五,,,,,,
1346,卷二百三十,唐紀四十六,,,,,,
1347,卷二百三十一,唐紀四十七,,,,,,
1348,卷二百三十二,唐紀四十八,,,,,,
1349,卷二百三十三,唐紀四十九,,,,,,
1350,卷二百三十四,唐紀五十,,,,,,
1351,卷二百三十五,唐紀五十一,,,,,,
1352,卷二百三十六,唐紀五十二,,,,,,
1353,卷二百三十七,唐紀五十三,,,,,,
1354,卷二百三十八,唐紀五十四,,,,,,
1355,卷二百三十九,唐紀五十五,,,,,,
1356,卷二百四十,唐紀五十六,,,,,,
1357,卷二百四十一,唐紀五十七,,,,,,
1358,卷二百四十二,唐紀五十八,,,,,,
1359,卷二百四十三,唐紀五十九,,,,,,
1360,卷二百四十四,唐紀六十,,,,,,
1361,卷二百四十五,唐紀六十一,,,,,,
1362,卷二百四十六,唐紀六十二,,,,,,
1363,卷二百四十七,唐紀六十三,,,,,,
1364,卷二百四十八,唐紀六十四,,,,,,
1365,卷二百四十九,唐紀六十五,,,,,,
1366,卷二百五十,唐紀六十六,,,,,,
1367,卷二百五十一,唐紀六十七,,,,,,
1368,卷二百五十二,唐紀六十八,,,,,,
1369,卷二百五十三,唐紀六十九,,,,,,
1370,卷二百五十四,唐紀七十,,,,,,
1371,卷二百五十五,唐紀七十一,,,,,,
1372,卷二百五十六,唐紀七十二,,,,,,
1373,卷二百五十七,唐紀七十三,,,,,,
1374,卷二百五十八,唐紀七十四,,,,,,
1375,卷二百五十九,唐紀七十五,,,,,,
1376,卷二百六十,唐紀七十六,,,,,,
1377,卷二百六十一,唐紀七十七,,,,,,
1378,卷二百六十二,唐紀七十八,,,,,,
1379,卷二百六十三,唐紀七十九,,,,,,
1380,卷二百六十四,唐紀八十,,,,,,
1381,卷二百六十五,唐紀八十一,,,,,,
1401,卷二百六十六,後梁紀一,,,,,,
1402,卷二百六十七,後梁紀二,,,,,,
1403,卷二百六十八,後梁紀三,,,,,,
1404,卷二百六十九,後梁紀四,,,,,,
1405,卷二百七十,後梁紀五,,,,,,
1406,卷二百七十一,後梁紀六,,,,,,
1501,卷二百七十二,後唐紀一,,,,,,
1502,卷二百七十三,後唐紀二,,,,,,
1503,卷二百七十四,後唐紀三,,,,,,
1504,卷二百七十五,後唐紀四,,,,,,
1505,卷二百七十六,後唐紀五,,,,,,
1506,卷二百七十七,後唐紀六,,,,,,
1507,卷二百七十八,後唐紀七,,,,,,
1508,卷二百七十九,後唐紀八,,,,,,
1601,卷二百八十,後晉紀一,,,,,,
1602,卷二百八十一,後晉紀二,,,,,,
1603,卷二百八十二,後晉紀三,,,,,,
1604,卷二百八十三,後晉紀四,,,,,,
1605,卷二百八十四,後晉紀五,,,,,,
1606,卷二百八十五,後晉紀六,,,,,,
1701,卷二百八十六,後漢紀一,,,,,,
1702,卷二百八十七,後漢紀二,,,,,,
1703,卷二百八十八,後漢紀三,,,,,,
1704,卷二百八十九,後漢紀四,,,,,,
1801,卷二百九十,後周紀一,,,,,,
1802,卷二百九十一,後周紀二,,,,,,
1803,卷二百九十二,後周紀三,,,,,,
1804,卷二百九十三,後周紀四,,,,,,
1805,卷二百九十四,後周紀五,,,,,,
10101,卷一,周紀一,三家分晉,初命晉大夫魏斯,豈不哀哉,,,
10102,卷一,周紀一,三家滅智,初，智宣子將以瑤為後,又何失人之足患哉,,,
10103,卷一,周紀一,豫讓復仇,三家分智氏之田,遂殺之,,,
10104,卷一,周紀一,趙魏韓身世,襄子為伯魯之不立也,是為景侯,,,
10105,卷一,周紀一,魏文侯,魏文侯以卜子夏,愿卒為弟子,,,
10106,卷一,周紀一,吳起,吳起者，衛人,是以哭之,,,
10107,卷一,周紀一,至安王五年,燕湣公薨,日有食之,,,
10108,卷一,周紀一,聶政,三月，盜殺韓相俠累,遂死于政尸之旁,,,
10109,卷一,周紀一,至安王十五年,鄭駟子陽之黨弒繻公,取南鄭,,,
10110,卷一,周紀一,魏武侯及吳起去魏,魏文侯薨,而楚之貴戚大臣多怨吳起者,,,
10111,卷一,周紀一,至安王二十五年,秦惠公薨,取茲方,,,
10112,卷一,周紀一,子思仕衛,子思言茍變於衛侯曰,抑亦似君之君臣乎,,,
10113,卷一,周紀一,至烈王六年,魯穆公薨,魏敗趙師於懷,,,
10114,卷一,周紀一,齊威王,齊威王召即墨大夫,是為顯王,,,
10115,卷一,周紀一,韓趙謀魏,魏大夫王錯出奔韓,其國可破也,,,
10201,卷二,周紀二,至顯王七年,齊伐魏,子文公立,,,
10202,卷二,周紀二,秦孝公及商鞅變法,秦獻公薨,趙、齊、宋會於平陸,,,
10203,卷二,周紀二,齊威魏惠論寶,齊威王、魏惠王會田於郊,楚王使景舍救趙,,,
10204,卷二,周紀二,桂陵之戰,齊威王使田忌救趙,魏師大敗,,,
10205,卷二,周紀二,至顯王十八年,韓伐東周,與趙盟漳水上,,,
10206,卷二,周紀二,韓昭侯及申不害變法,韓昭侯以申不害為相,吾必待有功者,,,
10207,卷二,周紀二,至顯王二十六年,秦商鞅筑冀闕宮庭於咸陽,秦孝公使公子少官率師會諸侯於逢澤以朝王,,,
10208,卷二,周紀二,馬陵之戰,魏龐涓伐韓,出奔楚,,,
10209,卷二,周紀二,魏獻河西及商鞅車裂,衛鞅言於秦孝公曰,宋太丘社亡,,,
10210,卷二,周紀二,孟子見梁惠王,鄒人孟軻見魏惠王,所與言之人異故也,,,
10211,卷二,周紀二,至顯王三十六年,秦伐韓,子宣惠王立,,,
10212,卷二,周紀二,蘇秦相六國,初，洛陽人蘇秦說秦王以兼天下之術,車騎輜重擬於王者,,,
10213,卷二,周紀二,至顯王四十八年,齊威王薨,子噲立,,,
10214,卷二,周紀二,孟嘗君,齊王封田嬰於薛,君之國危矣,,,
10301,卷三,周紀三,魏反縱為橫,衛更貶號曰君,子平公旅立,,,
10302,卷三,周紀三,慎靚王崩,巴、蜀相攻擊,子赧王延立,,,
10303,卷三,周紀三,子之之亂,秦人侵義渠,擄其將莊豹,,,
10304,卷三,周紀三,張儀欺楚及丹陽藍田之戰,秦王欲伐齊,割兩城以請平於秦,,,
10305,卷三,周紀三,燕昭王招賢,燕人共立太子平,蜀相殺蜀侯,,,
10306,卷三,周紀三,張儀連橫六國,秦惠王使人告楚懷王,燕王請獻常山之尾五城以和,,,
10307,卷三,周紀三,張儀死及評縱橫家,張儀歸報,非吾徒之才也,,,
10308,卷三,周紀三,宜陽之戰及舉鼎絕臏,秦王使甘茂誅蜀相莊,實宣太后,,,
10309,卷三,周紀三,胡服騎射,趙武靈王北略中山之地,而招騎射焉,,,
10310,卷三,周紀三,宣太后外戚及武靈王傳國,秦昭王使向壽平宜陽,秦人大驚,,,
10311,卷三,周紀三,楚懷王被囚,齊王、魏王會于韓,楚人立之,,,
10312,卷三,周紀三,雞鳴狗盜,秦王聞孟嘗君之賢,孟嘗君乃得脫歸,,,
10313,卷三,周紀三,公孫龍受絀,楚人告於秦曰,公孫龍由是遂絀,,,
10401,卷四,周紀四,至赧王二十年,楚懷王亡歸,酺五日,,,
10402,卷四,周紀四,沙丘之亂,趙主父封其長子章於代,故亂起,,,
10403,卷四,周紀四,論秦欺楚,秦樓緩免相,是其所以危也,,,
10404,卷四,周紀四,桀宋滅亡,秦魏冉謝病免,死於溫,,,
10405,卷四,周紀四,樂毅伐齊,秦王會楚王於宛,不善擇者人制之,,,
10406,卷四,周紀四,殺淖齒立齊襄,樂毅聞畫邑人王蠋賢,王已立在莒矣,,,
10407,卷四,周紀四,完璧歸趙,趙王得楚和氏璧,趙王以相如為上大夫,,,
10408,卷四,周紀四,至赧王三十六年,衛嗣君薨,取鄢、鄧、西陵,,,
10409,卷四,周紀四,澠池之會,秦王使使者告趙王,遂為刎頸之交,,,
10410,卷四,周紀四,田單復國,初，燕人攻安平,君王后亦不以不見故失人子之禮,,,
10411,卷四,周紀四,樂毅田單後事,趙王封樂毅於觀津,狄人乃下,,,
10412,卷四,周紀四,至赧王四十一年,初，齊湣王既滅宋,子頃公讎立,,,
10413,卷四,周紀四,華陽之戰,趙人、魏人伐韓華陽,子桓惠王立,,,
10414,卷四,周紀四,春申連秦楚,韓、魏既服於秦,約親於楚,,,
10501,卷五,周紀五,閼與之戰,楚以左徒黃歇侍太子完為質於秦,以許歷爲國尉,,,
10502,卷五,周紀五,遠交進攻,穰侯言客卿竈於秦王,與謀兵事,,,
10503,卷五,周紀五,范雎用事,秦中更胡傷攻趙閼與,雎真傾危之士哉,,,
10504,卷五,周紀五,觸龍說趙太后,秦王以子安國君為太子,秦師退,,,
10505,卷五,周紀五,春申歸楚,齊安平君田單將趙師以伐燕,楚人納州於秦以平,,,
10506,卷五,周紀五,長平之戰,武安君伐韓,趙人大震,,,
10507,卷五,周紀五,應侯武安構隙,十月，武安君分軍為三,武安君由是與應侯有隙,,,
10508,卷五,周紀五,虞卿拒事秦,趙王將使趙郝約事於秦,趙王封虞卿以一城,,,
10509,卷五,周紀五,子順相魏,秦之始伐趙也,天下其盡爲秦乎,,,
10510,卷五,周紀五,范雎報仇,秦王欲爲應侯必報其仇,不任行,,,
10511,卷五,周紀五,邯鄲之戰起,正月，王陵攻邯鄲,乃以王齕代王陵,,,
10512,卷五,周紀五,毛遂自薦,趙王使平原君求救於楚,魏王亦使將軍晉鄙將兵十萬救趙,,,
10513,卷五,周紀五,義不帝秦,秦王使謂魏王曰,不敢復言帝秦矣,,,
10514,卷五,周紀五,竊符救趙,燕武成王薨,終身不復見,,,
10515,卷五,周紀五,呂不韋獻趙姬,秦太子之妃曰華陽夫人,因更其名曰楚,,,
10516,卷五,周紀五,周赧王崩,秦將軍摎伐韓,赧王崩,,,
20101,卷六,秦紀一,蔡澤上任,河東守王稽坐與諸侯通,澤爲相數月，免,,,
20102,卷六,秦紀一,荀子議兵,楚春申君以荀卿爲蘭陵令,非爭奪也,,,
20103,卷六,秦紀一,至昭襄王五十六年,燕孝王薨,韓王縗絰入弔祠,,,
20104,卷六,秦紀一,鄗代之戰,燕王喜使栗腹約歡於趙,趙師乃解去,,,
20105,卷六,秦紀一,魯仲連避祿,趙平原君卒,則自然也,,,
20106,卷六,秦紀一,至莊襄王三年,呂不韋爲相國,初置太原郡,,,
20107,卷六,秦紀一,信陵歸魏,蒙驁帥師伐魏,抑之而還,,,
20108,卷六,秦紀一,縮高死國,安陵人縮高之子仕於秦,請再拜辭罪,,,
20109,卷六,秦紀一,信陵餘年及始皇初立,王使人行萬金於魏以間信陵君,蒙驁擊定之,,,
20110,卷六,秦紀一,鄭國渠,韓欲疲秦人,關中由是益富饒,,,
20111,卷六,秦紀一,廉頗老矣,麃公將卒攻卷,取十二城,,,
20112,卷六,秦紀一,李牧破匈奴及諸戎狄故事,趙王以李牧爲將,及戰國之末而匈奴始大,,,
20113,卷六,秦紀一,至始皇帝九年,春，蒙驁伐魏,取衍氏,,,
20114,卷六,秦紀一,嫪毐之亂,初，王即位，年少,復爲母子如初,,,
20115,卷六,秦紀一,李園進妹,楚考列王無子,何其益乎,,,
20116,卷六,秦紀一,諫逐客書,王以文信侯奉先王功大,卒兼天下,,,
20117,卷六,秦紀一,至始皇帝十四年,趙人伐燕,取宜安、平陽、武城,,,
20118,卷六,秦紀一,殺韓非,韓王納地效璽,烏足愍哉,,,
20119,卷六,秦紀一,至始皇帝十九年,王大興師伐趙,子假立,,,
20120,卷六,秦紀一,刺秦上,燕太子丹怨王,使入秦,,,
20201,卷七,秦紀二,刺秦下,荊軻至咸陽,王復進兵攻之,,,
20202,卷七,秦紀二,秦滅魏,王賁伐楚,王義而許之,,,
20203,卷七,秦紀二,秦滅楚,李信攻平輿,以其地置楚郡,,,
20204,卷七,秦紀二,滅燕趙定百越,大興兵,天下大酺,,,
20205,卷七,秦紀二,秦滅齊,初，齊君王后賢,豈不悖哉,,,
20206,卷七,秦紀二,初為皇帝,王初并天下,治馳道於天下,,,
20207,卷七,秦紀二,東巡,始皇東行郡、縣,遂自南郡由武關歸,,,
20208,卷七,秦紀二,築長城,初，韓人張良,築長城及處南越地,,,
20209,卷七,秦紀二,焚書建阿房,丞相李斯上書曰,皆復不事十歲,,,
20210,卷七,秦紀二,坑方士,盧生說始皇曰,使扶蘇北監蒙恬軍於上郡,,,
20211,卷七,秦紀二,始皇病,有隕石於東郡,至平原津而病,,,
20212,卷七,秦紀二,始皇死,始皇惡言死,太子胡亥襲位,,,
20213,卷七,秦紀二,始皇後事,九月，葬始皇於驪山,斯亦足稱也,,,
20214,卷七,秦紀二,二世屠宗室,冬，十月，戊寅，大赦,咸陽三百里內不得食其谷,,,
20215,卷七,秦紀二,陳勝王,秋，七月,號張楚,,,
20216,卷七,秦紀二,陳勝驕,當是時,先生無累焉,,,
20217,卷七,秦紀二,攻秦敗割據成,周文行收兵至關,狄人田儋起兵於齊,,,
20218,卷七,秦紀二,劉邦早年,劉邦，字季,以應諸侯,,,
20219,卷七,秦紀二,項羽早年,項梁者,籍是時年二十四,,,
20220,卷七,秦紀二,六國復立,田儋者,衛絕嗣,,,
20301,卷八,秦紀三,陳勝敗,冬，十月，泗川監平將兵圍沛公於豐,此其所以敗也,,,
20302,卷八,秦紀三,群雄并起,陳王故涓人將軍呂臣為蒼頭軍,終不肯出兵,,,
20303,卷八,秦紀三,腰斬李斯,郎中令趙高恃恩專恣,事無大小皆決焉,,,
20304,卷八,秦紀三,定陶之戰至鉅鹿之戰,項梁已破章邯於東阿,諸侯皆屬焉,,,
20305,卷八,秦紀三,章邯降楚,於是趙王歇及張耳乃得出鉅鹿城謝諸侯,引兵從項羽,,,
20306,卷八,秦紀三,望夷宮之變,初，中丞相趙高欲專秦權,以黔首葬二世社南宜春苑中,,,
20307,卷八,秦紀三,立子嬰,九月，趙高令子嬰齋戒,秦兵大敗,,,
30101,卷九,漢紀一,秦亡及約法三章,冬，十月，沛公至霸上,於是楚軍夜擊阬秦卒二十餘萬人新安城南,,,
30102,卷九,漢紀一,鴻門宴,或說沛公曰,立誅殺曹無傷,,,
30103,卷九,漢紀一,火燒阿房及十八諸侯,居數日,封十萬戶侯,,,
30104,卷九,漢紀一,諸侯就國,漢王怒,又殺之,,,
30105,卷九,漢紀一,韓信拜將,初，淮陰人韓信,給軍糧食,,,
30106,卷九,漢紀一,殺義帝及暗度陳倉,八月，漢王引兵從故道出，襲雍,置河內郡,,,
30107,卷九,漢紀一,陳平歸漢及彭城之戰,初，陽武人陳平,翟王翳亡降楚,,,
30108,卷九,漢紀一,漢軍滎陽,田橫進攻田假,以取敖倉粟,,,
30109,卷九,漢紀一,韓信下魏破代,周勃、灌嬰等言於漢王曰,漢輒使人收其精兵詣滎陽以距楚,,,
30201,卷十,漢紀二,韓信滅趙,冬，十月，韓信、張耳以兵數萬東擊趙,發兵詣漢,,,
30202,卷十,漢紀二,收英布,甲戌晦，日有食之,與俱屯成皋,,,
30203,卷十,漢紀二,罷立六國及立策決勝之術,楚數侵奪漢甬道,設策之機也,,,
30204,卷十,漢紀二,離間范增及滎陽之圍,漢王謂陳平曰,因殺魏豹,,,
30205,卷十,漢紀二,楚漢對峙,漢王出滎陽,乃復謀取敖倉,,,
30206,卷十,漢紀二,烹酈生,食其又說王曰,將軍田既軍於膠東,,,
30207,卷十,漢紀二,廣武對話,楚大司馬咎守成皋,因馳入成皋,,,
30208,卷十,漢紀二,漢定三齊,韓信已定臨淄,軍廣武,,,
30209,卷十,漢紀二,拒三分蒯徹佯狂,韓信使人言漢王曰,佯狂爲巫,,,
30210,卷十,漢紀二,鴻溝之盟,秋，七月，立黥布爲淮南王,漢王從之,,,
30301,卷十一,漢紀三,垓下之戰,冬，十月，漢王追項羽至固陵,天曷故焉,,,
30302,卷十一,漢紀三,劉邦稱帝,漢王還,勿事,,,
30303,卷十一,漢紀三,論三杰及韓信還鄉,帝置酒洛陽南宮,故忍而就此,,,
30304,卷十一,漢紀三,田橫島,彭越既受漢封,亦皆自殺,,,
30305,卷十一,漢紀三,戮丁公,初，楚人季布為項籍將,宜矣,,,
30306,卷十一,漢紀三,定都關中及張良隱退,齊人婁敬戍隴西,子房有焉,,,
30307,卷十一,漢紀三,擒韓信,六月，壬辰，大赦天下,非人力也,,,
30308,卷十一,漢紀三,封功臣,甲申，始剖符封諸功臣為徹侯,尊太公為太上皇,,,
30309,卷十一,漢紀三,冒頓興韓王叛,初，匈奴畏秦,至晉陽,,,
30310,卷十一,漢紀三,叔孫通制禮,帝悉去秦苛儀,惡肯毀其規矩、準繩以趨一時之功哉,,,
30311,卷十一,漢紀三,白登之圍,上自將擊韓王信,輒益封邑焉,,,
30312,卷十一,漢紀三,貫高欲反及治未央宮,十二月，上還，過趙,帝行如洛陽,,,
30401,卷十二,漢紀四,劉敬和親匈奴,冬，上東擊韓王信餘寇於東垣,上行如洛陽,,,
30402,卷十二,漢紀四,貫高下獄,貫高怨家知其謀,上盡拜為郡守、諸侯相,,,
30403,卷十二,漢紀四,周昌相趙王如意,夏，六月,而以堯代昌為御史大夫,,,
30404,卷十二,漢紀四,敗陳豨,初，上以陽夏侯陳豨為相國,於是陳豨軍遂敗,,,
30405,卷十二,漢紀四,誅韓信,淮陰侯信稱病,置之,,,
30406,卷十二,漢紀四,誅彭越,立子恒為代王,行自洛陽至,,,
30407,卷十二,漢紀四,南越王趙佗,五月，詔立秦南海尉趙佗為南粵王,號其書曰《新語》,,,
30408,卷十二,漢紀四,誅英布,帝有疾,番陽人殺布茲鄉民田舍,,,
30409,卷十二,漢紀四,治罪蕭何,周勃悉定代郡、雁門、云中地,欲令百姓聞吾過也,,,
30410,卷十二,漢紀四,盧綰亡劉邦死,陳豨之反也,遂亡入匈奴,,,
30411,卷十二,漢紀四,赦樊噲,五月，丙寅,復爵邑,,,
30412,卷十二,漢紀四,人彘,太后令永巷囚戚夫人,可謂篤於小仁而未知大誼也,,,
30413,卷十二,漢紀四,蕭規曹隨,徙淮陽王友為趙王,民以寧壹,,,
30414,卷十二,漢紀四,呂后和親匈奴及張氏重親,春，發長安六百里內男女十四萬六千人城長安,故以配帝,,,
30415,卷十二,漢紀四,惠帝崩,春，正月,太后臨朝稱制,,,
30501,卷十三,漢紀五,立諸呂,冬，太后議欲立諸呂為王,太后封女弟嬃為臨光侯,,,
30502,卷十三,漢紀五,立後少帝,少帝浸長,略二千餘人,,,
30503,卷十三,漢紀五,諸呂為王后,春，正月，太后召趙幽王友,廢其嗣,,,
30504,卷十三,漢紀五,朱虛立威及平勃調和,是時，諸呂擅權用事,錢五百萬遺陸生為飲食費,,,
30505,卷十三,漢紀五,呂后崩,太后使使告代王,以左丞相審食其為帝太傅,,,
30506,卷十三,漢紀五,平定諸呂,諸呂欲為亂,誼存君親可也,,,
30507,卷十三,漢紀五,迎立文帝,諸大臣相與陰謀曰,下詔書赦天下,,,
30508,卷十三,漢紀五,文帝初治國,冬，十月，庚戌，徙瑯邪王澤為燕王,左丞相平專為丞相,,,
30509,卷十三,漢紀五,南越復稱臣,初，隆慮侯竈擊南越,不敢為帝矣,,,
30510,卷十三,漢紀五,舉賈誼及賈山進言,齊哀王襄薨,上嘉納其言,,,
30511,卷十三,漢紀五,袁盎賈誼進言,上每朝,竊為陛下惜之,,,
30512,卷十三,漢紀五,至文帝前元二年,上感誼言,燕敬王澤薨,,,
30601,卷十四,漢紀六,劉長殺人及劉興居反,冬，十月，丁酉晦,濟北王興居兵敗，自殺,,,
30602,卷十四,漢紀六,張釋之,初，南陽張釋之為騎郎,帝乃白太后許之,,,
30603,卷十四,漢紀六,開私鑄,冬，十二月，潁陰侯灌嬰薨,上不聽,,,
30604,卷十四,漢紀六,淮南王死,是時，太中大夫鄧通方寵幸,置守冢三十戶,,,
30605,卷十四,漢紀六,中行說赴匈奴,匈奴單于遣漢書曰,以騎馳蹂而稼穡耳,,,
30606,卷十四,漢紀六,賈誼上疏,梁太傅賈誼上疏曰,不受刑,,,
30607,卷十四,漢紀六,薄昭死,冬，十月，令列侯太夫人,將慎之於始乎,,,
30701,卷十五,漢紀七,賈誼死,冬，十一月，上行幸代,死時年三十三矣,,,
30702,卷十五,漢紀七,晁錯論匈奴,徙城陽王喜為淮南王,太子家號曰“智囊”,,,
30703,卷十五,漢紀七,晁錯論務農,冬，十二月，河決酸棗,其賜農民今年租稅之半,,,
30704,卷十五,漢紀七,緹縈救父天下刑錯,春，二月，甲寅，詔曰,其除田之租稅,,,
30705,卷十五,漢紀七,擊匈奴及馮唐持節,冬，匈奴老上單于十四萬騎入朝那、蕭關,而拜唐為車騎都尉,,,
30706,卷十五,漢紀七,改元及誅新垣平,春，詔廣增諸祀壇場、珪幣,不往焉,,,
30707,卷十五,漢紀七,申屠嘉辱鄧通,春，三月，孝惠皇后張氏薨,丞相幾殺臣,,,
30708,卷十五,漢紀七,細柳營,春，二月，上行幸代,乃拜周亞夫為中尉,,,
30709,卷十五,漢紀七,漢文帝崩,夏，四月，大旱，蝗,皇后曰皇太后,,,
30710,卷十五,漢紀七,申屠嘉氣死及梁王恃寵,九月，有星孛於西方,與漢宦官無異,,,
30801,卷十六,漢紀八,博局斗毆及議削藩,冬，十月，梁王來朝,削其六縣,,,
30802,卷十六,漢紀八,七國之亂起,廷臣方議削吳,梁王城守睢陽,,,
30803,卷十六,漢紀八,腰斬晁錯,初，文帝且崩,吾亦恨之,,,
30804,卷十六,漢紀八,七國之亂平,袁盎、劉通至吳,王遂自殺,,,
30805,卷十六,漢紀八,七國之亂後,帝以齊首善,王江北,,,
30806,卷十六,漢紀八,改立劉徹,春，正月，作陽陵邑,立膠東王徹為皇太子,,,
30807,卷十六,漢紀八,郅都執法及刺殺袁盎,是歲，以太仆劉舍為御史大夫,擢為魯相,,,
30808,卷十六,漢紀八,雙標封侯及梁孝王死,冬，十一月，罷諸侯御史大夫官,他物稱是,,,
30809,卷十六,漢紀八,李廣斗匈奴,上既減笞法,李廣乃歸其大軍,,,
30810,卷十六,漢紀八,周亞夫餓死,秋，七月，辛亥晦,歐血而死,,,
30811,卷十六,漢紀八,漢景帝崩,是歲，濟陰哀王不識薨,財力耗矣,,,
30901,卷十七,漢紀九,董仲舒罷黜百家,冬，十月，詔舉賢良方正直言極諫之士,民知所從矣,,,
30902,卷十七,漢紀九,黃老儒術之爭,天子善其對,申公亦以疾免歸,,,
30903,卷十七,漢紀九,萬石君及竇田易勢,初，景帝以太子太傅石奮及四子皆二千石,以太常柏至侯許昌為丞相,,,
30904,卷十七,漢紀九,衛子夫衛青得寵,初，堂邑侯陳午尚帝姑館陶公主嫖,青為太中大夫,,,
30905,卷十七,漢紀九,閩越擊東甌,夏，四月，有星如日，夜出,日有食之,,,
30906,卷十七,漢紀九,武帝微行及起上林苑,上自初即位,上善之,,,
30907,卷十七,漢紀九,田蚡囂張及劉安論百越,夏，有風赤如血,臣安竊恐將吏之以十萬之師為一使之任也,,,
30908,卷十七,漢紀九,閩越雙王,是時，漢兵遂出,韓安國為御史大夫,,,
30909,卷十七,漢紀九,汲黯,東海太守濮陽汲黯為主爵都尉,近之矣,,,
30910,卷十七,漢紀九,李廣程不識治軍簡繁論,匈奴來請和親,日有食之,,,
31001,卷十八,漢紀十,李少君求仙,冬，十月，上行幸雍,於是天子立其祠長安東南郊,,,
31002,卷十八,漢紀十,馬邑之謀,雁門馬邑豪聶壹,漢亦關市不絕以中其意,,,
31003,卷十八,漢紀十,竇嬰田蚡駢死,春，河水徙,使武安侯在者，族矣,,,
31004,卷十八,漢紀十,韓安國蹇及河間獻王死,夏，四月，隕霜殺草,河間獻王近之矣,,,
31005,卷十八,漢紀十,開發夜郎,初，王恢之討東越也,大風拔木,,,
31006,卷十八,漢紀十,長門宮及主人翁,女巫楚服等教陳皇后祠祭厭勝,公主、貴人多逾禮制矣,,,
31007,卷十八,漢紀十,公孫弘,上以張湯為太中大夫,上益厚遇之,,,
31008,卷十八,漢紀十,龍城之戰及飛將軍,冬，初算商車,青斬首虜數千人,,,
31009,卷十八,漢紀十,主父偃嚴安徐樂上書,東夷薉君南閭等共二十八萬人降,死即五鼎烹耳,,,
31010,卷十八,漢紀十,推恩令及河南之戰,冬，賜淮南王几杖,募民徙朔方十萬口,,,
31011,卷十八,漢紀十,誅郭解,主父偃說上曰，茂陵初立,則風俗定而大化成矣,,,
31012,卷十八,漢紀十,族主父偃,燕王定國與父康王姬姦,乃遂族主父偃,,,
31013,卷十八,漢紀十,張騫初歸,張歐免,殺略數千人,,,
31101,卷十九,漢紀十一,公孫弘報私仇,冬，十一月，乙丑，薛澤免,春，大旱,,,
31102,卷十九,漢紀十一,漠南之戰及敬汲黯,匈奴右賢王數侵擾朔方,其見敬禮如此,,,
31103,卷十九,漢紀十一,淮南衡山反謀,夏，六月，詔曰,上賜書不朝,,,
31104,卷十九,漢紀十一,霍去病出山及武功爵,春，二月，大將軍青出定襄,官職耗廢矣,,,
31105,卷十九,漢紀十一,平淮南衡山王,冬，十月，上行幸雍，祠五畤，獲獸,死者數萬人,,,
31106,卷十九,漢紀十一,張騫首次出使西域歸國,夏，四月，赦天下,廷尉張湯為御史大夫,,,
31107,卷十九,漢紀十一,河西之戰,霍去病為票騎將軍,殺略數百人,,,
31108,卷十九,漢紀十一,渾邪王降漢,江都王建與其父易王所幸淖姬等及女弟徵臣姦,故賜日磾姓金氏,,,
31109,卷十九,漢紀十一,神馬漢樂府及鹽鐵官營,春，有星孛於東方,咸指怨湯,,,
31110,卷十九,漢紀十一,卜式捐款及漠北之戰,初，河南人卜式,軍吏卒皆無封侯者,,,
31111,卷十九,漢紀十一,衛霍為人及酷吏橫行,兩軍之出塞,於是誅文成將軍而隱之,,,
31201,卷二十,漢紀十二,汲黯卒及殺義縱,春，三月，甲午,棄縱市,,,
31202,卷二十,漢紀十二,霍去病死,郎中令李敢,稍遷至奉車都尉、光祿大夫,,,
31203,卷二十,漢紀十二,顏異腹誹及張湯死,是歲，大農令顏異誅,丞相青翟下獄，自殺,,,
31204,卷二十,漢紀十二,三官五銖及張騫復出使,春，起柏梁臺,近者數歲而反,,,
31205,卷二十,漢紀十二,幸欒大及得鼎,冬，徙函谷關於新安,立常山憲王子商為泗水王,,,
31206,卷二十,漢紀十二,兒寬緩刑罰,初，條侯周亞夫為丞相,上由此愈奇寬,,,
31207,卷二十,漢紀十二,南越內屬及祠太一,初，南越文王遣其子嬰齊入宿衛,請三歲天子一郊見，詔從之,,,
31208,卷二十,漢紀十二,呂嘉之亂及酎金失侯,南越王、王太后飭治行裝,及越降將蒼梧王趙光等四人皆為侯,,,
31209,卷二十,漢紀十二,西南夷臣屬及東越反,公孫卿候神河南,以擊東越,,,
31210,卷二十,漢紀十二,預備封禪及平東越,博望侯既以通西域尊貴,遂虛其地,,,
31211,卷二十,漢紀十二,封禪泰山,春，正月，上行幸緱氏,齊懷王閎薨，無子，國除,,,
31301,卷二十一,漢紀十三,武帝求仙及征朝鮮,冬，十月，上行幸雍，祠五畤,以討朝鮮,,,
31302,卷二十一,漢紀十三,滅滇國及破樓蘭,初，上使王然于以越破及誅南夷兵威喻滇王入朝,初作角抵戲、魚龍曼延之屬,,,
31303,卷二十一,漢紀十三,滅朝鮮,漢兵入朝鮮境,欲居九夷，有以也夫,,,
31304,卷二十一,漢紀十三,匈奴假和親及名臣欲盡,秋，七月，膠西于王端薨,其令州、郡察吏、民有茂才、異等可為將、相及使絕國者、,,,
31305,卷二十一,漢紀十三,和親烏孫及大撒幣,冬，上行幸回中,待之過于漢使焉,,,
31306,卷二十一,漢紀十三,作建章宮及定太初歷,是歲，匈奴烏維單于死,秋，八月，上行幸安定,,,
31307,卷二十一,漢紀十三,懼征大宛,漢使入西域者言,貳師恐，因留敦煌,,,
31308,卷二十一,漢紀十三,趙破奴被擒,上猶以受降城去匈奴遠,罔亦少密焉,,,
31309,卷二十一,漢紀十三,復征大宛,漢既亡浞野之兵,歲獻天馬二匹,,,
31310,卷二十一,漢紀十三,蘇武牧羊,秋，起明光宮,各置他所,,,
31311,卷二十一,漢紀十三,浚稽山之戰,天雨白氂,乃遣使勞賜陵餘軍得脫者,,,
31312,卷二十一,漢紀十三,直指繡衣使者,上以法制御下,漢兵不利，引去,,,
31401,卷二十二,漢紀十四,族李陵家及命堯母門,春，二月，王卿有罪自殺,卒成巫蠱之禍，悲夫,,,
31402,卷二十二,漢紀十四,重江充及巫蠱之禍起,趙人江充為水衡都尉,上行幸甘泉,,,
31403,卷二十二,漢紀十四,戾太子,初，上年二十九乃生戾太子,宜太子之不終也,,,
31404,卷二十二,漢紀十四,李廣利降匈奴,癸亥，地震,宗族遂滅,,,
31405,卷二十二,漢紀十四,輪臺詔及富民侯,秋，蝗,其無三代之臣乎,,,
31406,卷二十二,漢紀十四,金日磾救駕及殺趙婕妤,秋，八月，辛酉晦，日有食之,二月，行幸盩厔，五柞宮,,,
31407,卷二十二,漢紀十四,漢武帝托孤,上病篤，霍光泣涕問曰,此其所以有亡秦之失而免亡秦之禍乎,,,
31408,卷二十二,漢紀十四,漢昭帝即位,戊辰，太子即皇帝位,左將軍桀行北邊,,,
31501,卷二十三,漢紀十五,燕王旦反及托孤臣侯,夏，益州夷二十四邑、三萬餘人皆反,毋令民出今年田租,,,
31502,卷二十三,漢紀十五,匈奴中衰及上官皇后,初，武帝征伐匈奴,無在位者,,,
31503,卷二十三,漢紀十五,成方遂及鹽鐵之議,有男子乘黃犢車詣北闕,於是鹽鐵之議起焉,,,
31504,卷二十三,漢紀十五,蘇武歸國李陵死,初，蘇武既徙北海上,遂死於匈奴,,,
31505,卷二十三,漢紀十五,燕蓋之亂,夏，旱,乃擢義子延壽為諫大夫,,,
31506,卷二十三,漢紀十五,眭弘預言及漢匈張掖之役,大將軍光以朝無舊臣,匈奴不敢入張掖,,,
31507,卷二十三,漢紀十五,侯史吳案及擊烏桓,燕、蓋之亂,不能復出兵,,,
31508,卷二十三,漢紀十五,傅介子刺樓蘭王,春，正月，丁亥，帝加元服,少府河內蔡義為御史大夫,,,
31601,卷二十四,漢紀十六,立劉賀,春，二月，詔減口賦錢十三,葬孝昭皇帝於平陵,,,
31602,卷二十四,漢紀十六,廢劉賀,昌邑王既立,遷勝長信少府，賜爵關內侯,,,
31603,卷二十四,漢紀十六,漢宣帝身世及即位,初，衛太子納魯國史良娣,尊皇太后為太皇太后,,,
31604,卷二十四,漢紀十六,霍氏專權,侍御史嚴延年劾奏“大將軍光擅廢立主,禮下之已甚,,,
31605,卷二十四,漢紀十六,定謚立廟,夏，四月，庚午，地震,系再更冬，講論不怠,,,
31606,卷二十四,漢紀十六,聯烏抗匈及毒殺許后,初，烏孫公主死,而邊境少事矣,,,
31607,卷二十四,漢紀十六,良吏盛,是歲，潁川太守趙廣漢為京兆尹,民自以不冤,,,
31608,卷二十四,漢紀十六,霍光死,春，霍光病篤,皆從其議,,,
31609,卷二十四,漢紀十六,孝宣中興,帝興於閭閻,遂南降漢,,,
31701,卷二十五,漢紀十七,立太子劉奭,春，三月，詔曰,廣由是見器重,,,
31702,卷二十五,漢紀十七,侵削霍氏,京師大雨雹,悉易以所親信許、史子弟代之,,,
31703,卷二十五,漢紀十七,尚德緩刑書,初，孝武之世，征發煩數,則廷平將召權而為亂首矣,,,
31704,卷二十五,漢紀十七,五爭車師,昭帝時，匈奴使四千騎田車師,立廣川惠王孫文為廣川王,,,
31705,卷二十五,漢紀十七,霍禹之亂,霍顯及禹、山、雲自見日侵削,孝宣亦少恩哉,,,
31706,卷二十五,漢紀十七,龔遂治勃海及龜茲來朝,九月，詔減天下鹽賈,夫人號稱公主，賞賜甚厚,,,
31707,卷二十五,漢紀十七,趙廣漢腰斬及尹翁歸升遷,初作杜陵,故尤得名譽於朝廷,,,
31708,卷二十五,漢紀十七,斬莎車王,初，烏孫公主少子萬年有寵於莎車王,以奉世為光祿大夫,,,
31709,卷二十五,漢紀十七,棄車師,春，正月，赦天下,使護鄯善以西南道,,,
31710,卷二十五,漢紀十七,賢臣輩出及海昏侯,魏相好觀漢故事及便宜章奏,春，三月，詔封故昌邑王賀為海昏侯,,,
31711,卷二十五,漢紀十七,漢宣帝報恩及諸羌叛亂,乙未，詔曰：“朕微眇時,榖石五錢,,,
31801,卷二十六,漢紀十八,聖主得賢臣頌,春，正月，上始行幸城甘泉,吉遂謝病歸,,,
31802,卷二十六,漢紀十八,趙充國征西羌,義渠安國至羌中,徼其疲劇，乃擊之,,,
31803,卷二十六,漢紀十八,辛武賢之爭,時上已發內郡兵屯邊者合六萬人矣,從充國計焉,,,
31804,卷二十六,漢紀十八,趙充國屯田,充國乃引兵至先零在所,獨充國留屯田,,,
31805,卷二十六,漢紀十八,平西羌及蓋寬饒死,大司農朱邑卒,眾莫不憐之,,,
31806,卷二十六,漢紀十八,日逐王降漢及西域都護,匈奴虛閭權渠單于將十餘萬騎旁塞獵,握衍朐鞮單于更立其從兄薄胥堂為日逐王,,,
31807,卷二十六,漢紀十八,劉相夫和親止及韓延壽,烏孫昆彌翁歸靡因長羅侯常惠上書,失亡數千人，不勝,,,
31901,卷二十七,漢紀十九,黃霸升遷及嚴延年誅,春，二月，以鳳凰、甘露降集京師，赦天下,東海莫不賢智其母,,,
31902,卷二十七,漢紀十九,五單于爭立,匈奴握衍朐鞮單于暴虐,乙酉朔，日有食之,,,
31903,卷二十七,漢紀十九,漢臣鬥朝廷及匈奴鬥單于,韓延壽代蕭望之為左馮翊,豈虛虖哉,,,
31904,卷二十七,漢紀十九,黃霸拜相及常平倉,二月，壬辰，黃霸為丞相,上乃下詔賜壽昌爵關內侯,,,
31905,卷二十七,漢紀十九,楊惲死張敞活,夏，四月，辛丑朔，日有食之,敞到部，盜賊屏跡,,,
31906,卷二十七,漢紀十九,太子位安及匈奴欲附,皇太子柔仁好儒,上素服五日,,,
31907,卷二十七,漢紀十九,烏孫大小昆彌並立,烏孫狂王復尚楚主解憂,然眾心皆附小昆彌,,,
31908,卷二十七,漢紀十九,呼韓邪單于來朝,春，正月，立皇子囂為定陶王,咸尊漢矣,,,
31909,卷二十七,漢紀十九,麒麟閣十一功臣及石渠閣會議,上以戎狄賓服,榖梁春秋博士,,,
31910,卷二十七,漢紀十九,解憂歸國及漢成帝生,烏孫大昆彌元貴靡及鴟靡皆病死,常置左右,,,
31911,卷二十七,漢紀十九,漢宣帝崩,夏，廣川王海陽坐禽獸行 ,皇后曰皇太后 ,,,
32001,卷二十八,漢紀二十,貢禹諫節儉,春，正月，辛丑，葬孝宣皇帝於杜陵,為罪愈大矣,,,
32002,卷二十八,漢紀二十,蕭史黨爭,匈奴呼韓邪單于復上書,石顯為中書令,,,
32003,卷二十八,漢紀二十,棄珠厓及貢禹用事,初，武帝滅南越,多采用之,,,
32004,卷二十八,漢紀二十,谷吉送死及郅支聯康居,匈奴郅支單于自以道遠,西邊空虛不居者五千里,,,
32005,卷二十八,漢紀二十,薛廣德懸車及孔霸拒相,冬，十二月，丁未，貢禹卒,戊子，侍中、衛尉王接為大司馬、車騎將軍,,,
32006,卷二十八,漢紀二十,劉向諫遠小人,石顯憚周堪、張猛等,愈與許、史比而怨更生等,,,
32007,卷二十八,漢紀二十,諸葛豐免及賈捐之誅,是歲，夏寒，日青無光,況捐之以邪攻邪，其能免乎,,,
32008,卷二十八,漢紀二十,匡衡論災變,徙清河王竟為中山王,如此之比，宜為赦矣,,,
32009,卷二十八,漢紀二十,馮奉世平彡姐羌,秋，七月，隴西羌彡姐旁種反,備要害處,,,
32101,卷二十九,漢紀二十一,張猛死及宗廟罷,春，二月，馮奉世還京師,用韋玄成等之議也,,,
32102,卷二十九,漢紀二十一,匡衡諫定太子,上好儒術、文辭,正家而天下定矣,,,
32103,卷二十九,漢紀二十一,馮媛擋熊,初，武帝既塞宣房,立皇子興為信都王,,,
32104,卷二十九,漢紀二十一,京房諫罷石顯,東郡京房學《易》於梁人焦延壽,孝元之謂矣,,,
32105,卷二十九,漢紀二十一,京房棄市,上令房上弟子曉知考功、課吏事者,髡為城旦,,,
32106,卷二十九,漢紀二十一,石顯弄權,石顯威權日盛,如斯而已矣,,,
32107,卷二十九,漢紀二十一,郅支之戰,八月，癸亥，以光祿勛匡衡為御史大夫,群臣上壽，置酒,,,
32108,卷二十九,漢紀二十一,太子不悌及復宗廟,六月，甲申，中山哀王竟薨,徙濟陽王康為山陽王,,,
32109,卷二十九,漢紀二十一,昭君出塞,匈奴呼韓邪單于聞郅支既誅,為右日逐王,,,
32110,卷二十九,漢紀二十一,止馮野王及召父治民,皇太子冠,孝昭太后寢園,,,
32111,卷二十九,漢紀二十一,議封陳湯甘延壽,初，中書令石顯嘗欲以姐妻甘延壽,權其輕重而為之制宜焉,,,
32112,卷二十九,漢紀二十一,定嗣及漢元帝崩,初，太子少好經書，寬博謹慎,上敬納其言,,,
32201,卷三十,漢紀二十二,石顯失勢及王氏封侯,春，正月，乙丑，悼考廟災,上優詔不許,,,
32202,卷三十,漢紀二十二,九女之制及呼韓邪死,御史中丞東海薛宣上書曰,小女為當于居次,,,
32203,卷三十,漢紀二十二,真假大洪水,春，三月，赦天下徒,徙民避水居丘陵九萬七千餘口,,,
32204,卷三十,漢紀二十二,谷永保陳湯,壬戌，以少府張忠為御史大夫,莫府事壹決於湯,,,
32205,卷三十,漢紀二十二,許后專寵及儉省減刑,春，杜欽薦犍為王延世於王鳳,以塞詔而已,,,
32206,卷三十,漢紀二十二,伊邪莫演詐降,匈奴單于遣右皋林王伊邪莫演等奉獻,徙山陽王康為定陶王,,,
32207,卷三十,漢紀二十二,一日五侯及王尊免復,六月，上悉封諸舅,天子復以尊為徐州刺史,,,
32208,卷三十,漢紀二十二,陳立滅夜郎,夜郎王興,西夷遂平,,,
32209,卷三十,漢紀二十二,劉向校書及王商氣死,春，正月，楚王囂來朝,楚孝王囂薨,,,
32210,卷三十,漢紀二十二,罷使罽賓,初，武帝通西域,三月，赦天下徒,,,
32211,卷三十,漢紀二十二,王鳳鬥王章馮野王,京兆尹泰山王章下獄，死,鳳白行其策焉,,,
32212,卷三十,漢紀二十二,劉向諫防王氏篡權,是歲，陳留太守薛宣為左馮翊,徙信都王興為中山王,,,
32301,卷三十一,漢紀二十三,王鳳死及烏孫小昆彌復仇,春，三月，壬戌，隕石東郡八,奉初陵,,,
32302,卷三十一,漢紀二十三,漢成帝微行及雊雉之異,上始為微行,災變尚可銷也,,,
32303,卷三十一,漢紀二十三,起昌陵及五侯奢侈,初，元帝儉約,孝景廟北闕災,,,
32304,卷三十一,漢紀二十三,趙氏姐妹鬥許后班婕妤,初，許皇后與班婕妤皆有寵於上,上許焉,,,
32305,卷三十一,漢紀二十三,鄭躬起義及杜鄴調解音商,廣漢男子鄭躬等六十餘人攻官寺,戾后園南闕火,,,
32306,卷三十一,漢紀二十三,趙飛燕立后,上欲立趙婕妤為皇后,論為鬼薪,,,
32307,卷三十一,漢紀二十三,王莽成名及趙氏絕幸,初，太后兄弟八人,然卒無子,,,
32308,卷三十一,漢紀二十三,劉向著書及罷昌陵,光祿大夫劉向以為王教由內及外,令天下毋有動搖之心,,,
32309,卷三十一,漢紀二十三,續封蕭何之後,初，酇侯蕭何之子孫嗣為侯者,京兆尹翟方進為御史大夫,,,
32310,卷三十一,漢紀二十三,谷永切諫而上怒,谷永為涼州刺史,上意亦解，自誨,,,
32311,卷三十一,漢紀二十三,遠張放擢方進徙陳湯,上嘗與張放及趙、李諸侍中共宴飲禁中,皆免官,,,
32312,卷三十一,漢紀二十三,漢成帝好鬼神,是歲，琅邪太守朱博為左馮翊,上善其言,,,
32313,卷三十一,漢紀二十三,起義四起及梅福諫政改,十一月，尉氏男子樊並等十三人謀反,上不納,,,
32401,卷三十二,漢紀二十四,劉立禽獸行不治,春，正月，上行幸甘泉，郊泰畤,天子由是寢而不治,,,
32402,卷三十二,漢紀二十四,谷永劉向論災變,是歲，司隸校尉蜀郡何武為京兆尹,上輒入之，然終不能用也,,,
32403,卷三十二,漢紀二十四,漢成帝聽張禹不疑王根,紅陽侯立舉陳咸方正,遂親就禹,,,
32404,卷三十二,漢紀二十四,朱雲折檻,故槐里令朱雲上書求見,以旌直臣,,,
32405,卷三十二,漢紀二十四,安輯烏孫,匈奴搜諧單于將入朝,終羈縻不絕,,,
32406,卷三十二,漢紀二十四,漢哀帝定嗣,春，正月，丙寅，蜀郡岷山崩,何武為御史大夫,,,
32407,卷三十二,漢紀二十四,建三公及夏侯藩索地,初，詔求殷後,不令當匈奴,,,
32408,卷三十二,漢紀二十四,淳于長誅,冬，十月，甲寅，王根病免,咸自知廢錮，以憂死,,,
32409,卷三十二,漢紀二十四,翟方進大清洗及王莽當權,方進智能有餘,其飾名如此,,,
32410,卷三十二,漢紀二十四,古罄出而劉向諫興禮樂,丞相方進、大司空武奏言,後三十歲而王氏代漢,,,
32501,卷三十三,漢紀二十五,移禍翟方進而漢成帝崩,春，正月，上行幸甘泉，郊泰畤,仁之賊也,,,
32502,卷三十三,漢紀二十五,漢哀帝即位及傅太后求尊,皇太后詔南、北郊長安如故,太后乃復令莽視事,,,
32503,卷三十三,漢紀二十五,罷樂府官及限田限奴,成帝之世，鄭聲尤甚,益吏三百石以下俸,,,
32504,卷三十三,漢紀二十五,傅太后退王莽傅喜,上置酒未央宮,故尋復進用焉,,,
32505,卷三十三,漢紀二十五,退王根及地震治河,建平侯杜業上書詆曲陽侯根,此最下策也,,,
32506,卷三十三,漢紀二十五,師丹進言及平反陳湯,孔光何武奏,天子還湯，卒于長安,,,
32507,卷三十三,漢紀二十五,漢成帝趙昭儀殺子事發,春，正月，隕石於北地十六,故太皇太后及王氏皆怨之,,,
32508,卷三十三,漢紀二十五,免師丹,丁酉，光祿大夫傅喜為大司馬,以博為大司空,,,
32509,卷三十三,漢紀二十五,馮媛誣死,中山王箕子,史立遷中太僕,,,
32601,卷三十四,漢紀二十六,四太后並立,春，正月，有星孛於牽牛,不如王氏在成帝世也,,,
32602,卷三十四,漢紀二十六,改元誅夏賀良,丞相博、御史大夫玄奏言,一歲三萬七千祠云,,,
32603,卷三十四,漢紀二十六,朱博自殺平當死,傅太后怨傅喜不已,有星孛於河鼓,,,
32604,卷三十四,漢紀二十六,王嘉諫豫養賢士,夏，四月，丁酉，王嘉為丞相,天子納而用之,,,
32605,卷三十四,漢紀二十六,東平王祝詛及西王母異象,六月，立魯頃王子部鄉侯閔為王,上遂下詔封商為汝昌侯,,,
32606,卷三十四,漢紀二十六,斷袖封侯,駙馬都尉、侍中云陽董賢得幸於上,見之仄目,,,
32607,卷三十四,漢紀二十六,武庫私賞及鮑宣上書,上使中黃門發武庫兵,優容之,,,
32608,卷三十四,漢紀二十六,揚雄諫受匈奴朝,匈奴單于上書愿朝五年,上許之,,,
32609,卷三十四,漢紀二十六,息夫躬先入為主,董賢貴幸日盛,上不聽,,,
32701,卷三十五,漢紀二十七,王嘉言董賢及杜鄴言外戚,春，正月，辛丑朔,何嫌不報,,,
32702,卷三十五,漢紀二十七,傅太后崩及百官黜陟,上又征孔光詣公車,拜鮑宣為司隸,,,
32703,卷三十五,漢紀二十七,王嘉嘔血,上托傅太后遺詔,册免明，使就第,,,
32704,卷三十五,漢紀二十七,董氏權勢侔主及王閎力拒禪讓,冬，十一月，壬午,亦不罪也,,,
32705,卷三十五,漢紀二十七,匈奴怪董賢及漢哀帝崩,春，正月，匈奴單于及烏孫大昆彌伊秩靡皆來朝,漢業由是遂衰,,,
32706,卷三十五,漢紀二十七,王莽復出大清算,太皇太后聞帝崩,皆此類也,,,
32707,卷三十五,漢紀二十七,漢平帝即位,於是附順莽者拔擢,葬孝哀皇帝於義陵,,,
32708,卷三十五,漢紀二十七,王莽收買人心,春，正月，王莽風益州,權與人主侔矣,,,
32709,卷三十五,漢紀二十七,衛氏留中山及群臣同聲,置羲和官,帝更名衎,,,
32710,卷三十五,漢紀二十七,封國後裔及損膳及眾臣避退,三月，癸酉，大司空王崇謝病免,變姓名為吳市門卒云,,,
32711,卷三十五,漢紀二十七,立法禁降匈奴及王莽造勢嫁女,秋，九月，戊申晦,愿見女,,,
32801,卷三十六,漢紀二十八,狗血門事件,春，太后遣長樂少府夏侯藩,客於遼東,,,
32802,卷三十六,漢紀二十八,立后及加賞王莽,莽詔明禮少府宗伯鳳入說為人后之誼,官屬按職如故,,,
32803,卷三十六,漢紀二十八,求士治河及置西海郡,莽奏起明堂、辟雍、靈臺,民始怨矣,,,
32804,卷三十六,漢紀二十八,王莽加九錫,梁王立坐與衛氏交通,虎賁三百人,,,
32805,卷三十六,漢紀二十八,歌功頌德及丁傅移冢,王惲等八人使行風俗還,以侯就第,,,
32806,卷三十六,漢紀二十八,鴆殺漢平帝及居攝假皇帝,莽以皇后有子孫瑞,太后詔曰可,,,
32807,卷三十六,漢紀二十八,孺子嬰及劉崇反莽及金錯刀,春，正月，王莽祀上帝於南郊,然卒不與直,,,
32808,卷三十六,漢紀二十八,翟義趙朋霍鴻反莽,東郡太守翟義,遂謀即真之事矣,,,
32809,卷三十六,漢紀二十八,王莽滅親及符命造勢,群臣復奏進攝皇帝子安、臨爵為公,發覺，誅死,,,
32810,卷三十六,漢紀二十八,王政君摔璽及王莽代漢,梓潼人哀章學問長安,婦人之仁，悲矣,,,
40101,卷三十七,漢紀二十九,金匱十一公及改名狂潮,春，正月，朔,女以隆為號焉,,,
40102,卷三十七,漢紀二十九,改漢返古尋根,又曰,地方百里,,,
40103,卷三十七,漢紀二十九,王田私屬及易漢印綬,莽曰,豈不哀哉,,,
40104,卷三十七,漢紀二十九,五均六筦及匈奴換印,國師公劉秀言,封威德子,,,
40105,卷三十七,漢紀二十九,匈奴寇邊及劉氏俱廢,單于始用夏侯藩求地,十二月，雷,,,
40106,卷三十七,漢紀二十九,降奴服于及五物六名,莽恃府庫之富,民人至泣涕於市道,,,
40107,卷三十七,漢紀二十九,除三兇及搆難匈奴,莽之謀篡也,莽以登代助為順單于,,,
40108,卷三十七,漢紀二十九,盜賊四起及拒不仕莽,吏士屯邊者所在放縱,絕紀、唐矣,,,
40109,卷三十七,漢紀二十九,為政悖亂及下句麗,是歲，瀕河郡蝗生,且止待後,,,
40110,卷三十七,漢紀二十九,王政君死及西域瓦解,初，莽為安漢公時,乃貶護于為左屠耆王,,,
40111,卷三十七,漢紀二十九,任意黜陟及易名不止,春，正月，赦天下,民用破業而陷大刑,,,
40201,卷三十八,漢紀三十,恭奴善于及吏不得祿,春，二月，大赦天下,收取賕賂以自供給焉,,,
40202,卷三十八,漢紀三十,困鉤町及解剖及襲西域,戊辰，長平館西岸崩,西域遂絕,,,
40203,卷三十八,漢紀三十,法令繁苛及綠林起義,夏，六月，莽更授諸侯茅土於明堂,莽說，輒遷官,,,
40204,卷三十八,漢紀三十,官吏為奸及揚雄死,春，正月，朔，北軍南門災,則必度越諸子矣,,,
40205,卷三十八,漢紀三十,赤眉起義及豬突豨勇,琅邪樊崇起兵於莒,策免尤,,,
40206,卷三十八,漢紀三十,巨毋霸及制衡賊盜,大司空儀曹史代郡范升奏記王邑曰,會赦得出,,,
40207,卷三十八,漢紀三十,王臨原碧案及毀漢高廟,春，正月，莽妻死,令輕車校尉居其中,,,
40208,卷三十八,漢紀三十,雲杜之戰及畏惡田況,是歲，南郡秦豐聚眾且萬人,卒如田況之言,,,
40209,卷三十八,漢紀三十,綠林疾疫及成昌之戰,莽又多遣大夫,大司空王邑兼三公之職,,,
40210,卷三十八,漢紀三十,劉縯起兵舂陵,初，長沙定王發生舂陵節侯買,父守及家屬坐死者六十四人,,,
40211,卷三十八,漢紀三十,小長安之戰及綠林合兵,縯使族人招說新市、平林兵,盡獲其輜重,,,
40301,卷三十九,漢紀三十一,淯陽之戰及立更始帝,春，正月，甲子朔,由是豪杰失望，多不服,,,
40302,卷三十九,漢紀三十一,昆陽之戰,王莽欲外示自安,旬月之間，遍於天下,,,
40303,卷三十九,漢紀三十一,馮異降及劉縯劉歆死,莽聞漢兵言莽鴆殺孝平皇帝,不復就枕矣,,,
40304,卷三十九,漢紀三十一,隗囂公孫述起及劉望稱帝,成紀隗崔、隗義,茂為丞相,,,
40305,卷三十九,漢紀三十一,哭天厭兵及王莽死,王莽使太師王匡,皆聖王之驅除云爾,,,
40306,卷三十九,漢紀三十一,更始都洛陽,定國上公王匡拔洛陽,都睢陽,,,
40307,卷三十九,漢紀三十一,徇河北及收鄧禹及立王郎,更始欲令親近大將徇河北,乃北徇薊,,,
40308,卷三十九,漢紀三十一,更始封王及趙萌專權,申屠建、李松自長安迎更始遷都,崔、義皆即舊號,,,
40309,卷三十九,漢紀三十一,征王郎流亡期,耿況遣其子弇奉奏詣長安,燒廬舍以絕其反顧之望,,,
40310,卷三十九,漢紀三十一,攻柏人鉅鹿不利及收眾將,秀進拔盧奴,樂可言邪,,,
40311,卷三十九,漢紀三十一,斬王郎及劉秀獨立,耿純言於秀曰,始貳於更始,,,
40312,卷三十九,漢紀三十一,群雄并起,是時，諸賊銅馬,眾數萬人,,,
50101,卷四十,漢紀三十二,破銅馬軍及光武稱帝,春，正月，方望與安陵人弓林共立前定安公嬰為天子,改元，大赦,,,
50102,卷四十,漢紀三十二,更始敗走及立劉盆子,鄧禹圍安邑,崇等亦不復候視也,,,
50103,卷四十,漢紀三十二,赤眉破更始及拜卓茂,秋，七月，辛未,蓋由知所先務而得其本原故也,,,
50104,卷四十,漢紀三十二,光武都洛陽及赤眉進長安,諸將圍洛陽數月,十一月，甲午，上幸懷,,,
50105,卷四十,漢紀三十二,劉永隗囂竇融盧芳,梁王永稱帝睢陽,將胡騎還入安定,,,
50106,卷四十,漢紀三十二,馮愔叛漢及劉盆子退位難,帝以關中未定,邊路流通,,,
50107,卷四十,漢紀三十二,封群臣誅劉楊擢宋弘,庚辰，悉封諸功臣為列侯,事不諧矣,,,
50108,卷四十,漢紀三十二,彭寵延岑公孫述反,帝之討王郎也,於是盡有益州之地,,,
50109,卷四十,漢紀三十二,收郾宛王宗室立太子,辛卯，上還洛陽,封泗水王子終為淄川王,,,
50110,卷四十,漢紀三十二,賈復寇恂合及劉永敗,秋，賈復南擊召陵、新息,皆平之,,,
50111,卷四十,漢紀三十二,赤眉掘墓及馮異換鄧禹,赤眉引兵欲西上隴,降其將卒五千餘人,,,
50201,卷四十一,漢紀三十三,平赤眉,春，正月，甲子，馮異為征西大將軍,帝赦不誅,,,
50202,卷四十一,漢紀三十三,張步彭寵割據及誅鄧奉,二月，劉永立董憲為海西王,復朱祜位,,,
50203,卷四十一,漢紀三十三,平關中寇及廣樂之戰,延岑既破赤眉,自將兵助延圍睢陽,,,
50204,卷四十一,漢紀三十三,延岑奔秦豐及斬劉永,車駕自小長安引還,眾十餘萬,,,
50205,卷四十一,漢紀三十三,隗囂臣田戎破張豐誅,帝謂太中大夫來歙曰,當死無恨,,,
50206,卷四十一,漢紀三十三,蘭陵之戰及圍李憲,上詔耿弇進擊彭寵,冬，十月，甲寅，車駕還宮,,,
50207,卷四十一,漢紀三十三,馬援比二帝及制衡公孫述,隗囂使馬援往觀公孫述,反復勝邪,,,
50208,卷四十一,漢紀三十三,垂惠之戰及彭寵死,二月，丙午，大赦,無乃異於是乎,,,
50209,卷四十一,漢紀三十三,龐萌反漢及田戎亡蜀,帝以扶風郭伋為漁陽太守,夏，四月，旱，蝗,,,
50210,卷四十一,漢紀三十三,班彪投竇融及竇融向漢,隗囂問於班彪曰,以為天子明見萬里之外,,,
50211,卷四十一,漢紀三十三,誅秦豐及劉秀破董憲之戰,朱祜急攻黎丘,帝幸魯,,,
50212,卷四十一,漢紀三十三,祝阿臨淄之戰,張步聞耿弇將至,未嘗挫折焉,,,
50213,卷四十一,漢紀三十三,盧芳據九原及馮異治關中,初起太學,而有懼意,,,
50214,卷四十一,漢紀三十三,隗囂兩端猶豫,隗囂矜己飾智,於是游士長者稍稍去之,,,
50215,卷四十一,漢紀三十三,江南臣漢及處士不臣,王莽末,五十五國皆屬焉,,,
50301,卷四十二,漢紀三十四,斬董憲及公孫述定策,春，正月，丙辰，以舂陵鄉為章陵縣,由此大臣皆怨,,,
50302,卷四十二,漢紀三十四,巾車之恩及隗囂反,馮異自長安入朝,諸君乃得還,,,
50303,卷四十二,漢紀三十四,久吏職及勝隗囂盧芳,六月辛卯,北地、上郡、安定皆降,,,
50304,卷四十二,漢紀三十四,竇融說擊隗囂,竇融復遷其弟友上書曰,皆解所假將軍印綬,,,
50305,卷四十二,漢紀三十四,馬援說隗囂,先是，馬援聞隗囂欲貳於漢,咸敬重焉,,,
50306,卷四十二,漢紀三十四,隗囂投蜀及眾臣治國,隗囂上疏謝曰,前有召父，後有杜母,,,
50307,卷四十二,漢紀三十四,略陽之戰,春，來歙將二千餘人伐山開道,拜三子為郎,,,
50308,卷四十二,漢紀三十四,祭遵隗囂死及護羌校尉,十二月，高句麗王遣使朝貢,以牛邯為護羌校尉,,,
50309,卷四十二,漢紀三十四,陰氏謙退及馮異死及降隗純,盜殺陰貴人母鄧氏及弟訢,庚午，車駕還宮,,,
50310,卷四十二,漢紀三十四,荊門之戰,岑彭屯津鄉,大破之,,,
50311,卷四十二,漢紀三十四,來歙遇刺及鮑永哭更始,公孫述以王元為將軍,帝意乃釋,,,
50312,卷四十二,漢紀三十四,征公孫述及岑彭遇刺,帝自將征公孫述,故伋言及之,,,
50401,卷四十三,漢紀三十五,平公孫述及血洗成都,春，正月，吳漢破公孫述將魏黨、公孫永於魚涪津,封成義侯,,,
50402,卷四十三,漢紀三十五,馬援平羌及竇融朝漢,十二月，辛卯，揚武將軍馬成行大司空事,大司徒侯霸薨,,,
50403,卷四十三,漢紀三十五,盧芳奔匈奴及偃武修文,戊子，詔曰,無誅譴者,,,
50404,卷四十三,漢紀三十五,竇融避讓及梁統諫刑罰及韓歆死,益州傳送公孫述瞽師,豈不為仁明之累哉,,,
50405,卷四十三,漢紀三十五,封宗室及度田令及張堪治漁陽,丁未，有星孛於昴,安平侯蓋延薨,,,
50406,卷四十三,漢紀三十五,二徵起義及廢郭后,交趾麊泠縣雒將女子徵側,其餘九國公皆為王,,,
50407,卷四十三,漢紀三十五,平史歆平二徵易太子,甲申，帝幸章陵,亦何以過乎,,,
50408,卷四十三,漢紀三十五,陰氏興及強項令及吳漢死,帝以太子舅陰識守執金吾,行大司馬事,,,
50409,卷四十三,漢紀三十五,攻匈奴擊烏桓破鮮卑,乙未，徙中山王輔為沛王,顧命書諸策,,,
50410,卷四十三,漢紀三十五,烏桓破匈奴及莎車霸西域,是歲，青州蝗,義兼之矣,,,
50501,卷四十四,漢紀三十六,匈奴分南北及破五溪蠻,春，正月，南郡蠻叛,斬獲二千餘人,,,
50502,卷四十四,漢紀三十六,馬援死及薏苡誣,初，援嘗有疾,令過家上冢,,,
50503,卷四十四,漢紀三十六,烏桓內屬及息兵北匈奴,是歲，遼西烏桓大人郝旦等率眾內屬,自是諸將莫敢復言兵事者,,,
50504,卷四十四,漢紀三十六,劉恭遇刺及選太子傅,上問趙熹以久長之計,可不勉哉,,,
50505,卷四十四,漢紀三十六,奏議答北匈奴,北匈奴遣使貢馬及裘,帝悉納從之,,,
50506,卷四十四,漢紀三十六,擢第五倫及泰山封禪,春，二月，丁巳朔，日有食之,如元始中北郊故事,,,
50507,卷四十四,漢紀三十六,光武迷讖,三月，戊辰，司空張純薨,祀后土,,,
50508,卷四十四,漢紀三十六,光武崩,二月，戊戌，帝崩於南宮前殿,今以良為議郎,,,
50509,卷四十四,漢紀三十六,平燒當羌及殊禮葬劉彊,初，燒當羌滇良擊破先零,餘皆降散,,,
50510,卷四十四,漢紀三十六,平赤山烏桓及修禮樂及尊桓榮,山陽王荊私迎能為星者,帝以郁為侍中,,,
50511,卷四十四,漢紀三十六,竇融免陰豐死馬后立,上以中山王焉,始終無衰焉,,,
50512,卷四十四,漢紀三十六,雲臺二十八將及帝褊察,帝思中興功臣,與之和親,,,
50601,卷四十五,漢紀三十七,廣德擊莎車及竇融死,春，帝近出觀覽城第,召還融夫人與小孫一人居雒陽,,,
50602,卷四十五,漢紀三十七,宗均治九江及佛教傳入,春，二月，王雒山出寶鼎,獨楚王英最先好之,,,
50603,卷四十五,漢紀三十七,鄭眾不拜匈奴及劉荊死,壬寅晦，日有食之，既,廣陵思王荊自殺，國除,,,
50604,卷四十五,漢紀三十七,哀牢歸漢及王景治河,夏，四月，戊子，赦天下,冬，十月，壬辰晦，日有食之,,,
50605,卷四十五,漢紀三十七,楚王英死及窮治楚獄,楚王英與方士作金龜,乙巳，赦天下,,,
50606,卷四十五,漢紀三十七,出擊北匈奴及祭肜死,謁者僕射耿秉數上言請擊匈奴,竇固獨有功，加位特進,,,
50607,卷四十五,漢紀三十七,班超通西域,固使假司馬班超與從事郭恂俱使西域,超，彪之子也,,,
50608,卷四十五,漢紀三十七,徙劉延夢先帝劉睦死,淮陽王延,昱，永之子也,,,
50609,卷四十五,漢紀三十七,白狼歌定疏勒守車師,益州刺史梁國朱輔宣示漢德,以為神明，遂引去,,,
50610,卷四十五,漢紀三十七,漢明帝崩及救耿恭,八月，壬子，帝崩於東宮前殿,京師及兗、豫、徐州大旱,,,
50701,卷四十六,漢紀三十八,開邊爭論及十三將士歸玉門,春，正月，詔兗、豫、徐三周稟贍饑民,疏勒復安,,,
50702,卷四十六,漢紀三十八,劉蒼屢諫及平哀牢,甲寅，山陽、山平地震,詔還坐楚、淮陽事徙者四百餘家,,,
50703,卷四十六,漢紀三十八,馬后拒封及諸馬修德,上欲封爵諸舅,太后深納之,,,
50704,卷四十六,漢紀三十八,征西羌及第五倫諫寬厚,初，安夷縣吏略妻卑湳種羌人婦,立貴人竇氏為皇后,,,
50705,卷四十六,漢紀三十八,諸馬封馬后崩及白虎觀會議,初，顯宗之世,超之兄也,,,
50706,卷四十六,漢紀三十八,班超諫擊龜茲,春，二月，庚辰朔，日有食之,帝納之,,,
50707,卷四十六,漢紀三十八,廉范治蜀及廢劉慶,春，二月，辛卯，琅邪孝王京薨,出則同輿,,,
50708,卷四十六,漢紀三十八,劉蒼死諸馬敗竇氏貴,己未，徙廣平王羨為西平王,人主之深戒也,,,
50709,卷四十六,漢紀三十八,班超去妻及韋彪得用,下邳周紆為雒陽令,以大司農鄭弘為太尉,,,
50710,卷四十六,漢紀三十八,朱暉強直孔僖誹謗平定疏勒,癸酉，詔改元,烏即城遂降,,,
50801,卷四十七,漢紀三十九,四分曆及祭孔祭祖,春，正月，乙酉，詔曰,止用冬初十月而已,,,
50802,卷四十七,漢紀三十九,還生口鄭弘死擒號吾斬疏勒,冬，南單于遣兵與北虜溫禺犢王戰於涿邪山,南道遂通,,,
50803,卷四十七,漢紀三十九,曹褒制禮及斬迷吾降莎車,楚許太后薨,自是威震西域,,,
50804,卷四十七,漢紀三十九,議遣諸王及漢章帝崩,春，正月，濟南王康,為休蘭尸逐侯鞮單于,,,
50805,卷四十七,漢紀三十九,竇后臨朝及議擊北匈奴,太后臨朝,誠不可許,,,
50806,卷四十七,漢紀三十九,竇憲刺劉暢及鄧訓平燒當,會齊殤王子都鄉侯暢來吊國憂,分以屯田、修理塢壁而已,,,
50807,卷四十七,漢紀三十九,眾諫不征北匈奴不聽,竇憲將征匈奴,壽，惲之子也,,,
50808,卷四十七,漢紀三十九,燕然勒石及竇氏嬌縱,夏，六月，竇憲、耿秉出朔方雞鹿塞,無所嫌牾焉,,,
50809,卷四十七,漢紀三十九,退貴霜及金微山之戰,冬，十月，庚子，阜陵質王延薨,封夔為粟邑侯,,,
50810,卷四十七,漢紀三十九,竇憲專權廢立龜茲立於除鞬,竇憲既立大功,然上竟從憲策,,,
50901,卷四十八,漢紀四十,誅竇憲,春，正月，遣大將軍左校尉耿夔,故能保其寵祿焉,,,
50902,卷四十八,漢紀四十,宦官用權祠祭鄧訓斬於除鞬,帝除袁安子賞為郎,武陵郡兵破叛蠻，降之,,,
50903,卷四十八,漢紀四十,劉暢反及立師子,梁王暢與從官卞忌祠祭求福,立師子為亭獨尸逐侯鞮單于,,,
50904,卷四十八,漢紀四十,定焉耆破逢侯擢黃香,己卯，司徒丁鴻薨,皆徵，下獄死,,,
50905,卷四十八,漢紀四十,立陰后定車師,夏，四月，辛亥朔，日有食之,遼東太守祭參坐詛敗，下獄死,,,
50906,卷四十八,漢紀四十,合葬竇后及梁氏貴盛,閏月，辛巳，皇太后竇氏崩,以太僕韓稜為司空,,,
50907,卷四十八,漢紀四十,甘英使大秦及迷唐死,西域都護定遠侯班超遣掾甘英使大秦,戶不滿數十,,,
50908,卷四十八,漢紀四十,復西海平許聖廢陰后,荊州雨水,三州大水,,,
50909,卷四十八,漢紀四十,班超歸漢及鄧綏立后,班超久在絕域,故兄騭終帝世不過虎賁中郎將,,,
50910,卷四十八,漢紀四十,博士遵師罷貢荔枝破高句驪,丁酉，司空巢堪罷,遼東太守耿夔擊高句驪，破之,,,
50911,卷四十八,漢紀四十,漢和帝崩,冬，十二月，辛未，帝崩於章德前殿,以勸勞勤,,,
51001,卷四十九,漢紀四十一,漢殤帝崩及迎立安帝,春，正月，辛卯,事減約十分居一,,,
51002,卷四十九,漢紀四十一,平龜茲進儒士封諸鄧,乙亥，隕石於陳留,至於五六，乃許之,,,
51003,卷四十九,漢紀四十一,棄西域諸羌亂免三公,五月，甲戌，以長樂衛尉魯恭為司徒,然后可以分此罪矣,,,
51004,卷四十九,漢紀四十一,周章政變及水旱十載,壬午，詔,蜀郡徼外羌舉土內屬,,,
51005,卷四十九,漢紀四十一,平襄大敗及滇零稱帝,冬，鄧騭使任尚及從事中郎河內司馬鈞率諸郡兵,以大鴻臚九江夏勤為司徒,,,
51006,卷四十九,漢紀四十一,始賣官匈奴反海賊起辟楊震,三公以國用未足,如西京三輔都尉故事,,,
51007,卷四十九,漢紀四十一,虞詡保涼州平甯季,謁者龐參說鄧騭,縣境皆平,,,
51008,卷四十九,漢紀四十一,降南匈奴破張伯路新野君薨,三月，何熙軍到五原曼柏,還其資財五百餘萬,,,
51009,卷四十九,漢紀四十一,避先零斬張伯路亡杜季貢,春，正月，庚辰朔，日有食之,別居丁奚城,,,
51010,卷四十九,漢紀四十一,號多降閻后立不敵零昌,春，二月，丙午,代班雄屯三輔,,,
51011,卷四十九,漢紀四十一,增竈計安武都葬鄧弘,懷令虞詡說尚曰,封廣德弟甫德為都鄉侯,,,
51101,卷五十,漢紀四十二,刺平先零羌,春，正月，蒼梧、鬰林、合浦蠻夷反,騭髡妻及鳳以謝罪,,,
51102,卷五十,漢紀四十二,破封離及疏勒強,是歲，郡國十四地震,濟北惠王壽薨,,,
51103,卷五十,漢紀四十二,班勇爭論及置西域副校尉,北匈奴率車師後王軍就共殺後部司馬及敦煌長史索班等,河西大被其害,,,
51104,卷五十,漢紀四十二,治諸羌及鄧后崩,沈氐羌寇張掖,歲還豐穰,,,
51105,卷五十,漢紀四十二,廣納賢才及宦官滅諸鄧,上始親政事,諸從兄弟皆得歸京師,,,
51106,卷五十,漢紀四十二,宦豎阿母橫行及楊震諫不聽,帝以耿貴人兄牟平侯寶監羽林左軍車騎,書奏，皆不省,,,
51107,卷五十,漢紀四十二,麻奴反及罷三年喪,秋，七月，己卯，改元，赦天下,滅其天性乎,,,
51108,卷五十,漢紀四十二,馮緄辨假詔及遂成麻奴降,十二月，高句驪王宮率馬韓,京師及郡國二十七雨水,,,
51109,卷五十,漢紀四十二,陳忠諫抑伯榮與尚書,帝數遣黃門常侍及中使伯榮往來甘陵,萬世之法也,,,
51110,卷五十,漢紀四十二,眾譽黃憲及議保西域,汝南太守山陽王龔,將兵五百人出屯柳中,,,
51111,卷五十,漢紀四十二,楊震不合污及班勇復西域,秋，七月，丹陽山崩,歷魏郡、河內而還,,,
51112,卷五十,漢紀四十二,楊震死,初，樊豐、周廣、謝惲等見楊震連諫不從,以大鴻臚耿寶為大將軍,,,
51113,卷五十,漢紀四十二,廢太子劉保及來歷獨諫,王聖、江京、樊豐等譖太子乳母王男、廚監邴吉等,三十六大水、雨雹,,,
51201,卷五十一,漢紀四十三,漢安帝崩及立北鄉侯,春，二月，乙亥，下邳惠王衍薨,冬，十月，丙午，越巂山崩,,,
51202,卷五十一,漢紀四十三,漢順帝立及封十九侯,北鄉侯病篤,并擢為中常侍,,,
51203,卷五十一,漢紀四十三,平反楊震及黜陟眾臣,初，閻顯辟崔駰之子瑗為吏,太守李超戰歿,,,
51204,卷五十一,漢紀四十三,虞詡勝張防及十九侯就國,司隸校尉虞詡到官數月,司空陶敦免,,,
51205,卷五十一,漢紀四十三,班勇定車師及搶功平焉耆,朔方以西,當世以此貴之,,,
51206,卷五十一,漢紀四十三,樊英出仕及征楊厚黃瓊,初，南陽樊英,不令同業諸生知其為郃子也,,,
51207,卷五十一,漢紀四十三,復涼州三郡及班始殺主,春，正月，丙子，京師地震,同產皆棄市,,,
51208,卷五十一,漢紀四十三,劉政改節及立梁妠,春，二月，庚午，河間孝王開薨,耿曄移屯遼東無慮城以拒之,,,
51209,卷五十一,漢紀四十三,左雄論吏治及四十舉孝廉,尚書令左雄上疏曰,多得其人,,,
51210,卷五十一,漢紀四十三,朗顗論災異,閏月，庚子，恭陵百丈廡災,使匈奴中郎將趙稠遣從事將南匈奴兵出塞擊鮮卑，破之,,,
51211,卷五十一,漢紀四十三,封宋娥止梁冀免九卿捶撲,初，帝之立也,以太常魯國孔扶為司空,,,
51212,卷五十一,漢紀四十三,李固馬融張衡對策,丁丑，洛陽宣德亭地坼,所居之官輒積年不徙,,,
51213,卷五十一,漢紀四十三,龐參忠直被毀,太尉龐參,鮮卑由是抄盜差稀,,,
51301,卷五十二,漢紀四十四,周舉禁求雨及張衡禁圖讖,夏，四月，車師後部司馬率後王加特奴等,典籍無瑕玷矣,,,
51302,卷五十二,漢紀四十四,宦官養子及李固諫梁商,秋，七月，鍾羌良封等復寇隴西、漢陽,事乃得釋,,,
51303,卷五十二,漢紀四十四,梁冀縱暴武陵蠻平區連建國,是歲，以執金吾梁冀為河南尹,由是嶺外復平,,,
51304,卷五十二,漢紀四十四,周舉劾馮直及誅張逵,秋，八月，己未，司徒黃尚免,上乃以不疑為侍中、奉車都尉,,,
51305,卷五十二,漢紀四十四,平那離及吾斯車紐反,三月，乙亥，京師地震,而吾斯猶率其部曲與烏桓寇鈔,,,
51306,卷五十二,漢紀四十四,馬賢敗東西羌合及皇甫規不用,初，上命馬賢討西羌,北地太守賈福與趙沖擊之，不利,,,
51307,卷五十二,漢紀四十四,梁商死及李固平盜賊,秋，八月，乘氏忠侯梁商病篤,寇掠幷部,,,
51308,卷五十二,漢紀四十四,八使反貪及張綱勸降及能政者,丁卯，遺侍中河內杜喬,還以衣遺之,,,
51309,卷五十二,漢紀四十四,平西羌及立南單于,冬，十月，辛未，太尉桓焉、司徒劉壽免,於是胡、羌、烏桓悉詣寔降,,,
51310,卷五十二,漢紀四十四,立太子及漢順帝崩及九江賊稱帝,辛巳，立皇子炳為太子,是歲，群盜發憲陵,,,
51311,卷五十二,漢紀四十四,漢沖帝崩及李固搔首弄姿,春，正月，戊戌，帝崩于玉堂前殿,使下其書，太后不聽,,,
51312,卷五十二,漢紀四十四,滕撫平九江諸賊及金蛇案,廣陵賊張嬰復聚眾數千人反,冀由是銜之,,,
51401,卷五十三,漢紀四十五,毒殺漢質帝及強力漢桓帝,夏，四月，庚辰，令郡、國舉明經詣太學,尊帝母匽氏為博園貴人,,,
51402,卷五十三,漢紀四十五,封諸梁宦官及劉鮪之亂,滕撫性方直,徙桂陽，自殺,,,
51403,卷五十三,漢紀四十五,李固杜喬暴尸,梁冀因誣李固、杜喬,伊陵尸逐就單于車兒立,,,
51404,卷五十三,漢紀四十五,荀氏八龍及潁川四長,春，正月，甲子，帝加元服,必欲保身全家，爾道為貴,,,
51405,卷五十三,漢紀四十五,梁妠崩及梁冀孫壽橫暴,春，正月，甲子，赦天下。改元,然素重穆，亦不甚罪也,,,
51406,卷五十三,漢紀四十五,監視梁不疑,冀遣書詣樂安太守陳蕃,冬，十月，司空胡廣致仕,,,
51407,卷五十三,漢紀四十五,崔寔政論,十一月，辛巳，京師地震,斯不易之常道矣,,,
51408,卷五十三,漢紀四十五,褒崇梁冀及于闐動亂,閏月，庚午，任城節王崇薨,而竟不能討也,,,
51409,卷五十三,漢紀四十五,朱穆開棺及阿羅多反復,丙辰，京師地震,司隸、冀州饑，人相食,,,
51410,卷五十三,漢紀四十五,劉陶上疏及張奐酹酒還金,太學生劉陶上疏陳事曰,無不悅服，威化大行,,,
51411,卷五十三,漢紀四十五,檀石槐崛起及段颎斬公孫舉,春，三月，蜀郡屬國夷反,梁胤子桃為城父侯,,,
51501,卷五十四,漢紀四十六,劉陶諫止改鑄,春，正月，己未，赦天下,遂幸上林苑,,,
51502,卷五十四,漢紀四十六,平叛南匈奴及陳龜絕食死,十二月，南匈奴諸部并叛,鮮卑寇遼東,,,
51503,卷五十四,漢紀四十六,廁中誅梁冀,梁皇后恃姊、兄蔭勢,以業窮民,,,
51504,卷五十四,漢紀四十六,立鄧猛封五侯徵處士,壬午，立梁貴人為皇后,遂隱身不出,,,
51505,卷五十四,漢紀四十六,李雲杜眾同日死,帝既誅梁冀,獲生口萬餘人,,,
51506,卷五十四,漢紀四十六,陷第五種及陳蕃爰延進諫,詔復以陳蕃為光祿勳,延稱病，免歸,,,
51507,卷五十四,漢紀四十六,李固孤兒及五侯虐遍天下,春，正月，丙申，赦天下,遇赦，乃敢出,,,
51508,卷五十四,漢紀四十六,段熲破燒何及父老送劉寵,閏月，西羌餘眾復與燒何大豪寇張掖,為人選一大錢受之,,,
51509,卷五十四,漢紀四十六,段熲下獄及皇甫規平羌,冬，先零、沈氐羌與諸種羌寇幷、涼二州,沈氐大豪滇昌、飢恬等十餘萬口復詣規降,,,
51510,卷五十四,漢紀四十六,郡守逃跑及平定荊州,夏，四月，長沙賊起,以太常楊秉為太尉,,,
51511,卷五十四,漢紀四十六,皇甫規下獄及漢桓帝遊獵,皇甫規持節為將,書奏，不納,,,
51512,卷五十四,漢紀四十六,三明復及朱穆死,十一月，司空劉寵免,憤懣發疽卒,,,
51601,卷五十五,漢紀四十七,郭泰及眾黨人,春，二月，丙戌，邟鄉忠侯黃瓊薨,不應征辟，卒於家,,,
51602,卷五十五,漢紀四十七,度尚平荊州及誅寇榮,三月，癸亥，隕石於鄠,寇氏由是衰廢,,,
51603,卷五十五,漢紀四十七,劉悝反及宦官除,春，正月，帝遣中常侍左悺之苦縣祠老子,尹勳等亦皆奪爵,,,
51604,卷五十五,漢紀四十七,鄧后廢李膺獄楊秉死,帝多內寵，宮女至五六千人,有切於前，拜為議郎,,,
51605,卷五十五,漢紀四十七,荊州復叛段熲封侯王暢寬刑,荊州兵朱蓋等叛,茂，愷之子也,,,
51606,卷五十五,漢紀四十七,立竇妙赦李應誅張朔荀爽諫,郎中竇武,詔拜郎中,,,
51607,卷五十五,漢紀四十七,蠻夷反及黨人議始,司隸、豫州饑,屣履到門,,,
51608,卷五十五,漢紀四十七,瑨瓆超浮案,宛有富賈張汎者,輸作左校,,,
51609,卷五十五,漢紀四十七,陳蕃襄楷上疏無用,太尉陳蕃、司空劉茂共諫,皆名之為賈,,,
51610,卷五十五,漢紀四十七,第一次黨錮之禍,河內張成,各置大人領之,,,
51701,卷五十六,漢紀四十八,竇武求情及黨人赦,春，正月，東羌先零為祋祤,遂閉口不食，七日而死,,,
51702,卷五十六,漢紀四十八,漢桓帝崩及段熲擊先零,秋，八月，巴部言黃龍見,尊帝母董氏為慎園貴人,,,
51703,卷五十六,漢紀四十八,封賞及對羌策略分歧,夏，四月，戊辰，太尉周景薨,宗正劉寵為司空,,,
51704,卷五十六,漢紀四十八,竇武辛亥政變,初，竇太后之立也,固辭不受,,,
51705,卷五十六,漢紀四十八,蛇妖出及謝弼死,以司徒胡廣為太傅,故致位公輔,,,
51706,卷五十六,漢紀四十八,段熲平東羌先零,詔遣謁者馮禪說降漢陽散羌,夤擊破之,,,
51707,卷五十六,漢紀四十八,第二次黨錮之禍,初，李膺等雖被廢錮,黨禁未解而卒,,,
51708,卷五十六,漢紀四十八,救援黨人及汝南袁氏,初，中常侍張讓父死,卓乎其不可及已,,,
51709,卷五十六,漢紀四十八,孟佗發跡及討疏勒不克,庚子晦，日有食之,鮮卑寇幷州,,,
51801,卷五十七,漢紀四十九,合葬竇妙,春，正月，車駕上原陵,葬桓思皇后於宣陵,,,
51802,卷五十七,漢紀四十九,段熲黑化及妖賊許昌,有人書朱雀闕,以永樂少府許訓為司空,,,
51803,卷五十七,漢紀四十九,熹平石經及三互法及誅曹鸞,春，三月，詔諸儒正《五經》文字,悉免官禁錮，爰及五屬,,,
51804,卷五十七,漢紀四十九,鴻都門學及蔡邕上書,六月，壬戌，以太常南陽劉逸為司空,又詔宣陵孝子為舍人者悉改為丞、尉焉,,,
51805,卷五十七,漢紀四十九,慘敗鮮卑及趙苞死,護烏桓校尉夏育上言,遂歐血而死,,,
51806,卷五十七,漢紀四十九,對策災異諫罷鴻都蔡邕流放,春，正月，合浦、交趾烏滸蠻反,所賂者反以其情戒邕，由是得免,,,
51807,卷五十七,漢紀四十九,廢宋后鴻都盛始賣官,八月，有星孛於天市,子呼徵立,,,
51808,卷五十七,漢紀四十九,陽球誅王甫段熲而貶官,春，大疫,至於再三，乃受拜,,,
51809,卷五十七,漢紀四十九,審忠呂強上書,於是曹節、朱瑀等權勢復盛,帝知其忠而不能用,,,
51810,卷五十七,漢紀四十九,黨錮緩及曹節除政敵,丁酉，赦天下,劉郃、陳球、劉納、陽球皆下獄死,,,
51811,卷五十七,漢紀四十九,立何后起苑囿火馬陣,巴郡板楯蠻反，遣御史中丞蕭瑗督益州刺史討之,琁，喬之弟也,,,
51901,卷五十八,漢紀五十,朱儁平交趾及導行費,春，正月，初置騄驥廄丞,書奏，不省,,,
51902,卷五十八,漢紀五十,何后殺王榮及降板楯蠻,何皇后性強忌,五原山岸崩,,,
51903,卷五十八,漢紀五十,黃巾起義,初，鉅鹿張角奉事黃、老,安平、甘陵人各執其王應賊,,,
51904,卷五十八,漢紀五十,黨錮解及十常侍,三月，戊申，以河南尹何進為大將軍,收掠，死獄中,,,
51905,卷五十八,漢紀五十,長社之戰及曹操出,庚子，南陽黃巾張曼成攻殺太守褚貢,操大喜而去,,,
51906,卷五十八,漢紀五十,傅燮諫交趾平黃巾敗米賊起,朱儁之擊黃巾也,詔嵩討角,,,
51907,卷五十八,漢紀五十,滅黃巾及涼州之亂,九月，安平王續坐不道,十二月，己巳，赦天下，改元,,,
51908,卷五十八,漢紀五十,增賦稅鑄銅人修宮室,豫州刺史太原王允破黃巾,以朱儁為右車騎將軍,,,
51909,卷五十八,漢紀五十,盜賊並起及議棄涼州,自張角之亂,帝善而從之,,,
51910,卷五十八,漢紀五十,皇甫嵩免劉陶死討涼州,夏，四月，庚戌，大雨雹,堅遂出,,,
51911,卷五十八,漢紀五十,傅燮出京畢嵐發明韓遂火併,是歲，帝造萬金堂於西園,拜苗為車騎將軍,,,
51912,卷五十八,漢紀五十,韓遂火併傅燮戰歿張純張舉起義,韓遂殺邊章及北宮伯玉、李文侯,愧於先之,,,
52001,卷五十九,漢紀五十一,廢史立牧劉焉入蜀王芬政變,春，正月，丁酉，赦天下,融之族孫也,,,
52002,卷五十九,漢紀五十一,西園八校尉及靈帝講武及王國敗,八月，初置西園八校尉,由是寖衰,,,
52003,卷五十九,漢紀五十一,平張舉張純及漢靈帝崩,幽州牧劉虞到部,與大將軍何進參錄尚書事,,,
52004,卷五十九,漢紀五十一,除蹇碩及逼死董后,進既秉朝政,司徒丁宮罷,,,
52005,卷五十九,漢紀五十一,謀誅宦官及董卓不奉詔,袁紹復說何進曰,駐兵河東以觀時變,,,
52006,卷五十九,漢紀五十一,何進猶豫被殺及誅滅十常侍,何進召卓使將兵詣京師,遂投河而死,,,
52007,卷五十九,漢紀五十一,董卓進京及立漢獻帝,貢扶帝與陳留王夜步逐螢光南行,棄尸於苑枳落中,,,
52008,卷五十九,漢紀五十一,平反黨錮及董卓殘忍,詔除公卿以下子弟為郎,不保朝夕,,,
52009,卷五十九,漢紀五十一,討伐董卓之戰及遷都長安,卓購求袁紹急,卓亦雅信焉,,,
52010,卷五十九,漢紀五十一,孫堅劉表發跡及酸棗眾散,董卓以袁紹之故,袁紹使廣陵臧洪領青州以撫之,,,
52011,卷五十九,漢紀五十一,劉虞寬政及公孫度自立,夏，四月，以幽州牧劉虞為太傅,設旄頭、羽騎,,,
52101,卷六十,漢紀五十二,議立劉虞及陽人之戰,春，正月，辛丑，赦天下,即調發軍糧,,,
52102,卷六十,漢紀五十二,孫堅破董卓及董卓還長安,堅還屯,以太常馬日磾為太尉,,,
52103,卷六十,漢紀五十二,韓馥讓冀州,初，何進遣雲中張楊還幷州募兵,以書刀自殺,,,
52104,卷六十,漢紀五十二,陽城之戰及二袁決裂,鮑信謂曹操曰,又悉改置郡、縣守、令,,,
52105,卷六十,漢紀五十二,劉備起及孫堅死,初，涿郡劉備,術由是不能勝表,,,
52106,卷六十,漢紀五十二,陶謙劉焉張魯公孫度,初，董卓入關,為商賈以自穢，乃免,,,
52107,卷六十,漢紀五十二,荀彧出及界橋之戰,春，正月，丁丑，赦天下,操遂擊眭固及匈奴於扶羅於內黃，皆大破之,,,
52108,卷六十,漢紀五十二,呂布刺董卓及王允殺蔡邕,董卓以其弟旻為左將軍,會卓死，得免,,,
52109,卷六十,漢紀五十二,曹操得兗州及王允驕傲,青州黃巾寇兗州,而疑關東之心，不可也,,,
52110,卷六十,漢紀五十二,李傕郭汜之亂,時百姓訛言當悉誅涼州人,可不謂之智乎,,,
52111,卷六十,漢紀五十二,傕汜掌權及毛玠進言,傕等以賈詡為左馮翊,術以下邳陳瑀為揚州刺史,,,
52112,卷六十,漢紀五十二,袁術退揚州及陶謙領徐州,春，正月，甲寅朔，日有食之,漂沒民居,,,
52113,卷六十,漢紀五十二,袁紹戰張燕及曹操屠徐州,袁紹出軍入朝歌鹿腸山,以太常趙溫為司空，錄尚書事,,,
52114,卷六十,漢紀五十二,劉虞誣死及田疇隱居,劉虞與公孫瓚積不相能,以衛尉張喜為司空,,,
52201,卷六十一,漢紀五十三,騰遂謀誅李傕及二征陶謙,春，正月，辛酉，赦天下,柔舉宗從之,,,
52202,卷六十一,漢紀五十三,陳宮張邈叛曹迎呂布,呂布之捨袁紹從張楊也,乃進攻之,,,
52203,卷六十一,漢紀五十三,呂布曹操兗州之戰,五月，以揚武將軍郭汜為後將軍,操乃止,,,
52204,卷六十一,漢紀五十三,劉璋繼任及陶謙讓徐州,十二月，司徒淳于嘉罷,日磾病其失節，嘔血而死,,,
52205,卷六十一,漢紀五十三,孫策寄身袁術,初，孫堅娶錢唐吳氏,與賁共將兵擊英等,,,
52206,卷六十一,漢紀五十三,李郭樊內鬥及劫天子質公卿,春，正月，癸丑，赦天下,苞等因將所領兵歸汜,,,
52207,卷六十一,漢紀五十三,李傕拒和解,是日，傕復移乘輿境北塢,在三公之右,,,
52208,卷六十一,漢紀五十三,定陶之戰及呂布投劉備,呂布將薛蘭,外然之而內不悅,,,
52209,卷六十一,漢紀五十三,爭劫漢獻帝及軍閥亂斗,李傕、郭汜相攻連月,大破之，斬首數千級,,,
52210,卷六十一,漢紀五十三,獻帝流亡及沮授進策,於是董承等以新破傕等,紹不從,,,
52211,卷六十一,漢紀五十三,孫策破劉繇及團隊初成,初，丹陽朱治嘗為孫堅校尉,繇從之,,,
52212,卷六十一,漢紀五十三,笮融濫殺及臧洪死守,初，陶謙以笮融為下邳相,如何一日殺二烈士,,,
52213,卷六十一,漢紀五十三,公孫瓚建易京,公孫瓚既殺劉虞,居于平陽,,,
52301,卷六十二,漢紀五十四,徐州易主及獻帝還雒陽,春，正月，癸酉，大赦，改元,或為士兵所殺,,,
52302,卷六十二,漢紀五十四,袁術欲稱帝,袁術以讖言“代漢者當涂高”,策遂與之絕,,,
52303,卷六十二,漢紀五十四,曹操挾天子,曹操在許，謀迎天子,始立宗廟社稷於許,,,
52304,卷六十二,漢紀五十四,孫策破王朗及曹操得謀士,孫策將取會稽,當事不當爾邪,,,
52305,卷六十二,漢紀五十四,孔融破走曹操屯田轅門射戟,北海太守孔融,然後各罷,,,
52306,卷六十二,漢紀五十四,劉備投曹操及張繡附劉表,備合兵得萬餘人,表乃止,,,
52307,卷六十二,漢紀五十四,禰衡死張繡叛及十勝十敗,平原禰衡,騰、遂各遣子入侍,,,
52308,卷六十二,漢紀五十四,袁術稱帝及呂布破之,袁術稱帝於壽春,布騎皆於水北大咍笑之而還,,,
52309,卷六十二,漢紀五十四,陷陣營陳國破袁術衰釋楊彪,泰山賊帥臧霸襲琅邪相蕭建於莒,由是得免於禍,,,
52310,卷六十二,漢紀五十四,李傕郭汜黨盡,馬日磾喪至京師,封閺鄉侯,,,
52311,卷六十二,漢紀五十四,戰張繡及下邳之戰,初，袁紹每得詔書,陳登以功加伏波將軍,,,
52312,卷六十二,漢紀五十四,孫策貢獻及收祖郎太史慈,劉表與袁紹深相結約,軍人以為榮,,,
52313,卷六十二,漢紀五十四,太史慈然諾及易京危,會劉繇卒於豫章,瓚众日䠞,,,
52401,卷六十三,漢紀五十五,公孫瓚自焚及袁術歐血死,春，三月，黑山賊帥張燕與公孫續率兵十萬,故廣陵太守徐璆得傳國璽，獻之,,,
52402,卷六十三,漢紀五十五,論戰官渡張繡降曹鎮撫關中,袁紹既克公孫瓚,關中由是服從,,,
52403,卷六十三,漢紀五十五,劉表中立及韓嵩使曹,袁紹使人求助於劉表,乃弗誅而囚之,,,
52404,卷六十三,漢紀五十五,孫策吞劉勳華歆嚴白虎,揚州賊帥鄭寶欲略居民以赴江表,此丈夫之志也。乃舍之,,,
52405,卷六十三,漢紀五十五,衣帶詔及徐州之戰,曹操復屯官渡,所亡士卒稍稍歸之,,,
52406,卷六十三,漢紀五十五,囚田豐斬顏良誅文丑,曹操還軍官渡,紹軍奪氣,,,
52407,卷六十三,漢紀五十五,關羽歸劉備及孫策死,初，操壯關羽之為人,壬午，馮薨,,,
52408,卷六十三,漢紀五十五,李通忠曹及對峙官渡,汝南黃巾劉辟等叛曹操應袁紹,乃堅壁持之,,,
52409,卷六十三,漢紀五十五,官渡之戰,操見運者,況眾人乎,,,
52410,卷六十三,漢紀五十五,袁紹殺田豐及劉馥建合肥,冀州城邑多降於操,以脩戰守之備,,,
52411,卷六十三,漢紀五十五,榻上策,曹操聞孫策死,統，俊之子也,,,
52412,卷六十三,漢紀五十五,孫權除異己及張魯據漢中,盧陵太守孫輔恐權不能保江東,蜀郡、廣漢、犍為皆應之,,,
52501,卷六十四,漢紀五十六,劉備奔劉表及張遼收昌豨,春，三月，丁卯朔，日有食之,操遣豨還,,,
52502,卷六十四,漢紀五十六,益州之亂及張魯治漢中,趙韙圍劉璋於成都,魯從之,,,
52503,卷六十四,漢紀五十六,袁譚袁尚爭位及鍾繇定河東,春，正月，曹操軍譙,南單于遂降,,,
52504,卷六十四,漢紀五十六,博望坡之戰及周瑜拒質曹,劉表使劉備北侵,遂不送質,,,
52505,卷六十四,漢紀五十六,轉攻劉表及二袁鬩墻,春，二月，曹操攻黎陽,譚、尚皆不從,,,
52506,卷六十四,漢紀五十六,勸攻二袁及孫權出征,辛毗至西平見曹操,拜齊平東校尉,,,
52507,卷六十四,漢紀五十六,鄴之戰,春，正月，曹操濟河,稟食之,,,
52508,卷六十四,漢紀五十六,殺許攸降高幹袁譚反,初，袁紹與曹操共起兵,略定諸縣,,,
52509,卷六十四,漢紀五十六,牽招使遼東及徐氏刺媯覽,曹操表公孫度為武威將軍,統河部曲,,,
52510,卷六十四,漢紀五十六,斬袁譚收名士焦觸降張燕歸,春，正月，曹操攻南皮,封安國亭侯,,,
52511,卷六十四,漢紀五十六,高幹反及杜畿平治河東,故安趙犢,常為天下最,,,
52512,卷六十四,漢紀五十六,荀悅作申鑒,秘書監、侍中荀悅作申鑒五篇,而海內平矣,,,
52601,卷六十五,漢紀五十七,幷州治及仲長統,春，正月，有星孛於北斗,天道常然之大數也,,,
52602,卷六十五,漢紀五十七,郭嘉議擊烏桓,秋，七月，武威太守張猛殺雍州刺史邯鄲商,掩其不意,,,
52603,卷六十五,漢紀五十七,辟田疇及白狼山之戰,初，袁紹數遣使召田疇於無終,則此未足為恨也,,,
52604,卷六十五,漢紀五十七,三顧茅廬及隆中對,是歲，孫權西擊黃祖,故德操與劉備語而稱之,,,
52605,卷六十五,漢紀五十七,甘寧奔吳及斬黃祖,春，正月，司徒趙溫辟曹操子丕,令寧將兵屯於他所,,,
52606,卷六十五,漢紀五十七,曹丞相唯才是舉及馬騰入朝,夏，六月，罷三公官,悉徙其家屬詣鄴,,,
52607,卷六十五,漢紀五十七,殺孔融及劉表死,秋，七月，曹操南擊劉表,琦奔江南,,,
52608,卷六十五,漢紀五十七,劉琮降曹及劉備敗長坂,章陵太守蒯越及東曹掾傅巽等勸劉琮降曹,與俱到夏口,,,
52609,卷六十五,漢紀五十七,曹操收荊州將士,曹操進軍江陵,從人望也,,,
52610,卷六十五,漢紀五十七,魯肅聯劉備及諸葛說孫權,冬，十月，癸未朔，日有食之,與其群下謀之,,,
52611,卷六十五,漢紀五十七,魯肅周瑜定策抗曹,是時，曹操遺權書曰,助畫方略,,,
52612,卷六十五,漢紀五十七,赤壁之戰,劉備在樊口,使張昭攻九江之當塗，不克,,,
52613,卷六十五,漢紀五十七,荊州四郡田疇拒封賀齊討賊,劉備表劉琦為荊州刺史,以齊為太守,,,
52701,卷六十六,漢紀五十八,孫權嫁妹及蔣幹說瑜,春，三月，曹操軍至譙,操善之,,,
52702,卷六十六,漢紀五十八,銅爵臺及劉備還公安,春，下令曰,殆不免周瑜之手,,,
52703,卷六十六,漢紀五十八,周瑜死借荊州呂蒙學士燮服,周瑜詣京見權曰,由是嶺南始服屬於權,,,
52704,卷六十六,漢紀五十八,潼關之戰,春，正月，以曹操世子丕為五官中郎將,操乃增河東太守杜畿秩中二千石,,,
52705,卷六十六,漢紀五十八,劉璋迎劉備入蜀,扶風法正為劉璋軍議校尉,厚樹恩德以收眾心,,,
52706,卷六十六,漢紀五十八,平賊寇誅馬騰石頭城,春，正月，曹操還鄴,改秣陵為建業,,,
52707,卷六十六,漢紀五十八,董昭勸進荀彧飲藥,呂蒙聞曹操欲東兵,豈人情乎,,,
52708,卷六十六,漢紀五十八,劉備反目及濡須退兵,十二月，有星孛于五諸侯,拜濟丹陽太守,,,
52709,卷六十六,漢紀五十八,進魏公及益州之戰,五月，丙申，以冀州十郡封曹操為魏公,魏公操納三女為貴人,,,
52710,卷六十六,漢紀五十八,冀城之圍及鹵城之戰,初，魏公操追馬超至安定,賜楊阜爵關內侯,,,
52711,卷六十六,漢紀五十八,魏國建制及議復肉刑,冬，十一月，魏初置尚書、侍中、六卿,顧眾議而止,,,
52801,卷六十七,漢紀五十九,夏侯淵平涼及呂蒙破皖城,春，馬超從張魯求兵,還屯尋陽,,,
52802,卷六十七,漢紀五十九,釋嚴顏龐統死馬超投劉璋降,諸葛亮留關羽守荊州,佩振威將軍印綬,,,
52803,卷六十七,漢紀五十九,益州眾臣治蜀,備入成都,倉卒但免官而已,,,
52804,卷六十七,漢紀五十九,平宋建殺伏后立曹節,秋，七月，魏公操擊孫權,西平、金城諸將麴演、蔣石等共斬送韓遂首,,,
52805,卷六十七,漢紀五十九,湘水之盟,初，劉備在荊州,退無私面,,,
52806,卷六十七,漢紀五十九,陽平關之戰,秋，七月，魏公操至陽平,百姓自樂出徙洛、鄴者八萬餘口,,,
52807,卷六十七,漢紀五十九,逍遙津之戰,八月，孫權率眾十萬圍合肥,非但書紳也,,,
52808,卷六十七,漢紀五十九,張魯降曹及趙儼撫亂,九月，巴、賨夷帥朴胡、杜濩、任約,凡所全致二万馀口,,,
52809,卷六十七,漢紀五十九,殺崔琰黜毛玠服烏桓分匈奴,春，二月，魏公操還鄴,十一月，至譙,,,
52901,卷六十八,漢紀六十,蔣欽周泰及丕植爭位,春，正月，魏王操軍居巢,還家賜死,,,
52902,卷六十八,漢紀六十,漢中之戰及陸遜發跡,法正說劉備曰,顧人不能為耳,,,
52903,卷六十八,漢紀六十,許都之亂及斬吳蘭,魏王操使丞相長史王必典兵督許中事,魏王族子也,,,
52904,卷六十八,漢紀六十,曹彰平烏桓及楊洪援侯音反,夏，四月 ，代郡、上谷烏桓無臣氐等反,復屯樊,,,
52905,卷六十八,漢紀六十,定軍山之戰及劉備得漢中,初，夏侯淵戰雖數勝,劉備遂有漢中,,,
52906,卷六十八,漢紀六十,遷空漢中及劉備稱王,操恐劉備北取武都氐以逼關中,遽即受拜,,,
52907,卷六十八,漢紀六十,水淹七軍及樊城之戰,詔以魏王操夫人卞氏為王后,南鄉太守傅方皆降於羽,,,
52908,卷六十八,漢紀六十,誅魏諷殺楊修撫許攸議遷都,初，沛國魏諷有惑眾才,操從之,,,
52909,卷六十八,漢紀六十,呂蒙託病及陸遜修書,初，魯肅嘗勸孫權以曹操尚存,命皎為后繼可也,,,
52910,卷六十八,漢紀六十,徐晃破關羽及白衣渡江,魏王操之出漢中也,故羽吏士無鬥心,,,
52911,卷六十八,漢紀六十,潘濬歸吳及關羽被斬,會權至江陵,未几，璋卒,,,
52912,卷六十八,漢紀六十,呂蒙病死及孫權稱臣,呂蒙未及受封而疾發,風俗安可忽哉,,,
60101,卷六十九,魏紀一,曹操薨及曹丕即位,春，正月，武王至洛陽,丁儀以希意族滅，哀夫,,,
60102,卷六十九,魏紀一,九品官人法及麴演涼州之亂,初置散騎常侍、侍郎各四人,孫權遣使奉獻,,,
60103,卷六十九,魏紀一,孟達降魏及賈逵治豫州,蜀將軍孟達屯上庸,賜逵爵關內侯,,,
60104,卷六十九,魏紀一,曹魏代漢及曹丕從諫,左中郎將李伏,後遂為之稀出,,,
60105,卷六十九,魏紀一,劉備稱帝,春，正月，以議郎孔羨為宗聖侯,娶車騎將軍張飛女為太子妃,,,
60106,卷六十九,魏紀一,洛神死張飛死劉備攻吳,太祖之入鄴也,孫桓等五萬人拒之,,,
60107,卷六十九,魏紀一,孫權稱臣于禁慚死劉曄不用,皇弟鄢陵侯彰,罷五銖錢,,,
60108,卷六十九,魏紀一,張既平河西及孫權受吳王,涼州盧水胡治元多等反,基，繇之子也,,,
60109,卷六十九,魏紀一,交通四夷陸遜退讓曹袞謹慎,初，太祖既克蹋頓,江北諸郡為郢州,,,
60110,卷六十九,魏紀一,夷陵之戰,漢人自巫峽建平連營至夷陵界,吳破漢書到,,,
60111,卷六十九,魏紀一,黃權降魏及立郭后,秋，七月，冀州大蝗，饑,立皇后郭氏,,,
60112,卷六十九,魏紀一,曹丕首次伐吳,初，吳王遣于禁護軍浩周,以為南郡外援,,,
60201,卷七十,魏紀二,濡須口之戰及江陵之戰,春，正月，曹真使張郃擊破吳兵,帝不納，軍竟無功,,,
60202,卷七十,魏紀二,斬黃元劉備死諸葛主政,丁未，陳忠侯曹仁卒,亮垂泣三日,,,
60203,卷七十,魏紀二,南中之戰及吳蜀重盟,六月，甲戌，任城威王彰卒,君之誠款乃當爾邪,,,
60204,卷七十,魏紀二,百里疑城及暨艷事件,秋，七月，帝東巡，如許昌,十一月，戊申晦，日有食之,,,
60205,卷七十,魏紀二,軻比能擾及顧雍繼任,鮮卑軻比能誘步度根兄扶羅韓殺之,所不宜聽也。王從之,,,
60206,卷七十,魏紀二,七擒孟獲及曹丕還軍,利成郡兵蔡方等反,自今討賊計畫，善思論之,,,
60207,卷七十,魏紀二,冤殺鮑勳及曹丕卒,漢丞相亮欲出軍漢中,何遠之有哉,,,
60208,卷七十,魏紀二,曹叡即位懼退孫權騙斬士徽,太子即皇帝位,各遣使入貢於吳,,,
60209,卷七十,魏紀二,禽彭綺王朗諫出師表,春，吳解煩督胡綜,屯於沔北陽平石馬,,,
60210,卷七十,魏紀二,止攻諸葛立毛皇后閃擊孟達,亮辟廣漢太守姚伷為掾,何其神速也,,,
60301,卷七十一,魏紀三,子午谷奇謀及馬謖失街亭,春，正月，司馬懿攻新城,乃使將軍郝昭等守陳倉，治其城,,,
60302,卷七十一,魏紀三,石亭之戰,夏，四月，丁酉，帝還洛陽,帝以滿寵督揚州以代之,,,
60303,卷七十一,魏紀三,後出師表及二次北伐,護烏桓校尉田豫擊鮮卑鬰築鞬,詔賜昭爵關內侯,,,
60304,卷七十一,魏紀三,立公孫淵三次北伐孫權稱帝,初，公孫康卒,以函谷關為界,,,
60305,卷七十一,魏紀三,約飭支子孫吳遷都張紘遺書,張昭以老病上還官位及所統領,吳主省書，為之流涕,,,
60306,卷七十一,魏紀三,制魏新律及浮海夷州,冬，十月，改平望觀曰聽訟觀,吳主不聽,,,
60307,卷七十一,魏紀三,董昭整頓黨友,尚書琅邪諸葛誕,葬武宣皇后,,,
60308,卷七十一,魏紀三,曹真伐蜀,大司馬曹真以“漢人數入寇,改葬文昭皇后於朝陽陵,,,
60309,卷七十一,魏紀三,三戰合肥及隱蕃亂吳,吳主揚聲欲至合肥,召交州刺史呂岱還屯長沙漚口,,,
60401,卷七十二,魏紀四,四次北伐及張郃戰死,春，二月，吳主假太常潘濬節,飛矢中郃右膝而卒,,,
60402,卷七十二,魏紀四,曹植上疏諫重宗室,秋，七月，乙酉，皇子殷生,自如先帝令,,,
60403,卷七十二,魏紀四,李嚴免官及孫布詐降,漢丞相亮之攻祁山也,改明年元曰嘉禾,,,
60404,卷七十二,魏紀四,送葬曹淑及求馬公孫淵,春，正月，吳主少子建昌侯慮卒,十二月，帝還許昌宮,,,
60405,卷七十二,魏紀四,疏劉曄及杜恕上疏,侍中劉曄為帝所親重,畿之子也,,,
60406,卷七十二,魏紀四,陳矯盡職及合肥新城,帝嘗卒至尚書門,詔遂報聽,,,
60407,卷七十二,魏紀四,公孫淵斬使及軻比能寇邊,春，正月，甲申，青龍見摩陂井中,不以為恨,,,
60408,卷七十二,魏紀四,諫止伐公孫淵,陸遜上疏曰,然後朝會,,,
60409,卷七十二,魏紀四,四宦官歸國及四戰合肥,初，張彌、許晏等至襄平,亦不克,,,
60410,卷七十二,魏紀四,五次北伐及五戰合肥,蜀庲降都督張翼用法嚴峻,辛巳，帝還許昌,,,
60411,卷七十二,魏紀四,諸葛亮死及斬魏延,司馬懿與諸葛亮相守百餘日,實無反意也,,,
60412,卷七十二,魏紀四,吊祭諸葛宗預使吳請戰山越,諸軍還成都,十一月，濬還武昌,,,
60501,卷七十三,魏紀五,楊儀自殺及諫省宮室后妃,春，正月，戊子，以大將軍司馬懿為太尉,然皆優容之,,,
60502,卷七十三,魏紀五,重修崇華殿及曹袞死,秋，七月，洛陽崇華殿災,十一月，丁酉，帝行如許昌,,,
60503,卷七十三,魏紀五,刺軻比能及高堂隆諫異象,是歲，幽州刺史王雄使勇士韓龍刺殺鮮卑軻比能,君子謂羣於是乎長者矣,,,
60504,卷七十三,魏紀五,王昶戒子生定廟號公孫自立,乙未，帝行如許昌,誘呼鮮卑以侵擾北方,,,
60505,卷七十三,魏紀五,殺毛后行禘祀平山越,漢張后殂,徙屯廬江皖口,,,
60506,卷七十三,魏紀五,諫勿大興土木後宮,是歲，徙長安鍾簴,所謂意過其通者歟,,,
60507,卷七十三,魏紀五,考課法未行,帝深疾浮華之士,豐服其言,,,
60601,卷七十四,魏紀六,魏滅燕之戰及劉禪立太子,春，正月，帝召司馬懿於長安,殯殮於宅,,,
60602,卷七十四,魏紀六,步練師死及誅呂壹,九月，吳改元赤烏,未知諸君於管子何如耳,,,
60603,卷七十四,魏紀六,劉放孫資弄權,冬，十一月，壬午，以司空衛臻為司徒,乃疾趨入朝,,,
60604,卷七十四,魏紀六,曹叡托孤及曹爽結黨,春，正月，懿至，入見,以征東將軍滿寵為太尉,,,
60605,卷七十四,魏紀六,蔣琬寬厚呂岱平交周瑜後裔,夏，四月，吳督軍使者羊衜擊遼東守將,詔復以建寅之月為正,,,
60606,卷七十四,魏紀六,吳魏芍陂之戰及孫登卒,春，旱,駐公安,,,
60607,卷七十四,魏紀六,蔣琬水攻鄧艾屯田吳立二宮,漢大司馬蔣琬以諸葛亮數出秦川,書三、四上，吳主不聽,,,
60608,卷七十四,魏紀六,吳不疑蜀及六代論,春，正月，帝加元服,爽不能用,,,
60609,卷七十四,魏紀六,興勢之戰,春，正月，吳主以上大將軍陸遜為丞相,乃聽事終日而猶有不暇焉,,,
60610,卷七十四,魏紀六,二宮之爭起,春，正月，以票騎將軍趙儼為司空,吳主意乃稍解,,,
60611,卷七十四,魏紀六,董允死黃皓起,夏，六月，都鄉穆侯趙儼卒,由祗阿意迎合而皓浸潤構間故也,,,
60701,卷七十五,魏紀七,,,,,,
