索引號,干支,朝代變更,年號變更,重大事件,西漢,新朝,更始,東漢,臨朝稱制(實控),南越國,匈奴(北匈奴),南匈奴
-202,36,西漢,,垓下之戰,漢高祖5,,,,,趙佗2,冒頓8,
-201,37,,,,漢高祖6,,,,,趙佗3,冒頓9,
-200,38,,,白登之圍,漢高祖7,,,,,趙佗4,冒頓10,
-199,39,,,,漢高祖8,,,,,趙佗5,冒頓11,
-198,40,,,,漢高祖9,,,,,趙佗6,冒頓12,
-197,41,,,,漢高祖10,,,,,趙佗7,冒頓13,
-196,42,,,,漢高祖11,,,,,趙佗8,冒頓14,
-195,43,,,,漢高祖12,,,,呂后1,趙佗9,冒頓15,
-194,44,,,人彘,漢惠帝1,,,,呂后2,趙佗10,冒頓16,
-193,45,,,,漢惠帝2,,,,呂后3,趙佗11,冒頓17,
-192,46,,,呂后和親匈奴,漢惠帝3,,,,呂后4,趙佗12,冒頓18,
-191,47,,,,漢惠帝4,,,,呂后5,趙佗13,冒頓19,
-190,48,,,,漢惠帝5,,,,呂后6,趙佗14,冒頓20,
-189,49,,,,漢惠帝6,,,,呂后7,趙佗15,冒頓21,
-188,50,,,,漢惠帝7,,,,呂后8,趙佗16,冒頓22,
-187,51,,前少帝,,漢高后1,,,,呂后9,趙佗17,冒頓23,
-186,52,,,,漢高后2,,,,呂后10,趙佗18,冒頓24,
-185,53,,,,漢高后3,,,,呂后11,趙佗19,冒頓25,
-184,54,,,,漢高后4,,,,呂后12,趙佗20,冒頓26,
-183,55,,後少帝,,漢高后5,,,,呂后13,趙佗21,冒頓27,
-182,56,,,,漢高后6,,,,呂后14,趙佗22,冒頓28,
-181,57,,,,漢高后7,,,,呂后15,趙佗23,冒頓29,
-180,58,,,誅呂安劉,漢高后8,,,,呂后16,趙佗24,冒頓30,
-179,59,,前元,,漢文帝1,,,,,趙佗25,冒頓31,
-178,60,,,,漢文帝2,,,,,趙佗26,冒頓32,
-177,1,,,,漢文帝3,,,,,趙佗27,冒頓33,
-176,2,,,,漢文帝4,,,,,趙佗28,冒頓34,
-175,3,,,,漢文帝5,,,,,趙佗29,冒頓35,
-174,4,,,,漢文帝6,,,,,趙佗30,冒頓36,
-173,5,,,,漢文帝7,,,,,趙佗31,老上2,
-172,6,,,,漢文帝8,,,,,趙佗32,老上3,
-171,7,,,,漢文帝9,,,,,趙佗33,老上4,
-170,8,,,,漢文帝10,,,,,趙佗34,老上5,
-169,9,,,,漢文帝11,,,,,趙佗35,老上6,
-168,10,,,,漢文帝12,,,,,趙佗36,老上7,
-167,11,,,緹縈救父,漢文帝13,,,,,趙佗37,老上8,
-166,12,,,,漢文帝14,,,,,趙佗38,老上9,
-165,13,,,,漢文帝15,,,,,趙佗39,老上10,
-164,14,,,,漢文帝16,,,,,趙佗40,老上11,
-163,15,,後元,誅新垣平,漢文帝17,,,,,趙佗41,老上12,
-162,16,,,,漢文帝18,,,,,趙佗42,老上13,
-161,17,,,,漢文帝19,,,,,趙佗43,老上14,
-160,18,,,,漢文帝20,,,,,趙佗44,軍臣2,
-159,19,,,,漢文帝21,,,,,趙佗45,軍臣3,
-158,20,,,,漢文帝22,,,,,趙佗46,軍臣4,
-157,21,,,,漢文帝23,,,,,趙佗47,軍臣5,
-156,22,,前元,,漢景帝1,,,,,趙佗48,軍臣6,
-155,23,,,,漢景帝2,,,,,趙佗49,軍臣7,
-154,24,,,七國之亂,漢景帝3,,,,,趙佗50,軍臣8,
-153,25,,,,漢景帝4,,,,,趙佗51,軍臣9,
-152,26,,,,漢景帝5,,,,,趙佗52,軍臣10,
-151,27,,,,漢景帝6,,,,,趙佗53,軍臣11,
-150,28,,,改立劉徹,漢景帝7,,,,,趙佗54,軍臣12,
-149,29,,中元,,漢景帝8,,,,,趙佗55,軍臣13,
-148,30,,,,漢景帝9,,,,,趙佗56,軍臣14,
-147,31,,,,漢景帝10,,,,,趙佗57,軍臣15,
-146,32,,,,漢景帝11,,,,,趙佗58,軍臣16,
-145,33,,,,漢景帝12,,,,,趙佗59,軍臣17,
-144,34,,,,漢景帝13,,,,,趙佗60,軍臣18,
-143,35,,後元,,漢景帝14,,,,,趙佗61,軍臣19,
-142,36,,,,漢景帝15,,,,,趙佗62,軍臣20,
-141,37,,,,漢景帝16,,,,孝文竇皇后1,趙佗63,軍臣21,
-140,38,,建元,,漢武帝1,,,,孝文竇皇后2,趙佗64,軍臣22,
-139,39,,,張騫首次出使西域,漢武帝2,,,,孝文竇皇后3,趙佗65,軍臣23,
-138,40,,,東甌內遷,漢武帝3,,,,孝文竇皇后4,趙佗66,軍臣24,
-137,41,,,,漢武帝4,,,,孝文竇皇后5,趙佗67,軍臣25,
-136,42,,,,漢武帝5,,,,孝文竇皇后6,趙眜2,軍臣26,
-135,43,,,,漢武帝6,,,,孝文竇皇后7,趙眜3,軍臣27,
-134,44,,元光,,漢武帝7,,,,,趙眜4,軍臣28,
-133,45,,,馬邑之謀,漢武帝8,,,,,趙眜5,軍臣29,
-132,46,,,,漢武帝9,,,,,趙眜6,軍臣30,
-131,47,,,,漢武帝10,,,,,趙眜7,軍臣31,
-130,48,,,,漢武帝11,,,,,趙眜8,軍臣32,
-129,49,,,龍城之戰,漢武帝12,,,,,趙眜9,軍臣33,
-128,50,,元朔,,漢武帝13,,,,,趙眜10,軍臣34,
-127,51,,,推恩令|河南之戰,漢武帝14,,,,,趙眜11,軍臣35,
-126,52,,,張騫首次出使西域回,漢武帝15,,,,,趙眜12,軍臣36,
-125,53,,,,漢武帝16,,,,,趙眜13,伊稚斜2,
-124,54,,,漠南之戰,漢武帝17,,,,,趙眜14,伊稚斜3,
-123,55,,,,漢武帝18,,,,,趙眜15,伊稚斜4,
-122,56,,元狩,,漢武帝19,,,,,趙眜16,伊稚斜5,
-121,57,,,河西之戰,漢武帝20,,,,,趙嬰齊2,伊稚斜6,
-120,58,,,,漢武帝21,,,,,趙嬰齊3,伊稚斜7,
-119,59,,,漠北之戰|張騫二次出使西域|發行白鹿皮幣,漢武帝22,,,,,趙嬰齊4,伊稚斜8,
-118,60,,,,漢武帝23,,,,,趙嬰齊5,伊稚斜9,
-117,1,,,,漢武帝24,,,,,趙嬰齊6,伊稚斜10,
-116,2,,元鼎,,漢武帝25,,,,,趙嬰齊7,伊稚斜11,
-115,3,,,張騫二次出使西域回,漢武帝26,,,,,趙嬰齊8,伊稚斜12,
-114,4,,,,漢武帝27,,,,,趙嬰齊9,伊稚斜13,
-113,5,,,發行三官五銖,漢武帝28,,,,,趙嬰齊10,烏維2,
-112,6,,,酎金失侯|漢平南越,漢武帝29,,,,,趙興2|趙建德1,烏維3,
-111,7,,,漢平東越|開鑿六輔渠,漢武帝30,,,,,,烏維4,
-110,8,,元封,封禪泰山,漢武帝31,,,,,,烏維5,
-109,9,,,漢平滇國|漢滅朝鮮,漢武帝32,,,,,,烏維6,
-108,10,,,,漢武帝33,,,,,,烏維7,
-107,11,,,,漢武帝34,,,,,,烏維8,
-106,12,,,,漢武帝35,,,,,,烏維9,
-105,13,,,劉細君和親烏孫,漢武帝36,,,,,,烏維10,
-104,14,,太初,定太初曆|漢宛戰爭,漢武帝37,,,,,,兒單于2,
-103,15,,,,漢武帝38,,,,,,兒單于3,
-102,16,,,,漢武帝39,,,,,,兒單于4,
-101,17,,,劉解憂和親烏孫,漢武帝40,,,,,,呴犁湖2,
-100,18,,天漢,,漢武帝41,,,,,,且鞮侯2,
-99,19,,,浚稽山之戰,漢武帝42,,,,,,且鞮侯3,
-98,20,,,,漢武帝43,,,,,,且鞮侯4,
-97,21,,,,漢武帝44,,,,,,且鞮侯5,
-96,22,,太始,,漢武帝45,,,,,,且鞮侯6,
-95,23,,,修築白渠,漢武帝46,,,,,,狐鹿姑2,
-94,24,,,,漢武帝47,,,,,,狐鹿姑3,
-93,25,,,,漢武帝48,,,,,,狐鹿姑4,
-92,26,,征和,,漢武帝49,,,,,,狐鹿姑5,
-91,27,,,巫蠱之禍,漢武帝50,,,,,,狐鹿姑6,
-90,28,,,李廣利降匈奴,漢武帝51,,,,,,狐鹿姑7,
-89,29,,,輪臺詔,漢武帝52,,,,,,狐鹿姑8,
-88,30,,後元,莽何羅刺漢武帝,漢武帝53,,,,,,狐鹿姑9,
-87,31,,,,漢武帝54,,,,,,狐鹿姑10,
-86,32,,始元,,漢昭帝1,,,,,,狐鹿姑11,
-85,33,,,,漢昭帝2,,,,,,狐鹿姑12,
-84,34,,,,漢昭帝3,,,,,,壺衍鞮2,
-83,35,,,,漢昭帝4,,,,,,壺衍鞮3,
-82,36,,,,漢昭帝5,,,,,,壺衍鞮4,
-81,37,,,鹽鐵之議|蘇武歸國,漢昭帝6,,,,,,壺衍鞮5,
-80,38,,元鳳,燕蓋之亂,漢昭帝7,,,,霍光1,,壺衍鞮6,
-79,39,,,,漢昭帝8,,,,霍光2,,壺衍鞮7,
-78,40,,,,漢昭帝9,,,,霍光3,,壺衍鞮8,
-77,41,,,傅介子刺樓蘭王,漢昭帝10,,,,霍光4,,壺衍鞮9,
-76,42,,,,漢昭帝11,,,,霍光5,,壺衍鞮10,
-75,43,,,,漢昭帝12,,,,霍光6,,壺衍鞮11,
-74,44,,元平,廢立劉賀,漢昭帝13|漢廢帝1,,,,霍光7,,壺衍鞮12,
-73,45,,本始,,漢宣帝1,,,,霍光8,,壺衍鞮13,
-72,46,,,聯烏抗匈,漢宣帝2,,,,霍光9,,壺衍鞮14,
-71,47,,,毒殺許后,漢宣帝3,,,,霍光10,,壺衍鞮15,
-70,48,,,,漢宣帝4,,,,霍光11,,壺衍鞮16,
-69,49,,地節,,漢宣帝5,,,,霍光12,,壺衍鞮17,
-68,50,,,霍光死,漢宣帝6,,,,霍光13,,壺衍鞮18,
-67,51,,,,漢宣帝7,,,,,,虛閭權渠2,
-66,52,,,霍禹之亂,漢宣帝8,,,,,,虛閭權渠3,
-65,53,,元康,,漢宣帝9,,,,,,虛閭權渠4,
-64,54,,,,漢宣帝10,,,,,,虛閭權渠5,
-63,55,,,,漢宣帝11,,,,,,虛閭權渠6,
-62,56,,,,漢宣帝12,,,,,,虛閭權渠7,
-61,57,,神爵,趙充國平西羌之戰,漢宣帝13,,,,,,虛閭權渠8,
-60,58,,,,漢宣帝14,,,,,,虛閭權渠9,
-59,59,,,,漢宣帝15,,,,,,握衍朐鞮2,
-58,60,,,,漢宣帝16,,,,,,握衍朐鞮3,
-57,1,,五鳳,五單于爭立,漢宣帝17,,,,,,呼韓邪2|屠耆2,
-56,2,,,,漢宣帝18,,,,,,呼韓邪3|屠耆3|郅支1,
-55,3,,,,漢宣帝19,,,,,,呼韓邪4|郅支2,
-54,4,,,,漢宣帝20,,,,,,呼韓邪5|郅支3,
-53,5,,甘露,烏孫大小昆彌並立,漢宣帝21,,,,,,呼韓邪6|郅支4,
-52,6,,,,漢宣帝22,,,,,,呼韓邪7|郅支5,
-51,7,,,呼韓邪單于來朝|麒麟閣十一功臣|石渠閣會議,漢宣帝23,,,,,,呼韓邪8|郅支6,
-50,8,,,,漢宣帝24,,,,,,呼韓邪9|郅支7,
-49,9,,黃龍,,漢宣帝25,,,,,,呼韓邪10|郅支8,
-48,10,,初元,,漢元帝1,,,,,,呼韓邪11|郅支9,
-47,11,,,,漢元帝2,,,,,,呼韓邪12|郅支10,
-46,12,,,,漢元帝3,,,,,,呼韓邪13|郅支11,
-45,13,,,,漢元帝4,,,,,,呼韓邪14|郅支12,
-44,14,,,,漢元帝5,,,,,,呼韓邪15|郅支13,
-43,15,,永光,,漢元帝6,,,,,,呼韓邪16|郅支14,
-42,16,,,,漢元帝7,,,,,,呼韓邪17|郅支15,
-41,17,,,,漢元帝8,,,,,,呼韓邪18|郅支16,
-40,18,,,,漢元帝9,,,,,,呼韓邪19|郅支17,
-39,19,,,,漢元帝10,,,,,,呼韓邪20|郅支18,
-38,20,,建昭,,漢元帝11,,,,,,呼韓邪21|郅支19,
-37,21,,,,漢元帝12,,,,,,呼韓邪22|郅支20,
-36,22,,,郅支之戰,漢元帝13,,,,,,呼韓邪23|郅支21,
-35,23,,,,漢元帝14,,,,,,呼韓邪24,
-34,24,,,,漢元帝15,,,,,,呼韓邪25,
-33,25,,竟寧,昭君出塞,漢元帝16,,,,,,呼韓邪26,
-32,26,,建始,,漢成帝1,,,,,,呼韓邪27,
-31,27,,,,漢成帝2,,,,,,呼韓邪28,
-30,28,,,,漢成帝3,,,,,,復株累2,
-29,29,,,河決金堤,漢成帝4,,,,,,復株累3,
-28,30,,河平,,漢成帝5,,,,,,復株累4,
-27,31,,,一日五侯|陳立滅夜郎,漢成帝6,,,,,,復株累5,
-26,32,,,,漢成帝7,,,,,,復株累6,
-25,33,,,,漢成帝8,,,,,,復株累7,
-24,34,,陽朔,,漢成帝9,,,,,,復株累8,
-23,35,,,,漢成帝10,,,,,,復株累9,
-22,36,,,,漢成帝11,,,,,,復株累10,
-21,37,,,,漢成帝12,,,,,,復株累11,
-20,38,,鴻嘉,,漢成帝13,,,,,,復株累12,
-19,39,,,,漢成帝14,,,,,,搜諧2,
-18,40,,,鄭躬起義,漢成帝15,,,,,,搜諧3,
-17,41,,,,漢成帝16,,,,,,搜諧4,
-16,42,,永始,趙飛燕立后|王莽封侯|罷昌陵,漢成帝17,,,,,,搜諧5,
-15,43,,,,漢成帝18,,,,,,搜諧6,
-14,44,,,,漢成帝19,,,,,,搜諧7,
-13,45,,,,漢成帝20,,,,,,搜諧8,
-12,46,,元延,,漢成帝21,,,,,,搜諧9,
-11,47,,,,漢成帝22,,,,,,車牙2,
-10,48,,,,漢成帝23,,,,,,車牙3,
-9,49,,,,漢成帝24,,,,,,車牙4,
-8,50,,綏和,淳于長誅,漢成帝25,,,,,,車牙5,
-7,51,,,移禍翟方進,漢成帝26,,,,,,烏珠留2,
-6,52,,建平,,漢哀帝1,,,,,,烏珠留3,
-5,53,,太初元將,,漢哀帝2,,,,,,烏珠留4,
-4,54,,,東平王祝詛,漢哀帝3,,,,,,烏珠留5,
-3,55,,,董賢封侯,漢哀帝4,,,,,,烏珠留6,
-2,56,,元壽,,漢哀帝5,,,,,,烏珠留7,
-1,57,,,,漢哀帝6,,,,王政君1,,烏珠留8,
1,58,,元始,,漢平帝1,,,,王政君2,,烏珠留9,
2,59,,,,漢平帝2,,,,王政君3,,烏珠留10,
3,60,,,狗血門事件,漢平帝3,,,,王政君4,,烏珠留11,
4,1,,,,漢平帝4,,,,王政君5,,烏珠留12,
5,2,,,,漢平帝5,,,,王政君6,,烏珠留13,
6,3,,居攝,,漢平帝6,王莽-1,,,王政君7,,烏珠留14,
7,4,,,翟義反莽,孺子嬰2,王莽-2,,,王政君8,,烏珠留15,
8,5,,,,孺子嬰3,王莽-3,,,王政君9,,烏珠留16,
9,6,新朝,始初|始建國,王莽篡漢,孺子嬰4,王莽1,,,王政君10,,烏珠留17,
10,7,,,五均六筦|降奴服于之戰|寶貨制,,王莽2,,,,,烏珠留18,
11,8,,,,,王莽3,,,,,烏珠留19,
12,9,,,下句麗,,王莽4,,,,,烏珠留20,
13,10,,,,,王莽5,,,,,烏珠留21,
14,11,,天鳳,,,王莽6,,,,,烏累2,
15,12,,,,,王莽7,,,,,烏累3,
16,13,,,,,王莽8,,,,,烏累4,
17,14,,,綠林起義,,王莽9,,,,,烏累5,
18,15,,,赤眉起義,,王莽10,,,,,烏累6,
19,16,,,,,王莽11,,,,,呼都而尸2,
20,17,,地皇,,,王莽12,,,,,呼都而尸3,
21,18,,,雲杜之戰,,王莽13,,,,,呼都而尸4,
22,19,,,成昌之戰|小長安之戰,,王莽14,,,,,呼都而尸5,
23,20,玄漢,更始,,,王莽15,更始帝1,,,,呼都而尸6,
24,21,,,劉秀破王郎,,,更始帝2,,,,呼都而尸7,
25,22,東漢,建武,,,,更始帝3,漢光武帝1,,,呼都而尸8,
26,23,,,,,,,漢光武帝2,,,呼都而尸9,
27,24,,,平赤眉,,,,漢光武帝3,,,呼都而尸10,
28,25,,,,,,,漢光武帝4,,,呼都而尸11,
29,26,,,,,,,漢光武帝5,,,呼都而尸12,
30,27,,,,,,,漢光武帝6,,,呼都而尸13,
31,28,,,,,,,漢光武帝7,,,呼都而尸14,
32,29,,,,,,,漢光武帝8,,,呼都而尸15,
33,30,,,隗囂死,,,,漢光武帝9,,,呼都而尸16,
34,31,,,,,,,漢光武帝10,,,呼都而尸17,
35,32,,,,,,,漢光武帝11,,,呼都而尸18,
36,33,,,公孫述死,,,,漢光武帝12,,,呼都而尸19,
37,34,,,,,,,漢光武帝13,,,呼都而尸20,
38,35,,,,,,,漢光武帝14,,,呼都而尸21,
39,36,,,度田令,,,,漢光武帝15,,,呼都而尸22,
40,37,,,二徵起義,,,,漢光武帝16,,,呼都而尸23,
41,38,,,,,,,漢光武帝17,,,呼都而尸24,
42,39,,,,,,,漢光武帝18,,,呼都而尸25,
43,40,,,,,,,漢光武帝19,,,呼都而尸26,
44,41,,,,,,,漢光武帝20,,,呼都而尸27,
45,42,,,,,,,漢光武帝21,,,呼都而尸28,
46,43,,,,,,,漢光武帝22,,,呼都而尸29|烏達鞮侯1|蒲奴1,
47,44,,,,,,,漢光武帝23,,,蒲奴2,
48,45,,,匈奴分南北,,,,漢光武帝24,,,蒲奴3,醢落尸逐鞮1
49,46,,,,,,,漢光武帝25,,,蒲奴……,醢落尸逐鞮2
50,47,,,,,,,漢光武帝26,,,,醢落尸逐鞮3
51,48,,,,,,,漢光武帝27,,,,醢落尸逐鞮4
52,49,,,,,,,漢光武帝28,,,,醢落尸逐鞮5
53,50,,,,,,,漢光武帝29,,,,醢落尸逐鞮6
54,51,,,,,,,漢光武帝30,,,,醢落尸逐鞮7
55,52,,,,,,,漢光武帝31,,,,醢落尸逐鞮8
56,53,,建武中元,光武封禪泰山,,,,漢光武帝32,,,,醢落尸逐鞮9
57,54,,,,,,,漢光武帝33,,,,丘浮尤鞮2
58,55,,永平,,,,,漢明帝1,,,,伊伐於慮鞮2
59,56,,,,,,,漢明帝2,,,,伊伐於慮鞮3
60,57,,,圖畫雲臺二十八將,,,,漢明帝3,,,,醢童尸逐侯鞮2
61,58,,,,,,,漢明帝4,,,,醢童尸逐侯鞮3
62,59,,,,,,,漢明帝5,,,,醢童尸逐侯鞮4
63,60,,,,,,,漢明帝6,,,,醢童尸逐侯鞮5|丘除車林鞮1
64,1,,,,,,,漢明帝7,,,,湖斜尸逐侯鞮2
65,2,,,,,,,漢明帝8,,,,湖斜尸逐侯鞮3
66,3,,,,,,,漢明帝9,,,,湖斜尸逐侯鞮4
67,4,,,修建白馬寺,,,,漢明帝10,,,,湖斜尸逐侯鞮5
68,5,,,,,,,漢明帝11,,,,湖斜尸逐侯鞮6
69,6,,,哀牢歸漢|王景治河,,,,漢明帝12,,,,湖斜尸逐侯鞮7
70,7,,,,,,,漢明帝13,,,,湖斜尸逐侯鞮8
71,8,,,窮治楚獄,,,,漢明帝14,,,,湖斜尸逐侯鞮9
72,9,,,,,,,漢明帝15,,,,湖斜尸逐侯鞮10
73,10,,,班超通西域,,,,漢明帝16,,,,湖斜尸逐侯鞮11
74,11,,,,,,,漢明帝17,,,,湖斜尸逐侯鞮12
75,12,,,,,,,漢明帝18,,,,湖斜尸逐侯鞮13
76,13,,建初,十三將士歸玉門,,,,漢章帝1,,,,湖斜尸逐侯鞮14
77,14,,,,,,,漢章帝2,,,,湖斜尸逐侯鞮15
78,15,,,,,,,漢章帝3,,,,湖斜尸逐侯鞮16
79,16,,,白虎觀會議,,,,漢章帝4,,,,湖斜尸逐侯鞮17
80,17,,,,,,,漢章帝5,,,,湖斜尸逐侯鞮18
81,18,,,,,,,漢章帝6,,,,湖斜尸逐侯鞮19
82,19,,,,,,,漢章帝7,,,,湖斜尸逐侯鞮20
83,20,,,,,,,漢章帝8,,,,湖斜尸逐侯鞮21
84,21,,元和,,,,,漢章帝9,,,,湖斜尸逐侯鞮22
85,22,,,,,,,漢章帝10,,,,湖斜尸逐侯鞮23
86,23,,,,,,,漢章帝11,,,優留單于……,伊屠於閭鞮2
87,24,,章和,,,,,漢章帝12,,,優留單于?,伊屠於閭鞮3
88,25,,,,,,,漢章帝13,章德竇皇后1,,北單于2,伊屠於閭鞮4
89,26,,永元,燕然勒石,,,,漢和帝1,章德竇皇后2,,北單于3,休蘭尸逐侯鞮2
90,27,,,,,,,漢和帝2,章德竇皇后3,,……,休蘭尸逐侯鞮3
91,28,,,,,,,漢和帝3,章德竇皇后4,,於除鞬1,休蘭尸逐侯鞮4
92,29,,,誅竇憲,,,,漢和帝4,章德竇皇后5,,於除鞬2,休蘭尸逐侯鞮5
93,30,,,,,,,漢和帝5,,,於除鞬3,休蘭尸逐侯鞮6
94,31,,,,,,,漢和帝6,,,逢侯1,安國2
95,32,,,,,,,漢和帝7,,,逢侯2,亭獨尸逐侯鞮2
96,33,,,,,,,漢和帝8,,,逢侯3,亭獨尸逐侯鞮3
97,34,,,甘英使大秦,,,,漢和帝9,,,逢侯4,亭獨尸逐侯鞮4
98,35,,,,,,,漢和帝10,,,逢侯5,亭獨尸逐侯鞮5
99,36,,,,,,,漢和帝11,,,逢侯6,萬氏尸逐侯鞮2
100,37,,,,,,,漢和帝12,,,逢侯7,萬氏尸逐侯鞮3
101,38,,,,,,,漢和帝13,,,逢侯8,萬氏尸逐侯鞮4
102,39,,,班超歸國,,,,漢和帝14,,,逢侯9,萬氏尸逐侯鞮5
103,40,,,,,,,漢和帝15,,,逢侯10,萬氏尸逐侯鞮6
104,41,,,,,,,漢和帝16,,,逢侯11,萬氏尸逐侯鞮7
105,42,,元興,蔡侯紙,,,,漢和帝17,,,逢侯12,萬氏尸逐侯鞮8
106,43,,延平,,,,,漢殤帝1,鄧綏1,,逢侯13,萬氏尸逐侯鞮9
107,44,,永初,罷西域都護|周章政變|水旱十載,,,,漢安帝1,鄧綏2,,逢侯14,萬氏尸逐侯鞮10
108,45,,,滇零稱帝,,,,漢安帝2,鄧綏3,,逢侯15,萬氏尸逐侯鞮11
109,46,,,張伯路起義,,,,漢安帝3,鄧綏4,,逢侯16,萬氏尸逐侯鞮12
110,47,,,,,,,漢安帝4,鄧綏5,,逢侯17,萬氏尸逐侯鞮13
111,48,,,,,,,漢安帝5,鄧綏6,,逢侯18,萬氏尸逐侯鞮14
112,49,,,,,,,漢安帝6,鄧綏7,,逢侯19,萬氏尸逐侯鞮15
113,50,,,,,,,漢安帝7,鄧綏8,,逢侯20,萬氏尸逐侯鞮16
114,51,,元初,,,,,漢安帝8,鄧綏9,,逢侯21,萬氏尸逐侯鞮17
115,52,,,,,,,漢安帝9,鄧綏10,,逢侯22,萬氏尸逐侯鞮18
116,53,,,,,,,漢安帝10,鄧綏11,,逢侯23,萬氏尸逐侯鞮19
117,54,,,,,,,漢安帝11,鄧綏12,,逢侯24,萬氏尸逐侯鞮20
118,55,,,刺平先零羌,,,,漢安帝12,鄧綏13,,逢侯25,萬氏尸逐侯鞮21
119,56,,,,,,,漢安帝13,鄧綏14,,……,萬氏尸逐侯鞮22
120,57,,永寧,,,,,漢安帝14,鄧綏15,,,萬氏尸逐侯鞮23
121,58,,建光,宦官滅諸鄧,,,,漢安帝15,鄧綏16,,,萬氏尸逐侯鞮24
122,59,,延光,,,,,漢安帝16,,,,萬氏尸逐侯鞮25
123,60,,,,,,,漢安帝17,,,,萬氏尸逐侯鞮26
124,1,,,廢太子劉保,,,,漢安帝18,,,,萬氏尸逐侯鞮27
125,2,,,封十九侯,,,,漢安帝19|劉懿1,閻姬1,,,烏稽侯尸逐鞮2
126,3,,永建,,,,,漢順帝1,,,,烏稽侯尸逐鞮3
127,4,,,,,,,漢順帝2,,,,烏稽侯尸逐鞮4
128,5,,,,,,,漢順帝3,,,,烏稽侯尸逐鞮5
129,6,,,,,,,漢順帝4,,,,去特若尸逐就2
130,7,,,,,,,漢順帝5,,,,去特若尸逐就3
131,8,,,,,,,漢順帝6,,,,去特若尸逐就4
132,9,,陽嘉,候風地動儀,,,,漢順帝7,,,,去特若尸逐就5
133,10,,,,,,,漢順帝8,,,,去特若尸逐就6
134,11,,,,,,,漢順帝9,,,,去特若尸逐就7
135,12,,,,,,,漢順帝10,,,,去特若尸逐就8
136,13,,永和,,,,,漢順帝11,,,,去特若尸逐就9
137,14,,,,,,,漢順帝12,,,,去特若尸逐就10
138,15,,,,,,,漢順帝13,,,,去特若尸逐就11
139,16,,,,,,,漢順帝14,,,,去特若尸逐就12
140,17,,,,,,,漢順帝15,,,,去特若尸逐就13|車鈕1
141,18,,,大將軍梁冀,,,,漢順帝16,,,,
142,19,,漢安,,,,,漢順帝17,,,,
143,20,,,,,,,漢順帝18,,,,呼蘭若尸逐就1
144,21,,建康,九江賊稱帝,,,,漢順帝19,梁妠1,,,呼蘭若尸逐就2
145,22,,永嘉,,,,,漢沖帝1,梁妠2,,,呼蘭若尸逐就3
146,23,,本初,,,,,漢質帝1,梁妠3,,,呼蘭若尸逐就4
147,24,,建和,劉鮪之亂,,,,漢桓帝1,梁妠4,,,呼蘭若尸逐就5
148,25,,,,,,,漢桓帝2,梁妠5,,,伊陵尸逐就2
149,26,,,,,,,漢桓帝3,梁妠6,,,伊陵尸逐就3
150,27,,和平,,,,,漢桓帝4,梁妠7,,,伊陵尸逐就4
151,28,,元嘉,,,,,漢桓帝5,梁冀1,,,伊陵尸逐就5
152,29,,,,,,,漢桓帝6,梁冀2,,,伊陵尸逐就6
153,30,,永興,,,,,漢桓帝7,梁冀3,,,伊陵尸逐就7
154,31,,,,,,,漢桓帝8,梁冀4,,,伊陵尸逐就8
155,32,,永壽,,,,,漢桓帝9,梁冀5,,,伊陵尸逐就9
156,33,,,張道陵死,,,,漢桓帝10,梁冀6,,,伊陵尸逐就10
157,34,,,,,,,漢桓帝11,梁冀7,,,伊陵尸逐就11
158,35,,延熹,,,,,漢桓帝12,梁冀8,,,伊陵尸逐就12
159,36,,,誅梁冀,,,,漢桓帝13,梁冀9,,,伊陵尸逐就13
160,37,,,,,,,漢桓帝14,,,,伊陵尸逐就14
161,38,,,,,,,漢桓帝15,,,,伊陵尸逐就15
162,39,,,,,,,漢桓帝16,,,,伊陵尸逐就16
163,40,,,,,,,漢桓帝17,,,,伊陵尸逐就17
164,41,,,,,,,漢桓帝18,,,,伊陵尸逐就18
165,42,,,,,,,漢桓帝19,,,,伊陵尸逐就19
166,43,,,,,,,漢桓帝20,,,,伊陵尸逐就20
167,44,,永康,,,,,漢桓帝21,,,,伊陵尸逐就21
168,45,,建寧,,,,,漢靈帝1,竇妙1,,,伊陵尸逐就22
169,46,,,,,,,漢靈帝2,,,,伊陵尸逐就23
170,47,,,,,,,漢靈帝3,,,,伊陵尸逐就24
171,48,,,,,,,漢靈帝4,,,,伊陵尸逐就25
172,49,,熹平,,,,,漢靈帝5,,,,伊陵尸逐就26
173,50,,,,,,,漢靈帝6,,,,屠特若尸逐就2
174,51,,,,,,,漢靈帝7,,,,屠特若尸逐就3
175,52,,,,,,,漢靈帝8,,,,屠特若尸逐就4
176,53,,,,,,,漢靈帝9,,,,屠特若尸逐就5
177,54,,,,,,,漢靈帝10,,,,屠特若尸逐就6
178,55,,光和,,,,,漢靈帝11,,,,屠特若尸逐就7
179,56,,,,,,,漢靈帝12,,,,呼徵2
180,57,,,,,,,漢靈帝13,,,,羌渠2
181,58,,,,,,,漢靈帝14,,,,羌渠3
182,59,,,,,,,漢靈帝15,,,,羌渠4
183,60,,,,,,,漢靈帝16,,,,羌渠5
184,1,,中平,,,,,漢靈帝17,,,,羌渠6
185,2,,,,,,,漢靈帝18,,,,羌渠7
186,3,,,,,,,漢靈帝19,,,,羌渠8
187,4,,,,,,,漢靈帝20,,,,羌渠9
188,5,,,,,,,漢靈帝21,,,,羌渠10|持至尸逐侯1
189,6,,光熹|昭寧|永漢|中平,,,,,弘農懷王1|漢獻帝1,董卓1,,,須卜骨都侯2|持至尸逐侯2
190,7,,初平,,,,,漢獻帝2,董卓2,,,持至尸逐侯3
191,8,,,,,,,漢獻帝3,董卓3,,,持至尸逐侯4
192,9,,,,,,,漢獻帝4,董卓4,,,持至尸逐侯5
193,10,,,,,,,漢獻帝5,,,,持至尸逐侯6
194,11,,興平,,,,,漢獻帝6,,,,持至尸逐侯7
195,12,,,,,,,漢獻帝7,,,,持至尸逐侯8
196,13,,建安,,,,,漢獻帝8,曹操1,,,呼廚泉2
197,14,,,,,,,漢獻帝9,曹操2,,,呼廚泉3
198,15,,,,,,,漢獻帝10,曹操3,,,呼廚泉4
199,16,,,,,,,漢獻帝11,曹操4,,,呼廚泉5
200,17,,,,,,,漢獻帝12,曹操5,,,呼廚泉6
201,18,,,,,,,漢獻帝13,曹操6,,,呼廚泉7
202,19,,,,,,,漢獻帝14,曹操7,,,呼廚泉8
203,20,,,,,,,漢獻帝15,曹操8,,,呼廚泉9
204,21,,,,,,,漢獻帝16,曹操9,,,呼廚泉10
205,22,,,,,,,漢獻帝17,曹操10,,,呼廚泉11
206,23,,,,,,,漢獻帝18,曹操11,,,呼廚泉12
207,24,,,,,,,漢獻帝19,曹操12,,,呼廚泉13
208,25,,,,,,,漢獻帝20,曹操13,,,呼廚泉14
209,26,,,,,,,漢獻帝21,曹操14,,,呼廚泉15
210,27,,,,,,,漢獻帝22,曹操15,,,呼廚泉16
211,28,,,,,,,漢獻帝23,曹操16,,,呼廚泉17
212,29,,,,,,,漢獻帝24,曹操17,,,呼廚泉18
213,30,,,,,,,漢獻帝25,曹操18,,,呼廚泉19
214,31,,,,,,,漢獻帝26,曹操19,,,呼廚泉20
215,32,,,,,,,漢獻帝27,曹操20,,,呼廚泉21
216,33,,,,,,,漢獻帝28,曹操21,,,呼廚泉22
217,34,,,,,,,漢獻帝29,曹操22,,,
218,35,,,,,,,漢獻帝30,曹操23,,,
219,36,,,,,,,漢獻帝31,曹操24,,,
220,37,,延康,,,,,漢獻帝32,曹操25,,,
