索引號,干支,朝代變更,重大事件,東周,齊國,晉國,秦國,楚國,趙國,魏國,韓國,燕國,魯國,吳國,越國,宋國,鄭國,衛國,中山國,備注
-475,3,戰國,,周元王1,齊平公6,晉定公37,秦厲共公2,楚惠王14,,,,燕孝公18,魯哀公20,夫差21,勾践23,宋景公42,鄭聲公26,衛出公2,,
-474,4,,,周元王2,齊平公7,晉出公1,秦厲共公3,楚惠王15,,,,燕孝公19,魯哀公21,夫差22,勾践24,宋景公43,鄭聲公27,衛出公3,,
-473,5,,越滅吴,周元王3,齊平公8,晉出公2,秦厲共公4,楚惠王16,,,,燕孝公20,魯哀公22,夫差23,勾践25,宋景公44,鄭聲公28,衛出公4,,
-472,6,,,周元王4,齊平公9,晉出公3,秦厲共公5,楚惠王17,,,,燕孝公21,魯哀公23,,勾践26,宋景公45,鄭聲公29,衛出公5,,
-471,7,,,周元王5,齊平公10,晉出公4,秦厲共公6,楚惠王18,,,,燕孝公22,魯哀公24,,勾践27,宋景公46,鄭聲公30,衛出公6,,
-470,8,,,周元王6,齊平公11,晉出公5,秦厲共公7,楚惠王19,,,,燕孝公23,魯哀公25,,勾践28,宋景公47,鄭聲公31,衛出公7,,
-469,9,,,周元王7,齊平公12,晉出公6,秦厲共公8,楚惠王20,,,,燕孝公24,魯哀公26,,勾践29,宋景公48,鄭聲公32,衛出公8,,
-468,10,,,周貞定王1,齊平公13,晉出公7,秦厲共公9,楚惠王21,,,,燕孝公25,魯哀公27,,勾践30,宋景公49,鄭聲公33,衛出公9,,
-467,11,,,周貞定王2,齊平公14,晉出公8,秦厲共公10,楚惠王22,,,,燕孝公26,魯悼公1,,勾践31,宋景公50,鄭聲公34,衛出公10,,
-466,12,,,周貞定王3,齊平公15,晉出公9,秦厲共公11,楚惠王23,,,,燕孝公27,魯悼公2,,勾践32,宋景公51,鄭聲公35,衛出公11,,
-465,13,,,周貞定王4,齊平公16,晉出公10,秦厲共公12,楚惠王24,,,,燕孝公28,魯悼公3,,勾践33,宋景公52,鄭聲公36,衛出公12,,
-464,14,,,周貞定王5,齊平公17,晉出公11,秦厲共公13,楚惠王25,,,,燕孝公29,魯悼公4,,鹿郢1,宋景公53,鄭聲公37,衛出公13,,
-463,15,,,周貞定王6,齊平公18,晉出公12,秦厲共公14,楚惠王26,,,,燕孝公30,魯悼公5,,鹿郢2,宋景公54,鄭聲公38,衛出公14,,
-462,16,,,周貞定王7,齊平公19,晉出公13,秦厲共公15,楚惠王27,,,,燕孝公31,魯悼公6,,鹿郢3,宋景公55,鄭哀公1,衛出公15,,
-461,17,,,周貞定王8,齊平公20,晉出公14,秦厲共公16,楚惠王28,,,,燕孝公32,魯悼公7,,鹿郢4,宋景公56,鄭哀公2,衛出公16,,
-460,18,,,周貞定王9,齊平公21,晉出公15,秦厲共公17,楚惠王29,,,,燕孝公33,魯悼公8,,鹿郢5,宋景公57,鄭哀公3,衛出公17,,
-459,19,,,周貞定王10,齊平公22,晉出公16,秦厲共公18,楚惠王30,,,,燕孝公34,魯悼公9,,鹿郢6,宋景公58,鄭哀公4,衛出公18,,
-458,20,,,周貞定王11,齊平公23,晉出公17,秦厲共公19,楚惠王31,,,,燕孝公35,魯悼公10,,不寿1,宋景公59,鄭哀公5,衛出公19,,
-457,21,,,周貞定王12,齊平公24,晉出公18,秦厲共公20,楚惠王32,,,,燕孝公36,魯悼公11,,不寿2,宋景公60,鄭哀公6,衛出公20,,
-456,22,,,周貞定王13,齊平公25,晉出公19,秦厲共公21,楚惠王33,,,,燕孝公37,魯悼公12,,不寿3,宋景公61,鄭哀公7,衛出公21,,
-455,23,,,周貞定王14,齊宣公1,晉出公20,秦厲共公22,楚惠王34,,,,燕孝公38,魯悼公13,,不寿4,宋景公62,鄭哀公8,衛悼公1,,
-454,24,,,周貞定王15,齊宣公2,晉出公21,秦厲共公23,楚惠王35,,,,燕成公1,魯悼公14,,不寿5,宋景公63,鄭共公1,衛悼公2,,
-453,25,,三家滅智,周貞定王16,齊宣公3,晉出公22,秦厲共公24,楚惠王36,,,,燕成公2,魯悼公15,,不寿6,宋景公64,鄭共公2,衛悼公3,,
-452,26,,,周貞定王17,齊宣公4,晉出公23,秦厲共公25,楚惠王37,,,,燕成公3,魯悼公16,,不寿7,宋後昭公1,鄭共公3,衛悼公4,,
-451,27,,,周貞定王18,齊宣公5,晉哀公1,秦厲共公26,楚惠王38,,,,燕成公4,魯悼公17,,不寿8,宋後昭公2,鄭共公4,衛悼公5,,
-450,28,,,周貞定王19,齊宣公6,晉哀公2,秦厲共公27,楚惠王39,,,,燕成公5,魯悼公18,,不寿9,宋後昭公3,鄭共公5,衛敬公1,,
-449,29,,,周貞定王20,齊宣公7,晉哀公3,秦厲共公28,楚惠王40,,,,燕成公6,魯悼公19,,不寿10,宋後昭公4,鄭共公6,衛敬公2,,
-448,30,,,周貞定王21,齊宣公8,晉哀公4,秦厲共公29,楚惠王41,,,,燕成公7,魯悼公20,,朱勾1,宋後昭公5,鄭共公7,衛敬公3,,
-447,31,,,周貞定王22,齊宣公9,晉哀公5,秦厲共公30,楚惠王42,,,,燕成公8,魯悼公21,,朱勾2,宋後昭公6,鄭共公8,衛敬公4,,
-446,32,,,周貞定王23,齊宣公10,晉哀公6,秦厲共公31,楚惠王43,,,,燕成公9,魯悼公22,,朱勾3,宋後昭公7,鄭共公9,衛敬公5,,
-445,33,,,周貞定王24,齊宣公11,晉哀公7,秦厲共公32,楚惠王44,,,,燕成公10,魯悼公23,,朱勾4,宋後昭公8,鄭共公10,衛敬公6,,
-444,34,,,周貞定王25,齊宣公12,晉哀公8,秦厲共公33,楚惠王45,,,,燕成公11,魯悼公24,,朱勾5,宋後昭公9,鄭共公11,衛敬公7,,
-443,35,,,周貞定王26,齊宣公13,晉哀公9,秦厲共公34,楚惠王46,,,,燕成公12,魯悼公25,,朱勾6,宋後昭公10,鄭共公12,衛敬公8,,
-442,36,,,周貞定王27,齊宣公14,晉哀公10,秦躁公1,楚惠王47,,,,燕成公13,魯悼公26,,朱勾7,宋後昭公11,鄭共公13,衛敬公9,,
-441,37,,,周貞定王28,齊宣公15,晉哀公11,秦躁公2,楚惠王48,,,,燕成公14,魯悼公27,,朱勾8,宋後昭公12,鄭共公14,衛敬公10,,
-440,38,,,周考王1,齊宣公16,晉哀公12,秦躁公3,楚惠王49,,,,燕成公15,魯悼公28,,朱勾9,宋後昭公13,鄭共公15,衛敬公11,,
-439,39,,,周考王2,齊宣公17,晉哀公13,秦躁公4,楚惠王50,,,,燕成公16,魯悼公29,,朱勾10,宋後昭公14,鄭共公16,衛敬公12,,
-438,40,,,周考王3,齊宣公18,晉哀公14,秦躁公5,楚惠王51,,,,燕閔公1,魯悼公30,,朱勾11,宋後昭公15,鄭共公17,衛敬公13,,
-437,41,,,周考王4,齊宣公19,晉哀公15,秦躁公6,楚惠王52,,,,燕閔公2,魯悼公31,,朱勾12,宋後昭公16,鄭共公18,衛敬公14,,
-436,42,,,周考王5,齊宣公20,晉哀公16,秦躁公7,楚惠王53,,,,燕閔公3,魯元公1,,朱勾13,宋後昭公17,鄭共公19,衛敬公15,,
-435,43,,,周考王6,齊宣公21,晉哀公17,秦躁公8,楚惠王54,,,,燕閔公4,魯元公2,,朱勾14,宋後昭公18,鄭共公20,衛敬公16,,
-434,44,,,周考王7,齊宣公22,晉哀公18,秦躁公9,楚惠王55,,,,燕閔公5,魯元公3,,朱勾15,宋後昭公19,鄭共公21,衛敬公17,,
-433,45,,,周考王8,齊宣公23,晉幽公1,秦躁公10,楚惠王56,,,,燕閔公6,魯元公4,,朱勾16,宋後昭公20,鄭共公22,衛敬公18,,
-432,46,,,周考王9,齊宣公24,晉幽公2,秦躁公11,楚惠王57,,,,燕閔公7,魯元公5,,朱勾17,宋後昭公21,鄭共公23,衛敬公19,,
-431,47,,,周考王10,齊宣公25,晉幽公3,秦躁公12,楚簡王1,,,,燕閔公8,魯元公6,,朱勾18,宋後昭公22,鄭共公24,衛昭公1,,
-430,48,,,周考王11,齊宣公26,晉幽公4,秦躁公13,楚簡王2,,,,燕閔公9,魯元公7,,朱勾19,宋後昭公23,鄭共公25,衛昭公2,,
-429,49,,,周考王12,齊宣公27,晉幽公5,秦躁公14,楚簡王3,,,,燕閔公10,魯元公8,,朱勾20,宋後昭公24,鄭共公26,衛昭公3,,
-428,50,,,周考王13,齊宣公28,晉幽公6,秦懷公1,楚簡王4,,,,燕閔公11,魯元公9,,朱勾21,宋後昭公25,鄭共公27,衛昭公4,,
-427,51,,,周考王14,齊宣公29,晉幽公7,秦懷公2,楚簡王5,,,,燕閔公12,魯元公10,,朱勾22,宋後昭公26,鄭共公28,衛昭公5,,
-426,52,,,周考王15,齊宣公30,晉幽公8,秦懷公3,楚簡王6,,,,燕閔公13,魯元公11,,朱勾23,宋後昭公27,鄭共公29,衛昭公6,,
-425,53,,,周威烈王1,齊宣公31,晉幽公9,秦懷公4,楚簡王7,,,,燕閔公14,魯元公12,,朱勾24,宋後昭公28,鄭共公30,衛懷公1,,
-424,54,,,周威烈王2,齊宣公32,晉幽公10,秦靈公1,楚簡王8,,,,燕閔公15,魯元公13,,朱勾25,宋後昭公29,鄭共公31,衛懷公2,,
-423,55,,,周威烈王3,齊宣公33,晉幽公11,秦靈公2,楚簡王9,,,,燕閔公16,魯元公14,,朱勾26,宋後昭公30,鄭幽公1,衛懷公3,,
-422,56,,李悝變法,周威烈王4,齊宣公34,晉幽公12,秦靈公3,楚簡王10,,,,燕閔公17,魯元公15,,朱勾27,宋後昭公31,鄭繻公1,衛懷公4,,
-421,57,,,周威烈王5,齊宣公35,晉幽公13,秦靈公4,楚簡王11,,,,燕閔公18,魯元公16,,朱勾28,宋後昭公32,鄭繻公2,衛懷公5,,
-420,58,,,周威烈王6,齊宣公36,晉幽公14,秦靈公5,楚簡王12,,,,燕閔公19,魯元公17,,朱勾29,宋後昭公33,鄭繻公3,衛懷公6,,
-419,59,,,周威烈王7,齊宣公37,晉幽公15,秦靈公6,楚簡王13,,,,燕閔公20,魯元公18,,朱勾30,宋後昭公34,鄭繻公4,衛懷公7,,
-418,60,,,周威烈王8,齊宣公38,晉幽公16,秦靈公7,楚簡王14,,,,燕閔公21,魯元公19,,朱勾31,宋後昭公35,鄭繻公5,衛懷公8,,
-417,1,,,周威烈王9,齊宣公39,晉幽公17,秦靈公8,楚簡王15,,,,燕閔公22,魯元公20,,朱勾32,宋後昭公36,鄭繻公6,衛懷公9,,
-416,2,,,周威烈王10,齊宣公40,晉烈公1,秦靈公9,楚簡王16,,,,燕閔公23,魯元公21,,朱勾33,宋後昭公37,鄭繻公7,衛懷公10,,
-415,3,,,周威烈王11,齊宣公41,晉烈公2,秦靈公10,楚簡王17,,,,燕閔公24,魯穆公1,,朱勾34,宋後昭公38,鄭繻公8,衛懷公11,,
-414,4,,,周威烈王12,齊宣公42,晉烈公3,秦簡公1,楚簡王18,,,,燕後簡公1,魯穆公2,,朱勾35,宋後昭公39,鄭繻公9,衛慎公1,中山武公1,
-413,5,,,周威烈王13,齊宣公43,晉烈公4,秦簡公2,楚簡王19,,,,燕後簡公2,魯穆公3,,朱勾36,宋後昭公40,鄭繻公10,衛慎公2,中山武公2,
-412,6,,,周威烈王14,齊宣公44,晉烈公5,秦簡公3,楚簡王20,,,,燕後簡公3,魯穆公4,,朱勾37,宋後昭公41,鄭繻公11,衛慎公3,中山武公3,
-411,7,,,周威烈王15,齊宣公45,晉烈公6,秦簡公4,楚簡王21,,,,燕後簡公4,魯穆公5,,翳1,宋後昭公42,鄭繻公12,衛慎公4,中山武公4,
-410,8,,,周威烈王16,齊宣公46,晉烈公7,秦簡公5,楚簡王22,,,,燕後簡公5,魯穆公6,,翳2,宋後昭公43,鄭繻公13,衛慎公5,中山武公5,
-409,9,,,周威烈王17,齊宣公47,晉烈公8,秦簡公6,楚簡王23,,,,燕後簡公6,魯穆公7,,翳3,宋後昭公44,鄭繻公14,衛慎公6,中山武公6,
-408,10,,,周威烈王18,齊宣公48,晉烈公9,秦簡公7,楚簡王24,,,,燕後簡公7,魯穆公8,,翳4,宋後昭公45,鄭繻公15,衛慎公7,中山武公7,
-407,11,,,周威烈王19,齊宣公49,晉烈公10,秦簡公8,楚聲王1,,,,燕後簡公8,魯穆公9,,翳5,宋後昭公46,鄭繻公16,衛慎公8,中山武公8,
-406,12,,魏滅中山,周威烈王20,齊宣公50,晉烈公11,秦簡公9,楚聲王2,,,,燕後簡公9,魯穆公10,,翳6,宋後昭公47,鄭繻公17,衛慎公9,中山武公9,
-405,13,,,周威烈王21,齊宣公51,晉烈公12,秦簡公10,楚聲王3,,,,燕後簡公10,魯穆公11,,翳7,宋後昭公48,鄭繻公18,衛慎公10,,
-404,14,,三晉伐齊,周威烈王22,齊康公1,晉烈公13,秦簡公11,楚聲王4,,,,燕後簡公11,魯穆公12,,翳8,宋後昭公49,鄭繻公19,衛慎公11,,
-403,15,,三家建國,周威烈王23,齊康公2,晉烈公14,秦簡公12,楚聲王5,趙烈侯6,魏文侯1,韓景侯6,燕後簡公12,魯穆公13,,翳9,宋悼公1,鄭繻公20,衛慎公12,,通鑒起始年
-402,16,,,周威烈王24,齊康公3,晉烈公15,秦簡公13,楚聲王6,趙烈侯7,魏文侯2,韓景侯7,燕後簡公13,魯穆公14,,翳10,宋悼公2,鄭繻公21,衛慎公13,,
-401,17,,,周安王1,齊康公4,晉烈公16,秦簡公14,楚悼王1,趙烈侯8,魏文侯3,韓景侯8,燕後簡公14,魯穆公15,,翳11,宋悼公3,鄭繻公22,衛慎公14,,
-400,18,,,周安王2,齊康公5,晉烈公17,秦簡公15,楚悼王2,趙烈侯9,魏文侯4,韓景侯9,燕後簡公15,魯穆公16,,翳12,宋悼公4,鄭繻公23,衛慎公15,,
-399,19,,,周安王3,齊康公6,晉烈公18,秦惠公1,楚悼王3,趙武侯1,魏文侯5,韓烈侯1,燕後簡公16,魯穆公17,,翳13,宋悼公5,鄭繻公24,衛慎公16,,
-398,20,,,周安王4,齊康公7,晉烈公19,秦惠公2,楚悼王4,趙武侯2,魏文侯6,韓烈侯2,燕後簡公17,魯穆公18,,翳14,宋悼公6,鄭繻公25,衛慎公17,,
-397,21,,,周安王5,齊康公8,晉烈公20,秦惠公3,楚悼王5,趙武侯3,魏文侯7,韓烈侯3,燕後簡公18,魯穆公19,,翳15,宋悼公7,鄭繻公26,衛慎公18,,
-396,22,,,周安王6,齊康公9,晉烈公21,秦惠公4,楚悼王6,趙武侯4,魏文侯8,韓烈侯4,燕後簡公19,魯穆公20,,翳16,宋悼公8,鄭繻公27,衛慎公19,,
-395,23,,,周安王7,齊康公10,晉烈公22,秦惠公5,楚悼王7,趙武侯5,魏武侯1,韓烈侯5,燕後簡公20,魯穆公21,,翳17,宋休公1,鄭康公1,衛慎公20,,
-394,24,,,周安王8,齊康公11,晉烈公23,秦惠公6,楚悼王8,趙武侯6,魏武侯2,韓烈侯6,燕後簡公21,魯穆公22,,翳18,宋休公2,鄭康公2,衛慎公21,,
-393,25,,,周安王9,齊康公12,晉烈公24,秦惠公7,楚悼王9,趙武侯7,魏武侯3,韓烈侯7,燕後簡公22,魯穆公23,,翳19,宋休公3,鄭康公3,衛慎公22,,
-392,26,,,周安王10,齊康公13,晉烈公25,秦惠公8,楚悼王10,趙武侯8,魏武侯4,韓烈侯8,燕後簡公23,魯穆公24,,翳20,宋休公4,鄭康公4,衛慎公23,,
-391,27,,,周安王11,齊康公14,晉烈公26,秦惠公9,楚悼王11,趙武侯9,魏武侯5,韓烈侯9,燕後簡公24,魯穆公25,,翳21,宋休公5,鄭康公5,衛慎公24,,
-390,28,,,周安王12,齊康公15,晉烈公27,秦惠公10,楚悼王12,趙武侯10,魏武侯6,韓烈侯10,燕後簡公25,魯穆公26,,翳22,宋休公6,鄭康公6,衛慎公25,,
-389,29,,陰晉之戰,周安王13,齊康公16,晉烈公28,秦惠公11,楚悼王13,趙武侯11,魏武侯7,韓烈侯11,燕後簡公26,魯穆公27,,翳23,宋休公7,鄭康公7,衛慎公26,,
-388,30,,,周安王14,齊康公17,晉孝公1,秦惠公12,楚悼王14,趙武侯12,魏武侯8,韓烈侯12,燕後簡公27,魯穆公28,,翳24,宋休公8,鄭康公8,衛慎公27,,
-387,31,,,周安王15,齊康公18,晉孝公2,秦惠公13,楚悼王15,趙武侯13,魏武侯9,韓烈侯13,燕後簡公28,魯穆公29,,翳25,宋休公9,鄭康公9,衛慎公28,,
-386,32,,田氏代齊|吳起變法,周安王16,齊康公19,晉孝公3,秦出公1,楚悼王16,趙敬侯1,魏武侯10,韓文侯1,燕後簡公29,魯穆公30,,翳26,宋休公10,鄭康公10,衛慎公29,,
-385,33,,,周安王17,齊太公2,晉孝公4,秦出公2,楚悼王17,趙敬侯2,魏武侯11,韓文侯2,燕後簡公30,魯穆公31,,翳27,宋休公11,鄭康公11,衛慎公30,,
-384,34,,,周安王18,齊太公3,晉孝公5,秦獻公1,楚悼王18,趙敬侯3,魏武侯12,韓文侯3,燕後簡公31,魯穆公32,,翳28,宋休公12,鄭康公12,衛慎公31,,
-383,35,,,周安王19,齊廢公1,晉孝公6,秦獻公2,楚悼王19,趙敬侯4,魏武侯13,韓文侯4,燕後簡公32,魯穆公33,,翳29,宋休公13,鄭康公13,衛慎公32,,
-382,36,,,周安王20,齊廢公2,晉孝公7,秦獻公3,楚悼王20,趙敬侯5,魏武侯14,韓文侯5,燕後簡公33,魯共公1,,翳30,宋休公14,鄭康公14,衛慎公33,,
-381,37,,,周安王21,齊廢公3,晉孝公8,秦獻公4,楚悼王21,趙敬侯6,魏武侯15,韓文侯6,燕後簡公34,魯共公2,,翳31,宋休公15,鄭康公15,衛慎公34,,
-380,38,,,周安王22,齊廢公4,晉孝公9,秦獻公5,楚肅王1,趙敬侯7,魏武侯16,韓文侯7,燕後簡公35,魯共公3,,翳32,宋休公16,鄭康公16,衛慎公35,,
-379,39,,,周安王23,齊廢公5,晉孝公10,秦獻公6,楚肅王2,趙敬侯8,魏武侯17,韓文侯8,燕後簡公36,魯共公4,,翳33,宋休公17,鄭康公17,衛慎公36,,
-378,40,,,周安王24,齊廢公6,晉孝公11,秦獻公7,楚肅王3,趙敬侯9,魏武侯18,韓文侯9,燕後簡公37,魯共公5,,翳34,宋休公18,鄭康公18,衛慎公37,中山桓公1,
-377,41,,,周安王25,齊廢公7,晉孝公12,秦獻公8,楚肅王4,趙敬侯10,魏武侯19,韓文侯10,燕後簡公38,魯共公6,,翳35,宋休公19,鄭康公19,衛慎公38,中山桓公2,
-376,42,,三家分晉,周安王26,齊廢公8,晉靜公2,秦獻公9,楚肅王5,趙敬侯11,魏武侯20,韓哀侯1,燕後簡公39,魯共公7,,翳36,宋休公20,鄭康公20,衛慎公39,中山桓公3,
-375,43,,韓滅鄭,周烈王1,齊廢公9,,秦獻公10,楚肅王6,趙敬侯12,魏武侯21,韓哀侯2,燕後簡公40,魯共公8,,錯枝1,宋休公21,鄭康公21,衛慎公40,中山桓公4,
-374,44,,,周烈王2,齊桓公1,,秦獻公11,楚肅王7,趙成侯1,魏武侯22,韓哀侯3,燕後簡公41,魯共公9,,無餘1,宋休公22,,衛慎公41,中山桓公5,
-373,45,,,周烈王3,齊桓公2,,秦獻公12,楚肅王8,趙成侯2,魏武侯23,韓共侯2,燕後簡公42,魯共公10,,無餘2,宋休公23,,衛慎公42,中山桓公6,
-372,46,,,周烈王4,齊桓公3,,秦獻公13,楚肅王9,趙成侯3,魏武侯24,韓共侯3,燕桓公1,魯共公11,,無餘3,宋辟公1,,衛慎公43,中山桓公7,
-371,47,,,周烈王5,齊桓公4,,秦獻公14,楚肅王10,趙成侯4,魏武侯25,韓共侯4,燕桓公2,魯共公12,,無餘4,宋辟公2,,衛聲公2,中山桓公8,
-370,48,,,周烈王6,齊桓公5,,秦獻公15,楚肅王11,趙成侯5,魏武侯26,韓共侯5,燕桓公3,魯共公13,,無餘5,宋辟公3,,衛聲公3,中山桓公9,
-369,49,,濁澤之戰,周烈王7,齊桓公6,,秦獻公16,楚宣王1,趙成侯6,魏惠王1,韓共侯6,燕桓公4,魯共公14,,無餘6,宋剔成君1,,衛聲公4,中山桓公10,
-368,50,,,周顯王1,齊桓公7,,秦獻公17,楚宣王2,趙成侯7,魏惠王2,韓共侯7,燕桓公5,魯共公15,,無餘7,宋剔成君2,,衛聲公5,中山桓公11,
-367,51,,,周顯王2,齊桓公8,,秦獻公18,楚宣王3,趙成侯8,魏惠王3,韓共侯8,燕桓公6,魯共公16,,無餘8,宋剔成君3,,衛聲公6,中山桓公12,
-366,52,,,周顯王3,齊桓公9,,秦獻公19,楚宣王4,趙成侯9,魏惠王4,韓共侯9,燕桓公7,魯共公17,,無餘9,宋剔成君4,,衛聲公7,中山桓公13,
-365,53,,,周顯王4,齊桓公10,,秦獻公20,楚宣王5,趙成侯10,魏惠王5,韓共侯10,燕桓公8,魯共公18,,無餘10,宋剔成君5,,衛聲公8,中山桓公14,
-364,54,,石門之戰,周顯王5,齊桓公11,,秦獻公21,楚宣王6,趙成侯11,魏惠王6,韓共侯11,燕桓公9,魯共公19,,無餘11,宋剔成君6,,衛聲公9,中山桓公15,
-363,55,,,周顯王6,齊桓公12,,秦獻公22,楚宣王7,趙成侯12,魏惠王7,韓共侯12,燕桓公10,魯共公20,,無餘12,宋剔成君7,,衛聲公10,中山桓公16,
-362,56,,少梁之戰,周顯王7,齊桓公13,,秦獻公23,楚宣王8,趙成侯13,魏惠王8,韓昭僖侯1,燕桓公11,魯共公21,,無顓1,宋剔成君8,,衛聲公11,中山桓公17,
-361,57,,,周顯王8,齊桓公14,,秦孝公1,楚宣王9,趙成侯14,魏惠王9,韓昭僖侯2,燕文公1,魯共公22,,無顓2,宋剔成君9,,衛成君1,中山桓公18,
-360,58,,,周顯王9,齊桓公15,,秦孝公2,楚宣王10,趙成侯15,魏惠王10,韓昭僖侯3,燕文公2,魯共公23,,無顓3,宋剔成君10,,衛成君2,中山桓公19,
-359,59,,,周顯王10,齊桓公16,,秦孝公3,楚宣王11,趙成侯16,魏惠王11,韓昭僖侯4,燕文公3,魯共公24,,無顓4,宋剔成君11,,衛成君3,中山桓公20,
-358,60,,,周顯王11,齊桓公17,,秦孝公4,楚宣王12,趙成侯17,魏惠王12,韓昭僖侯5,燕文公4,魯共公25,,無顓5,宋剔成君12,,衛成君4,中山桓公21,
-357,1,,,周顯王12,齊桓公18,,秦孝公5,楚宣王13,趙成侯18,魏惠王13,韓昭僖侯6,燕文公5,魯共公26,,無顓6,宋剔成君13,,衛成君5,中山桓公22,
-356,2,,商鞅變法,周顯王13,齊威王1,,秦孝公6,楚宣王14,趙成侯19,魏惠王14,韓昭僖侯7,燕文公6,魯共公27,,無顓7,宋剔成君14,,衛成君6,中山桓公23,
-355,3,,,周顯王14,齊威王2,,秦孝公7,楚宣王15,趙成侯20,魏惠王15,韓昭僖侯8,燕文公7,魯共公28,,無顓8,宋剔成君15,,衛成君7,中山桓公24,
-354,4,,桂陵之戰,周顯王15,齊威王3,,秦孝公8,楚宣王16,趙成侯21,魏惠王16,韓昭僖侯9,燕文公8,魯共公29,,無彊1,宋剔成君16,,衛成君8,中山桓公25,
-353,5,,,周顯王16,齊威王4,,秦孝公9,楚宣王17,趙成侯22,魏惠王17,韓昭僖侯10,燕文公9,魯共公30,,無彊2,宋剔成君17,,衛成君9,中山桓公26,
-352,6,,,周顯王17,齊威王5,,秦孝公10,楚宣王18,趙成侯23,魏惠王18,韓昭僖侯11,燕文公10,魯康公1,,無彊3,宋剔成君18,,衛成君10,中山桓公27,
-351,7,,申不害變法,周顯王18,齊威王6,,秦孝公11,楚宣王19,趙成侯24,魏惠王19,韓昭僖侯12,燕文公11,魯康公2,,無彊4,宋剔成君19,,衛成君11,中山桓公28,
-350,8,,,周顯王19,齊威王7,,秦孝公12,楚宣王20,趙成侯25,魏惠王20,韓昭僖侯13,燕文公12,魯康公3,,無彊5,宋剔成君20,,衛成君12,中山桓公29,
-349,9,,,周顯王20,齊威王8,,秦孝公13,楚宣王21,趙肅侯1,魏惠王21,韓昭僖侯14,燕文公13,魯康公4,,無彊6,宋剔成君21,,衛成君13,中山桓公30,
-348,10,,,周顯王21,齊威王9,,秦孝公14,楚宣王22,趙肅侯2,魏惠王22,韓昭僖侯15,燕文公14,魯康公5,,無彊7,宋剔成君22,,衛成君14,中山桓公31,
-347,11,,,周顯王22,齊威王10,,秦孝公15,楚宣王23,趙肅侯3,魏惠王23,韓昭僖侯16,燕文公15,魯康公6,,無彊8,宋剔成君23,,衛成君15,中山桓公32,
-346,12,,,周顯王23,齊威王11,,秦孝公16,楚宣王24,趙肅侯4,魏惠王24,韓昭僖侯17,燕文公16,魯康公7,,無彊9,宋剔成君24,,衛成君16,中山桓公33,
-345,13,,,周顯王24,齊威王12,,秦孝公17,楚宣王25,趙肅侯5,魏惠王25,韓昭僖侯18,燕文公17,魯康公8,,無彊10,宋剔成君25,,衛成君17,中山桓公34,
-344,14,,逢澤之會,周顯王25,齊威王13,,秦孝公18,楚宣王26,趙肅侯6,魏惠王26,韓昭僖侯19,燕文公18,魯康公9,,無彊11,宋剔成君26,,衛成君18,中山桓公35,
-343,15,,,周顯王26,齊威王14,,秦孝公19,楚宣王27,趙肅侯7,魏惠王27,韓昭僖侯20,燕文公19,魯景公1,,無彊12,宋剔成君27,,衛成君19,中山桓公36,
-342,16,,,周顯王27,齊威王15,,秦孝公20,楚宣王28,趙肅侯8,魏惠王28,韓昭僖侯21,燕文公20,魯景公2,,無彊13,宋剔成君28,,衛成君20,中山桓公37,
-341,17,,馬陵之戰,周顯王28,齊威王16,,秦孝公21,楚宣王29,趙肅侯9,魏惠王29,韓昭僖侯22,燕文公21,魯景公3,,無彊14,宋剔成君29,,衛成君21,中山桓公38,
-340,18,,,周顯王29,齊威王17,,秦孝公22,楚宣王30,趙肅侯10,魏惠王30,韓昭僖侯23,燕文公22,魯景公4,,無彊15,宋剔成君30,,衛成君22,中山桓公39,
-339,19,,,周顯王30,齊威王18,,秦孝公23,楚威王1,趙肅侯11,魏惠王31,韓昭僖侯24,燕文公23,魯景公5,,無彊16,宋剔成君31,,衛成君23,中山成公2,
-338,20,,,周顯王31,齊威王19,,秦孝公24,楚威王2,趙肅侯12,魏惠王32,韓昭僖侯25,燕文公24,魯景公6,,無彊17,宋剔成君32,,衛成君24,中山成公3,
-337,21,,,周顯王32,齊威王20,,秦惠文王1,楚威王3,趙肅侯13,魏惠王33,韓昭僖侯26,燕文公25,魯景公7,,無彊18,宋剔成君33,,衛成君25,中山成公4,
-336,22,,,周顯王33,齊威王21,,秦惠文王2,楚威王4,趙肅侯14,魏惠王34,韓昭僖侯27,燕文公26,魯景公8,,無彊19,宋剔成君34,,衛成君26,中山成公5,
-335,23,,,周顯王34,齊威王22,,秦惠文王3,楚威王5,趙肅侯15,魏惠王35,韓昭僖侯28,燕文公27,魯景公9,,無彊20,宋剔成君35,,衛成君27,中山成公6,
-334,24,,徐州相王,周顯王35,齊威王23,,秦惠文王4,楚威王6,趙肅侯16,魏惠王36,韓昭僖侯29,燕文公28,魯景公10,,無彊21,宋剔成君36,,衛成君28,中山成公7,
-333,25,,楚滅越,周顯王36,齊威王24,,秦惠文王5,楚威王7,趙肅侯17,魏惠王37,韓昭僖侯30,燕文公29,魯景公11,,無彊22,宋剔成君37,,衛成君29,中山成公8,
-332,26,,,周顯王37,齊威王25,,秦惠文王6,楚威王8,趙肅侯18,魏惠王38,韓宣惠王1,燕易王1,魯景公12,,,宋剔成君38,,衛平君1,中山成公9,
-331,27,,,周顯王38,齊威王26,,秦惠文王7,楚威王9,趙肅侯19,魏惠王39,韓宣惠王2,燕易王2,魯景公13,,,宋剔成君39,,衛平君2,中山成公10,
-330,28,,雕陰之戰,周顯王39,齊威王27,,秦惠文王8,楚威王10,趙肅侯20,魏惠王40,韓宣惠王3,燕易王3,魯景公14,,,宋剔成君40,,衛平君3,中山成公11,
-329,29,,,周顯王40,齊威王28,,秦惠文王9,楚威王11,趙肅侯21,魏惠王41,韓宣惠王4,燕易王4,魯景公15,,,宋剔成君41,,衛平君4,中山成公12,
-328,30,,,周顯王41,齊威王29,,秦惠文王10,楚懷王1,趙肅侯22,魏惠王42,韓宣惠王5,燕易王5,魯景公16,,,宋康王1,,衛平君5,中山成公13,
-327,31,,,周顯王42,齊威王30,,秦惠文王11,楚懷王2,趙肅侯23,魏惠王43,韓宣惠王6,燕易王6,魯景公17,,,宋康王2,,衛平君6,中山成公14,
-326,32,,,周顯王43,齊威王31,,秦惠文王12,楚懷王3,趙肅侯24,魏惠王44,韓宣惠王7,燕易王7,魯景公18,,,宋康王3,,衛平君7,中山成公15,
-325,33,,,周顯王44,齊威王32,,秦惠文王13,楚懷王4,趙武靈王1,魏惠王45,韓宣惠王8,燕易王8,魯景公19,,,宋康王4,,衛平君8,中山成公16,
-324,34,,,周顯王45,齊威王33,,秦惠文王14,楚懷王5,趙武靈王2,魏惠王46,韓宣惠王9,燕易王9,魯景公20,,,宋康王5,,衛嗣君1,中山成公17,
-323,35,,五國相王,周顯王46,齊威王34,,秦惠文王15,楚懷王6,趙武靈王3,魏惠王47,韓宣惠王10,燕易王10,魯景公21,,,宋康王6,,衛嗣君2,中山成公18,
-322,36,,,周顯王47,齊威王35,,秦惠文王16,楚懷王7,趙武靈王4,魏惠王48,韓宣惠王11,燕易王11,魯平公1,,,宋康王7,,衛嗣君3,中山成公19,
-321,37,,,周顯王48,齊威王36,,秦惠文王17,楚懷王8,趙武靈王5,魏惠王49,韓宣惠王12,燕易王12,魯平公2,,,宋康王8,,衛嗣君4,中山成公20,
-320,38,,,周慎靚王1,齊威王37,,秦惠文王18,楚懷王9,趙武靈王6,魏惠王50,韓宣惠王13,燕王噲1,魯平公3,,,宋康王9,,衛嗣君5,中山王厝2,
-319,39,,,周慎靚王2,齊宣王1,,秦惠文王19,楚懷王10,趙武靈王7,魏惠王51,韓宣惠王14,燕王噲2,魯平公4,,,宋康王10,,衛嗣君6,中山王厝3,
-318,40,,函谷關之戰(公孫衍),周慎靚王3,齊宣王2,,秦惠文王20,楚懷王11,趙武靈王8,魏襄王1,韓宣惠王15,燕王噲3,魯平公5,,,宋康王11,,衛嗣君7,中山王厝4,
-317,41,,,周慎靚王4,齊宣王3,,秦惠文王21,楚懷王12,趙武靈王9,魏襄王2,韓宣惠王16,燕王噲4,魯平公6,,,宋康王12,,衛嗣君8,中山王厝5,
-316,42,,秦滅巴蜀之戰,周慎靚王5,齊宣王4,,秦惠文王22,楚懷王13,趙武靈王10,魏襄王3,韓宣惠王17,燕王噲5,魯平公7,,,宋康王13,,衛嗣君9,中山王厝6,
-315,43,,,周慎靚王6,齊宣王5,,秦惠文王23,楚懷王14,趙武靈王11,魏襄王4,韓宣惠王18,燕王噲6,魯平公8,,,宋康王14,,衛嗣君10,中山王厝7,
-314,44,,子之之亂,周赧王1,齊宣王6,,秦惠文王24,楚懷王15,趙武靈王12,魏襄王5,韓宣惠王19,燕王噲7,魯平公9,,,宋康王15,,衛嗣君11,中山王厝8,
-313,45,,,周赧王2,齊宣王7,,秦惠文王25,楚懷王16,趙武靈王13,魏襄王6,韓宣惠王20,燕王噲8,魯平公10,,,宋康王16,,衛嗣君12,中山王厝9,
-312,46,,藍田之戰,周赧王3,齊宣王8,,秦惠文王26,楚懷王17,趙武靈王14,魏襄王7,韓宣惠王21,燕王噲9,魯平公11,,,宋康王17,,衛嗣君13,中山王厝10,
-311,47,,,周赧王4,齊宣王9,,秦惠文王27,楚懷王18,趙武靈王15,魏襄王8,韓襄王1,燕昭王1,魯平公12,,,宋康王18,,衛嗣君14,中山王厝11,
-310,48,,,周赧王5,齊宣王10,,秦武王1,楚懷王19,趙武靈王16,魏襄王9,韓襄王2,燕昭王2,魯平公13,,,宋康王19,,衛嗣君15,中山王厝12,
-309,49,,,周赧王6,齊宣王11,,秦武王2,楚懷王20,趙武靈王17,魏襄王10,韓襄王3,燕昭王3,魯平公14,,,宋康王20,,衛嗣君16,中山王厝13,
-308,50,,宜陽之戰,周赧王7,齊宣王12,,秦武王3,楚懷王21,趙武靈王18,魏襄王11,韓襄王4,燕昭王4,魯平公15,,,宋康王21,,衛嗣君17,中山王厝14,
-307,51,,,周赧王8,齊宣王13,,秦武王4,楚懷王22,趙武靈王19,魏襄王12,韓襄王5,燕昭王5,魯平公16,,,宋康王22,,衛嗣君18,中山王厝15,
-306,52,,,周赧王9,齊宣王14,,秦昭襄王1,楚懷王23,趙武靈王20,魏襄王13,韓襄王6,燕昭王6,魯平公17,,,宋康王23,,衛嗣君19,中山王妾雌2,
-305,53,,,周赧王10,齊宣王15,,秦昭襄王2,楚懷王24,趙武靈王21,魏襄王14,韓襄王7,燕昭王7,魯平公18,,,宋康王24,,衛嗣君20,中山王妾雌3,
-304,54,,黃棘之盟,周赧王11,齊宣王16,,秦昭襄王3,楚懷王25,趙武靈王22,魏襄王15,韓襄王8,燕昭王8,魯平公19,,,宋康王25,,衛嗣君21,中山王妾雌4,
-303,55,,,周赧王12,齊宣王17,,秦昭襄王4,楚懷王26,趙武靈王23,魏襄王16,韓襄王9,燕昭王9,魯平公20,,,宋康王26,,衛嗣君22,中山王妾雌5,
-302,56,,,周赧王13,齊宣王18,,秦昭襄王5,楚懷王27,趙武靈王24,魏襄王17,韓襄王10,燕昭王10,魯緡公1,,,宋康王27,,衛嗣君23,中山王妾雌6,
-301,57,,垂沙之戰,周赧王14,齊宣王19,,秦昭襄王6,楚懷王28,趙武靈王25,魏襄王18,韓襄王11,燕昭王11,魯緡公2,,,宋康王28,,衛嗣君24,中山王妾雌7,
-300,58,,,周赧王15,齊閔王1,,秦昭襄王7,楚懷王29,趙武靈王26,魏襄王19,韓襄王12,燕昭王12,魯緡公3,,,宋康王29,,衛嗣君25,中山王妾雌8,
-299,59,,,周赧王16,齊閔王2,,秦昭襄王8,楚懷王30,趙武靈王27,魏襄王20,韓襄王13,燕昭王13,魯緡公4,,,宋康王30,,衛嗣君26,中山王妾雌9,
-298,60,,函谷關之戰(孟嘗君),周赧王17,齊閔王3,,秦昭襄王9,楚頃襄王1,趙武靈王28,魏襄王21,韓襄王14,燕昭王14,魯緡公5,,,宋康王31,,衛嗣君27,中山王尚1,
-297,1,,,周赧王18,齊閔王4,,秦昭襄王10,楚頃襄王2,趙惠文王2,魏襄王22,韓襄王15,燕昭王15,魯緡公6,,,宋康王32,,衛嗣君28,中山王尚2,
-296,2,,趙滅中山,周赧王19,齊閔王5,,秦昭襄王11,楚頃襄王3,趙惠文王3,魏襄王23,韓襄王16,燕昭王16,魯緡公7,,,宋康王33,,衛嗣君29,中山王尚3,
-295,3,,沙丘之亂,周赧王20,齊閔王6,,秦昭襄王12,楚頃襄王4,趙惠文王4,魏昭王1,韓釐王1,燕昭王17,魯緡公8,,,宋康王34,,衛嗣君30,,
-294,4,,,周赧王21,齊閔王7,,秦昭襄王13,楚頃襄王5,趙惠文王5,魏昭王2,韓釐王2,燕昭王18,魯緡公9,,,宋康王35,,衛嗣君31,,
-293,5,,伊闕之戰,周赧王22,齊閔王8,,秦昭襄王14,楚頃襄王6,趙惠文王6,魏昭王3,韓釐王3,燕昭王19,魯緡公10,,,宋康王36,,衛嗣君32,,
-292,6,,,周赧王23,齊閔王9,,秦昭襄王15,楚頃襄王7,趙惠文王7,魏昭王4,韓釐王4,燕昭王20,魯緡公11,,,宋康王37,,衛嗣君33,,
-291,7,,,周赧王24,齊閔王10,,秦昭襄王16,楚頃襄王8,趙惠文王8,魏昭王5,韓釐王5,燕昭王21,魯緡公12,,,宋康王38,,衛嗣君34,,
-290,8,,,周赧王25,齊閔王11,,秦昭襄王17,楚頃襄王9,趙惠文王9,魏昭王6,韓釐王6,燕昭王22,魯緡公13,,,宋康王39,,衛嗣君35,,
-289,9,,,周赧王26,齊閔王12,,秦昭襄王18,楚頃襄王10,趙惠文王10,魏昭王7,韓釐王7,燕昭王23,魯緡公14,,,宋康王40,,衛嗣君36,,
-288,10,,齊秦互帝,周赧王27,齊閔王13,,秦昭襄王19,楚頃襄王11,趙惠文王11,魏昭王8,韓釐王8,燕昭王24,魯緡公15,,,宋康王41,,衛嗣君37,,
-287,11,,,周赧王28,齊閔王14,,秦昭襄王20,楚頃襄王12,趙惠文王12,魏昭王9,韓釐王9,燕昭王25,魯緡公16,,,宋康王42,,衛嗣君38,,
-286,12,,齊滅宋,周赧王29,齊閔王15,,秦昭襄王21,楚頃襄王13,趙惠文王13,魏昭王10,韓釐王10,燕昭王26,魯緡公17,,,宋康王43,,衛嗣君39,,
-285,13,,,周赧王30,齊閔王16,,秦昭襄王22,楚頃襄王14,趙惠文王14,魏昭王11,韓釐王11,燕昭王27,魯緡公18,,,,,衛嗣君40,,
-284,14,,樂毅伐齊|濟西之戰,周赧王31,齊閔王17,,秦昭襄王23,楚頃襄王15,趙惠文王15,魏昭王12,韓釐王12,燕昭王28,魯緡公19,,,,,衛嗣君41,,
-283,15,,,周赧王32,齊襄王1,,秦昭襄王24,楚頃襄王16,趙惠文王16,魏昭王13,韓釐王13,燕昭王29,魯緡公20,,,,,衛嗣君42,,
-282,16,,,周赧王33,齊襄王2,,秦昭襄王25,楚頃襄王17,趙惠文王17,魏昭王14,韓釐王14,燕昭王30,魯緡公21,,,,,衛懷君1,,
-281,17,,完璧歸趙,周赧王34,齊襄王3,,秦昭襄王26,楚頃襄王18,趙惠文王18,魏昭王15,韓釐王15,燕昭王31,魯緡公22,,,,,衛懷君2,,
-280,18,,,周赧王35,齊襄王4,,秦昭襄王27,楚頃襄王19,趙惠文王19,魏昭王16,韓釐王16,燕昭王32,魯緡公23,,,,,衛懷君3,,
-279,19,,澠池之會|田單復國,周赧王36,齊襄王5,,秦昭襄王28,楚頃襄王20,趙惠文王20,魏昭王17,韓釐王17,燕昭王33,魯頃公1,,,,,衛懷君4,,
-278,20,,鄢郢之戰,周赧王37,齊襄王6,,秦昭襄王29,楚頃襄王21,趙惠文王21,魏昭王18,韓釐王18,燕惠王1,魯頃公2,,,,,衛懷君5,,
-277,21,,,周赧王38,齊襄王7,,秦昭襄王30,楚頃襄王22,趙惠文王22,魏昭王19,韓釐王19,燕惠王2,魯頃公3,,,,,衛懷君6,,
-276,22,,,周赧王39,齊襄王8,,秦昭襄王31,楚頃襄王23,趙惠文王23,魏安釐王1,韓釐王20,燕惠王3,魯頃公4,,,,,衛懷君7,,
-275,23,,,周赧王40,齊襄王9,,秦昭襄王32,楚頃襄王24,趙惠文王24,魏安釐王2,韓釐王21,燕惠王4,魯頃公5,,,,,衛懷君8,,
-274,24,,,周赧王41,齊襄王10,,秦昭襄王33,楚頃襄王25,趙惠文王25,魏安釐王3,韓釐王22,燕惠王5,魯頃公6,,,,,衛懷君9,,
-273,25,,華陽之戰,周赧王42,齊襄王11,,秦昭襄王34,楚頃襄王26,趙惠文王26,魏安釐王4,韓釐王23,燕惠王6,魯頃公7,,,,,衛懷君10,,
-272,26,,秦滅義渠,周赧王43,齊襄王12,,秦昭襄王35,楚頃襄王27,趙惠文王27,魏安釐王5,韓桓惠王1,燕惠王7,魯頃公8,,,,,衛懷君11,,
-271,27,,,周赧王44,齊襄王13,,秦昭襄王36,楚頃襄王28,趙惠文王28,魏安釐王6,韓桓惠王2,燕武成王1,魯頃公9,,,,,衛懷君12,,
-270,28,,,周赧王45,齊襄王14,,秦昭襄王37,楚頃襄王29,趙惠文王29,魏安釐王7,韓桓惠王3,燕武成王2,魯頃公10,,,,,衛懷君13,,
-269,29,,閼與之戰,周赧王46,齊襄王15,,秦昭襄王38,楚頃襄王30,趙惠文王30,魏安釐王8,韓桓惠王4,燕武成王3,魯頃公11,,,,,衛懷君14,,
-268,30,,,周赧王47,齊襄王16,,秦昭襄王39,楚頃襄王31,趙惠文王31,魏安釐王9,韓桓惠王5,燕武成王4,魯頃公12,,,,,衛懷君15,,
-267,31,,,周赧王48,齊襄王17,,秦昭襄王40,楚頃襄王32,趙惠文王32,魏安釐王10,韓桓惠王6,燕武成王5,魯頃公13,,,,,衛懷君16,,
-266,32,,,周赧王49,齊襄王18,,秦昭襄王41,楚頃襄王33,趙惠文王33,魏安釐王11,韓桓惠王7,燕武成王6,魯頃公14,,,,,衛懷君17,,
-265,33,,,周赧王50,齊襄王19,,秦昭襄王42,楚頃襄王34,趙孝成王1,魏安釐王12,韓桓惠王8,燕武成王7,魯頃公15,,,,,衛懷君18,,
-264,34,,,周赧王51,齊廢王1,,秦昭襄王43,楚頃襄王35,趙孝成王2,魏安釐王13,韓桓惠王9,燕武成王8,魯頃公16,,,,,衛懷君19,,
-263,35,,,周赧王52,齊廢王2,,秦昭襄王44,楚頃襄王36,趙孝成王3,魏安釐王14,韓桓惠王10,燕武成王9,魯頃公17,,,,,衛懷君20,,
-262,36,,,周赧王53,齊廢王3,,秦昭襄王45,楚考烈王1,趙孝成王4,魏安釐王15,韓桓惠王11,燕武成王10,魯頃公18,,,,,衛懷君21,,
-261,37,,,周赧王54,齊廢王4,,秦昭襄王46,楚考烈王2,趙孝成王5,魏安釐王16,韓桓惠王12,燕武成王11,魯頃公19,,,,,衛懷君22,,
-260,38,,長平之戰,周赧王55,齊廢王5,,秦昭襄王47,楚考烈王3,趙孝成王6,魏安釐王17,韓桓惠王13,燕武成王12,魯頃公20,,,,,衛懷君23,,
-259,39,,,周赧王56,齊廢王6,,秦昭襄王48,楚考烈王4,趙孝成王7,魏安釐王18,韓桓惠王14,燕武成王13,魯頃公21,,,,,衛懷君24,,
-258,40,,,周赧王57,齊廢王7,,秦昭襄王49,楚考烈王5,趙孝成王8,魏安釐王19,韓桓惠王15,燕武成王14,魯頃公22,,,,,衛懷君25,,
-257,41,,邯鄲之戰,周赧王58,齊廢王8,,秦昭襄王50,楚考烈王6,趙孝成王9,魏安釐王20,韓桓惠王16,燕孝王1,魯頃公23,,,,,衛懷君26,,
-256,42,,秦滅周,周赧王59,齊廢王9,,秦昭襄王51,楚考烈王7,趙孝成王10,魏安釐王21,韓桓惠王17,燕孝王2,魯頃公24,,,,,衛懷君27,,
-255,43,,,,齊廢王10,,秦昭襄王52,楚考烈王8,趙孝成王11,魏安釐王22,韓桓惠王18,燕孝王3,魯頃公25,,,,,衛懷君28,,
-254,44,,,,齊廢王11,,秦昭襄王53,楚考烈王9,趙孝成王12,魏安釐王23,韓桓惠王19,燕王喜1,魯頃公26,,,,,衛懷君29,,
-253,45,,,,齊廢王12,,秦昭襄王54,楚考烈王10,趙孝成王13,魏安釐王24,韓桓惠王20,燕王喜2,魯頃公27,,,,,衛懷君30,,
-252,46,,,,齊廢王13,,秦昭襄王55,楚考烈王11,趙孝成王14,魏安釐王25,韓桓惠王21,燕王喜3,魯頃公28,,,,,衛元君1,,
-251,47,,鄗代之戰,,齊廢王14,,秦昭襄王56,楚考烈王12,趙孝成王15,魏安釐王26,韓桓惠王22,燕王喜4,魯頃公29,,,,,衛元君2,,
-250,48,,,,齊廢王15,,秦孝文王1,楚考烈王13,趙孝成王16,魏安釐王27,韓桓惠王23,燕王喜5,魯頃公30,,,,,衛元君3,,
-249,49,,楚滅魯,,齊廢王16,,秦莊襄王1,楚考烈王14,趙孝成王17,魏安釐王28,韓桓惠王24,燕王喜6,魯頃公31,,,,,衛元君4,,
-248,50,,,,齊廢王17,,秦莊襄王2,楚考烈王15,趙孝成王18,魏安釐王29,韓桓惠王25,燕王喜7,,,,,,衛元君5,,
-247,51,,河外之戰,,齊廢王18,,秦莊襄王3,楚考烈王16,趙孝成王19,魏安釐王30,韓桓惠王26,燕王喜8,,,,,,衛元君6,,
-246,52,,修建鄭國渠,,齊廢王19,,秦王政1,楚考烈王17,趙孝成王20,魏安釐王31,韓桓惠王27,燕王喜9,,,,,,衛元君7,,
-245,53,,,,齊廢王20,,秦王政2,楚考烈王18,趙孝成王21,魏安釐王32,韓桓惠王28,燕王喜10,,,,,,衛元君8,,
-244,54,,趙破匈奴之戰,,齊廢王21,,秦王政3,楚考烈王19,趙悼襄王1,魏安釐王33,韓桓惠王29,燕王喜11,,,,,,衛元君9,,
-243,55,,,,齊廢王22,,秦王政4,楚考烈王20,趙悼襄王2,魏安釐王34,韓桓惠王30,燕王喜12,,,,,,衛元君10,,
-242,56,,,,齊廢王23,,秦王政5,楚考烈王21,趙悼襄王3,魏景湣王1,韓桓惠王31,燕王喜13,,,,,,衛元君11,,
-241,57,,函谷關之戰(龐煖),,齊廢王24,,秦王政6,楚考烈王22,趙悼襄王4,魏景湣王2,韓桓惠王32,燕王喜14,,,,,,衛元君12,,
-240,58,,,,齊廢王25,,秦王政7,楚考烈王23,趙悼襄王5,魏景湣王3,韓桓惠王33,燕王喜15,,,,,,衛元君13,,
-239,59,,,,齊廢王26,,秦王政8,楚考烈王24,趙悼襄王6,魏景湣王4,韓桓惠王34,燕王喜16,,,,,,衛元君14,,
-238,60,,嫪毐之亂,,齊廢王27,,秦王政9,楚考烈王25,趙悼襄王7,魏景湣王5,韓王安1,燕王喜17,,,,,,衛元君15,,
-237,1,,諫逐客書,,齊廢王28,,秦王政10,楚幽王1,趙悼襄王8,魏景湣王6,韓王安2,燕王喜18,,,,,,衛元君16,,
-236,2,,,,齊廢王29,,秦王政11,楚幽王2,趙悼襄王9,魏景湣王7,韓王安3,燕王喜19,,,,,,衛元君17,,
-235,3,,,,齊廢王30,,秦王政12,楚幽王3,趙幽繆王1,魏景湣王8,韓王安4,燕王喜20,,,,,,衛元君18,,
-234,4,,,,齊廢王31,,秦王政13,楚幽王4,趙幽繆王2,魏景湣王9,韓王安5,燕王喜21,,,,,,衛元君19,,
-233,5,,肥之戰,,齊廢王32,,秦王政14,楚幽王5,趙幽繆王3,魏景湣王10,韓王安6,燕王喜22,,,,,,衛元君20,,
-232,6,,,,齊廢王33,,秦王政15,楚幽王6,趙幽繆王4,魏景湣王11,韓王安7,燕王喜23,,,,,,衛元君21,,
-231,7,,,,齊廢王34,,秦王政16,楚幽王7,趙幽繆王5,魏景湣王12,韓王安8,燕王喜24,,,,,,衛元君22,,
-230,8,,秦滅韓,,齊廢王35,,秦王政17,楚幽王8,趙幽繆王6,魏景湣王13,韓王安9,燕王喜25,,,,,,衛元君23,,
-229,9,,秦破趙,,齊廢王36,,秦王政18,楚幽王9,趙幽繆王7,魏景湣王14,,燕王喜26,,,,,,衛君角1,,
-228,10,,,,齊廢王37,,秦王政19,楚幽王10,趙幽繆王8,魏景湣王15,,燕王喜27,,,,,,衛君角2,,
-227,11,,荊軻刺秦王,,齊廢王38,,秦王政20,楚王負芻1,代王嘉1,魏王假1,,燕王喜28,,,,,,衛君角3,,
-226,12,,,,齊廢王39,,秦王政21,楚王負芻2,代王嘉2,魏王假2,,燕王喜29,,,,,,衛君角4,,
-225,13,,秦滅魏,,齊廢王40,,秦王政22,楚王負芻3,代王嘉3,魏王假3,,燕王喜30,,,,,,衛君角5,,
-224,14,,,,齊廢王41,,秦王政23,楚王負芻4,代王嘉4,,,燕王喜31,,,,,,衛君角6,,
-223,15,,秦滅楚,,齊廢王42,,秦王政24,楚王負芻5,代王嘉5,,,燕王喜32,,,,,,衛君角7,,
-222,16,,秦滅燕|秦滅趙,,齊廢王43,,秦王政25,,代王嘉6,,,燕王喜33,,,,,,衛君角8,,
-221,17,秦朝,秦滅齊,,齊廢王44,,秦始皇1,,,,,,,,,,,衛君角9,,
-220,18,,,,,,秦始皇2,,,,,,,,,,,衛君角10,,
-219,19,,泰山封禪|第一次秦攻百越之戰,,,,秦始皇3,,,,,,,,,,,衛君角11,,
-218,20,,博浪沙刺秦,,,,秦始皇4,,,,,,,,,,,衛君角12,,
-217,21,,,,,,秦始皇5,,,,,,,,,,,衛君角13,,
-216,22,,,,,,秦始皇6,,,,,,,,,,,衛君角14,,
-215,23,,,,,,秦始皇7,,,,,,,,,,,衛君角15,,
-214,24,,靈渠建成|第二次秦攻百越之戰,,,,秦始皇8,,,,,,,,,,,衛君角16,,
-213,25,,焚書,,,,秦始皇9,,,,,,,,,,,衛君角17,,
-212,26,,坑儒,,,,秦始皇10,,,,,,,,,,,衛君角18,,
-211,27,,,,,,秦始皇11,,,,,,,,,,,衛君角19,,
-210,28,,,,,,秦始皇12,,,,,,,,,,,衛君角20,,
-209,29,,陳勝吳廣起義,,,,秦二世1,,,,,,,,,,,衛君角21,,
-208,30,,,,,,秦二世2,,,,,,,,,,,,,
-207,31,,鉅鹿之戰|望夷宮之變,,,,秦二世3,,,,,,,,,,,,,
-206,32,楚漢,秦亡|鴻門宴|西楚霸王,,,,子嬰1,,,,,,,,,,,,,
